id,decision,reason_or_question,name,listing_type,google_category,area,sub_area,rating,reviews,phone,email,other_emails_on_site,website,google_maps,ages_from,ages_to,curriculum,licensed_by,evidence_ages,evidence_curriculum,evidence_licence,details_source,notes
793,keep,"public kindergarten (KG, ages 4-6) - same question as the Al Ain kindergartens [user 2026-10-07: keep]",Al Thuraya KG,preschool,Preschool,Al Bahia,,4,17,+971 2 411 9188,,contact@tamm.abudhabi,http://adek.gov.ae/,"https://www.google.com/maps/place/Al+Thuraya+KG/@24.5425598,54.6318092,17z/data=!3m1!4b1!4m6!3m5!1s0x3e5e503d85f87a45:0x953b367b7ec1b9c!8m2!3d24.5425598!4d54.6318092!16s%2Fg%2F11cm0g4lrw?authuser=0&hl=en&entry=ttu&g_ep=EgoyMDI2MDkzMC4wIKXMDSoASAFQAw%3D%3D",,,,,,,,http://adek.gov.ae/,website is the ADEK home page
665,remove,"'Gameawn' - no reviews, no website; name doesn't sound like a nursery",Gameawn,preschool,Playgroup,Al Bateen,,,0,+971 52 718 2876,,,,"https://www.google.com/maps/place/Gameawn/@24.4459846,54.3562825,17z/data=!3m1!4b1!4m6!3m5!1s0x3e5e69561ef65263:0x51c12863509f1730!8m2!3d24.4459846!4d54.3562825!16s%2Fg%2F11xs45lsvw?authuser=0&hl=en&entry=ttu&g_ep=EgoyMDI2MDkzMC4wIKXMDSoASAFQAw%3D%3D",,,,,,,,,
568,remove,'Blitz Education' - may be a tuition centre; website is only WhatsApp,Blitz Education,preschool,Preschool,Al Danah,,5,43,+971 50 612 4540,,,https://api.whatsapp.com/send/?phone=971506124540&text=Hello+Blitz+Team%2C+%0D%0AI+want+to+know+more+about+Blitz+Education.&type=phone_number&app_absent=0,"https://www.google.com/maps/place/Blitz+Education/@24.4894074,54.3721914,17z/data=!3m1!4b1!4m6!3m5!1s0x3e5e6731367d79e1:0xd331e4f3a54d8e52!8m2!3d24.4894074!4d54.3721914!16s%2Fg%2F11y0qx2t87?authuser=0&hl=en&entry=ttu&g_ep=EgoyMDI2MDkzMC4wIKXMDSoASAFQAw%3D%3D",,,,,,,,,
553,keep,may be an activity / skills centre rather than a nursery,Casa de amigos,preschool,Playgroup,Al Danah,,4.6,19,+971 56 991 7220,info@casadeamigos.ae,,https://casadeamigos.ae/,"https://www.google.com/maps/place/Casa+de+amigos/@24.4905673,54.3718793,17z/data=!3m1!4b1!4m6!3m5!1s0x67fb22804f64de5:0x710a26874e88faba!8m2!3d24.4905673!4d54.3718793!16s%2Fg%2F11yzp4hz5l?authuser=0&hl=en&entry=ttu&g_ep=EgoyMDI2MDkzMC4wIKXMDSoASAFQAw%3D%3D",1 years,6 years,,,We welcome children from 1 to 6 years,,,https://casadeamigos.ae/,"also runs programmes for ages 3-12 and 4-12 ('Mind Builders', 'Cognitive Explorers')"
518,keep,'Children Development Center' - possibly the skills-centre licence (not caught by the rule),Hello Kids Children Development center Branch-2,daycare,Day care center,Al Danah,,4.9,28,+971 50 854 0065,,,,"https://www.google.com/maps/place/Hello+Kids+Children+Development+center+Branch-2/@24.4743867,54.3739742,17z/data=!3m1!4b1!4m6!3m5!1s0x3e5e6923818bd14b:0x3421e0b337d22edf!8m2!3d24.4743867!4d54.3739742!16s%2Fg%2F11kc23q2dc?authuser=0&hl=en&entry=ttu&g_ep=EgoyMDI2MDkzMC4wIKXMDSoASAFQAw%3D%3D",,,,,,,,,
618,remove,'Indian Community Kindergarten' - private kindergarten / school?,Indian Community Kindergarten,preschool,Kindergarten,Al Danah,,4,4,+971 50 183 8317,,,,"https://www.google.com/maps/place/Indian+Community+Kindergarten/@24.4748335,54.3694024,17z/data=!3m1!4b1!4m6!3m5!1s0x3e5e663e1724e8d1:0x42f94b2de0d544e5!8m2!3d24.4748335!4d54.3694024!16s%2Fg%2F11bbwnw5dj?authuser=0&hl=en&entry=ttu&g_ep=EgoyMDI2MDkzMC4wIKXMDSoASAFQAw%3D%3D",,,,,,,,,
616,remove,"no reviews, no website - check it exists",Kidgrow Daycare,daycare,Day care center,Al Danah,,,0,+971 52 627 7040,,,,"https://www.google.com/maps/place/Kidgrow+Daycare/@24.482772,54.3841183,17z/data=!3m1!4b1!4m6!3m5!1s0x3e5e6730130b6579:0x52daabf4e3538ca7!8m2!3d24.482772!4d54.3841183!16s%2Fg%2F11pdprxxmk?authuser=0&hl=en&entry=ttu&g_ep=EgoyMDI2MDkzMC4wIKXMDSoASAFQAw%3D%3D",,,,,,,,,
620,remove,"no reviews, no website - check it exists",Mix and Mingle,preschool,Preschool,Al Danah,,,0,,,,,"https://www.google.com/maps/place/Mix+and+Mingle/@24.4902599,54.3715766,17z/data=!3m1!4b1!4m6!3m5!1s0x3e5e675e2c06f7f1:0x86637d0b80a51060!8m2!3d24.4902599!4d54.3715766!16s%2Fg%2F11qbjqnnmm?authuser=0&hl=en&entry=ttu&g_ep=EgoyMDI2MDkzMC4wIKXMDSoASAFQAw%3D%3D",,,,,,,,,
504,keep,"'Nursery & Kids Development Center' - name says nursery, but may hold the skills-centre licence","Smartyca : Nursery & Kids Development Center : Hamdan St, Abu Dhabi",preschool,Preschool,Al Danah,,4.8,126,+971 54 995 2181,,,https://smartyca.com/,"https://www.google.com/maps/place/Smartyca+:+Nursery+%26+Kids+Development+Center+:+Hamdan+St,+Abu+Dhabi/@24.4930751,54.3687342,17z/data=!3m1!4b1!4m6!3m5!1s0x3e5e67f1955b5a15:0x71afb44b09cd5b7a!8m2!3d24.4930751!4d54.3687342!16s%2Fg%2F11vpfrcvtt?authuser=0&hl=en&entry=ttu&g_ep=EgoyMDI2MDkzMC4wIKXMDSoASAFQAw%3D%3D",,,,,,,,,
783,keep,public nursery run by ADEK (Al Ghad Nurseries) - include?,Al Ghad Nurseries Al Falah 1,preschool,Kindergarten,Al Falah,,4.1,77,+971 2 584 4509,,,,"https://www.google.com/maps/place/Al+Ghad+Nurseries+Al+Falah+1/@24.4434051,54.7358112,17z/data=!3m1!4b1!4m6!3m5!1s0x3e5e4b002ea303ed:0x7a55f5a70c8b581e!8m2!3d24.4434051!4d54.7358112!16s%2Fg%2F11y4ts6yb5?authuser=0&hl=en&entry=ttu&g_ep=EgoyMDI2MDkzMC4wIKXMDSoASAFQAw%3D%3D",3 months,4 years,,ADEK,Children between the ages 3 months to 4 years (ADEK page on Al Ghad Nurseries),,Al Ghad Nurseries are ADEK's public nurseries,https://adek.gov.ae/,
728,keep,public nursery run by ADEK (Al Ghad Nurseries) - include?,Al Ghad Nurseries Al Falah 2,preschool,Kindergarten,Al Falah,,3.5,30,+971 2 584 4472,,,,"https://www.google.com/maps/place/Al+Ghad+Nurseries+Al+Falah+2/@24.4208314,54.7210212,17z/data=!3m1!4b1!4m6!3m5!1s0x3e5e4a4845f5e91d:0xb8279b5ae1850579!8m2!3d24.4208314!4d54.7210212!16s%2Fg%2F11c5g0t41b?authuser=0&hl=en&entry=ttu&g_ep=EgoyMDI2MDkzMC4wIKXMDSoASAFQAw%3D%3D",3 months,4 years,,ADEK,Children between the ages 3 months to 4 years (ADEK page on Al Ghad Nurseries),,Al Ghad Nurseries are ADEK's public nurseries,https://adek.gov.ae/,
782,remove,nursery of a K-12 school group (International Community Schools) - in scope?,International Community Schools - ICS Nursery Al Falah,preschool,Nursery school,Al Falah,,3.7,6,+971 600 555222,headoffice@icschools.ae,,https://nursery.icschools.ae/,"https://www.google.com/maps/place/International+Community+Schools+-+ICS+Nursery+Al+Falah/@24.4390154,54.7312555,17z/data=!3m1!4b1!4m6!3m5!1s0x3e5e4b0f67311987:0x98961c4823b3ee40!8m2!3d24.4390154!4d54.7312555!16s%2Fg%2F11kpk78bff?authuser=0&hl=en&entry=ttu&g_ep=EgoyMDI2MDkzMC4wIKXMDSoASAFQAw%3D%3D",,,,,,"the ICS group runs British, American and IB schools; the nursery's own curriculum isn't stated",,https://nursery.icschools.ae/,website is the ICS schools group
781,keep,public nursery run by ADEK (Al Ghad Nurseries) - include?,حضانات الغد - الفلاح 3 | Al Ghad Nurseries - Al Falah 3,preschool,Nursery school,Al Falah,,4,4,+971 2 513 2599,,contact@tamm.abudhabi,https://adek.gov.ae/,"https://www.google.com/maps/place/%D8%AD%D8%B6%D8%A7%D9%86%D8%A7%D8%AA+%D8%A7%D9%84%D8%BA%D8%AF+-+%D8%A7%D9%84%D9%81%D9%84%D8%A7%D8%AD+3+%7C+Al+Ghad+Nurseries+-+Al+Falah+3%E2%80%AD/@24.4246776,54.7494086,17z/data=!3m1!4b1!4m6!3m5!1s0x3e5e4b6dd9503f91:0x58799af3f807aca7!8m2!3d24.4246776!4d54.7494086!16s%2Fg%2F11xsbbjvq9?authuser=0&hl=en&entry=ttu&g_ep=EgoyMDI2MDkzMC4wIKXMDSoASAFQAw%3D%3D",3 months,4 years,,ADEK,Children between the ages 3 months to 4 years (ADEK page on Al Ghad Nurseries),,Al Ghad Nurseries are ADEK's public nurseries,https://adek.gov.ae/,website is the ADEK home page; the TAMM contact address is not used
656,remove,kindergarten - public or private?,Atfal Abu Dhabi KG,preschool,Kindergarten,Al Manhal,,4.1,24,+971 2 411 9537,,,,"https://www.google.com/maps/place/Atfal+Abu+Dhabi+KG/@24.463574,54.3673977,17z/data=!3m1!4b1!4m6!3m5!1s0x3e5e6618a8a61865:0x2e0bd8403e446aa6!8m2!3d24.463574!4d54.3673977!16s%2Fg%2F11fzf1kjf4?authuser=0&hl=en&entry=ttu&g_ep=EgoyMDI2MDkzMC4wIKXMDSoASAFQAw%3D%3D",,,,,,,,,
653,remove,"no reviews, no website - check it exists",Hamza’s nursery,preschool,Kindergarten,Al Manhal,,,0,,,,,"https://www.google.com/maps/place/Hamza%E2%80%99s+nursery/@24.4643613,54.3679155,17z/data=!3m1!4b1!4m6!3m5!1s0x3e5e671dbdad0663:0x9f474a67b7c5ef94!8m2!3d24.4643613!4d54.3679155!16s%2Fg%2F11smdr5g01?authuser=0&hl=en&entry=ttu&g_ep=EgoyMDI2MDkzMC4wIKXMDSoASAFQAw%3D%3D",,,,,,,,,
664,remove,"no reviews, no website - check it exists",kidbirds,daycare,Day care center,Al Manhal,,,0,+971 54 488 0913,,,,"https://www.google.com/maps/place/kidbirds/@24.4590213,54.3805297,17z/data=!3m1!4b1!4m6!3m5!1s0x3e5e671368fcc8eb:0xdd16fd3596c55a2e!8m2!3d24.4590213!4d54.3805297!16s%2Fg%2F11t9bj3k2y?authuser=0&hl=en&entry=ttu&g_ep=EgoyMDI2MDkzMC4wIKXMDSoASAFQAw%3D%3D",,,,,,,,,
576,keep,may be a tuition centre,Abu Dhabi Happy Kids Preschool,preschool,Preschool,Al Markaziyah,,,0,+971 50 612 1702,,,https://www.abu-dhabi-happy-kids-preschool-tuition-center.com/,"https://www.google.com/maps/place/Abu+Dhabi+Happy+Kids+Preschool/@24.4903652,54.3608372,17z/data=!3m1!4b1!4m6!3m5!1s0x3e5e671b02d65193:0xec64a1b59e25547e!8m2!3d24.4903652!4d54.3608372!16s%2Fg%2F11zbk6z5db?authuser=0&hl=en&entry=ttu&g_ep=EgoyMDI2MDkzMC4wIKXMDSoASAFQAw%3D%3D",,,,,,,,https://www.abu-dhabi-happy-kids-preschool-tuition-center.com/,website is dead (404); domain says 'preschool-tuition-center'
591,keep,'Children Development Center' - possibly the skills-centre licence (not caught by the rule),Hello Kids Children Development center Branch-3,daycare,Day care center,Al Muroor,,5,39,+971 55 224 1675,,,,"https://www.google.com/maps/place/Hello+Kids+Children+Development+center+Branch-3/@24.4322749,54.4366139,17z/data=!3m1!4b1!4m6!3m5!1s0x3e5e6983bc6cb88b:0x8ff480becedf2ae6!8m2!3d24.4322749!4d54.4366139!16s%2Fg%2F11y8v2nnqg?authuser=0&hl=en&entry=ttu&g_ep=EgoyMDI2MDkzMC4wIKXMDSoASAFQAw%3D%3D",,,,,,,,,
610,keep,"home daycare, no reviews, no website - may be unlicensed",Zainab Home Daycare,daycare,Day care center,Al Muroor,,,0,,,,,"https://www.google.com/maps/place/Zainab+Home+Daycare/@24.4504199,54.4014595,17z/data=!3m1!4b1!4m6!3m5!1s0x3e5e69ef2ffd7533:0x8f29e9abcf136baa!8m2!3d24.4504199!4d54.4014595!16s%2Fg%2F11nj6zd6qy?authuser=0&hl=en&entry=ttu&g_ep=EgoyMDI2MDkzMC4wIKXMDSoASAFQAw%3D%3D",,,,,,,,,
649,keep,charter kindergarten (ADEK Charter Schools),Al Mushrif KG - Charter Schools,preschool,Kindergarten,Al Mushrif,,3.8,51,+971 2 310 5900,,,https://www.adek.gov.ae/en/Education-System/Charter-Schools/Catchment-Area/Al-Mushrif-KG,"https://www.google.com/maps/place/Al+Mushrif+KG+-+Charter+Schools/@24.4386728,54.4027985,17z/data=!3m1!4b1!4m6!3m5!1s0x3e5e6865df1727c1:0xa87e021dbf94b29e!8m2!3d24.4386728!4d54.4027985!16s%2Fg%2F11dy1ps9hd?authuser=0&hl=en&entry=ttu&g_ep=EgoyMDI2MDkzMC4wIKXMDSoASAFQAw%3D%3D",,,,,,,,,
569,keep,'Stay & Play' - may be a play centre rather than a nursery,Kiddie Kingdom - Stay & Play,preschool,Montessori preschool,Al Nahyan,,5,56,+971 55 988 2007,,,http://www.kiddiekingdom.ae/,"https://www.google.com/maps/place/Kiddie+Kingdom+-+Stay+%26+Play/@24.4654704,54.385253,17z/data=!3m1!4b1!4m6!3m5!1s0x3e5e670056c3599b:0xb731bf55b72e7def!8m2!3d24.4654704!4d54.385253!16s%2Fg%2F11lyxy79f6?authuser=0&hl=en&entry=ttu&g_ep=EgoyMDI2MDkzMC4wIKXMDSoASAFQAw%3D%3D",,,,,,,,,
786,keep,kindergarten - probably public [user 2026-10-07: keep],Al Ebtehal KG روضة الابتهال,preschool,Preschool,Al Rahba,,4.5,22,+971 2 411 9243,,,,"https://www.google.com/maps/place/Al+Ebtehal+KG+%D8%B1%D9%88%D8%B6%D8%A9+%D8%A7%D9%84%D8%A7%D8%A8%D8%AA%D9%87%D8%A7%D9%84%E2%80%AD/@24.5906502,54.6982449,17z/data=!3m1!4b1!4m6!3m5!1s0x3e5e53d50ffadf5b:0x7157d6b346199fbc!8m2!3d24.5906502!4d54.6982449!16s%2Fg%2F11b8zw8s1w?authuser=0&hl=en&entry=ttu&g_ep=EgoyMDI2MDkzMC4wIKXMDSoASAFQAw%3D%3D",,,,,,,,,
627,remove,"no reviews, no website - check it exists [user 2026-10-07: remove]",DEWDROPS DAYCARE,daycare,Day care center,Al Reem Island,,,0,,,,,"https://www.google.com/maps/place/DEWDROPS+DAYCARE/@24.493071,54.4092606,17z/data=!3m1!4b1!4m6!3m5!1s0x3e5e47dfe1b1cb77:0x5a597af473201908!8m2!3d24.493071!4d54.4092606!16s%2Fg%2F11vldr618v?authuser=0&hl=en&entry=ttu&g_ep=EgoyMDI2MDkzMC4wIKXMDSoASAFQAw%3D%3D",,,,,,,,,
792,keep,kindergarten - probably public (website is a Telegram channel) [user 2026-10-07: keep],Al Morjan Kindergarten,preschool,Preschool,Al Samha,,4.9,50,+971 2 411 9020,,,https://t.me/almorjan_kg,"https://www.google.com/maps/place/Al+Morjan+Kindergarten/@24.675045,54.759486,17z/data=!3m1!4b1!4m6!3m5!1s0x3e5e54e8ec227a3d:0x730f0edff7551793!8m2!3d24.675045!4d54.759486!16s%2Fg%2F11bbwpv088?authuser=0&hl=en&entry=ttu&g_ep=EgoyMDI2MDkzMC4wIKXMDSoASAFQAw%3D%3D",,,,,,,,,
791,keep,kindergarten - probably public [user 2026-10-07: keep],AlAmal Kindergarten,preschool,Preschool,Al Shahama,,4.5,24,+971 2 411 9030,,,,"https://www.google.com/maps/place/AlAmal+Kindergarten/@24.5242931,54.6844129,17z/data=!3m1!4b1!4m6!3m5!1s0x3e5e4e12f1f3b861:0x63361dbf53e79a1d!8m2!3d24.5242931!4d54.6844129!16s%2Fg%2F12j4lcbv0?authuser=0&hl=en&entry=ttu&g_ep=EgoyMDI2MDkzMC4wIKXMDSoASAFQAw%3D%3D",,,,,,,,,
790,keep,kindergarten - probably public [user 2026-10-07: keep],Alyasat Kindergarten,preschool,Educational institution,Al Shahama,,3.6,16,+971 2 411 9532,,,,"https://www.google.com/maps/place/Alyasat+Kindergarten/@24.5543064,54.6840429,17z/data=!3m1!4b1!4m6!3m5!1s0x3e5e51e380885d19:0x2126ab13b57aa6dc!8m2!3d24.5543064!4d54.6840429!16s%2Fg%2F12hlrxz5v?authuser=0&hl=en&entry=ttu&g_ep=EgoyMDI2MDkzMC4wIKXMDSoASAFQAw%3D%3D",,,,,,,,,
767,keep,kindergarten - probably public [user 2026-10-07: keep],Al bedaya kindergarten,preschool,Preschool,Al Shamkha,,4.3,12,+971 2 411 9080,,,,"https://www.google.com/maps/place/Al+bedaya+kindergarten/@24.386203,54.7319555,17z/data=!3m1!4b1!4m6!3m5!1s0x3e5e4a1000000001:0x3588c47963e54f97!8m2!3d24.386203!4d54.7319555!16s%2Fg%2F11c61275c7?authuser=0&hl=en&entry=ttu&g_ep=EgoyMDI2MDkzMC4wIKXMDSoASAFQAw%3D%3D",,,,,,,,,
765,keep,public nursery run by ADEK (Al Ghad Nurseries) - include? (may duplicate 766) [user 2026-10-07: keep],Al ghad nursery,preschool,Nursery school,Al Shamkha,,3,2,,,,,"https://www.google.com/maps/place/Al+ghad+nursery/@24.3672993,54.6898318,17z/data=!3m1!4b1!4m6!3m5!1s0x3e5e4b0055a25445:0x79a0373ab373c120!8m2!3d24.3672993!4d54.6898318!16s%2Fg%2F11y68dcbvn?authuser=0&hl=en&entry=ttu&g_ep=EgoyMDI2MDkzMC4wIKXMDSoASAFQAw%3D%3D",3 months,4 years,,ADEK,Children between the ages 3 months to 4 years (ADEK page on Al Ghad Nurseries),,Al Ghad Nurseries are ADEK's public nurseries,https://adek.gov.ae/,
764,keep,kindergarten - probably public [user 2026-10-07: keep],Al Jeel Kindergarten,preschool,Kindergarten,Al Shamkha,,3.8,38,,,,,"https://www.google.com/maps/place/Al+Jeel+Kindergarten/@24.3921742,54.7003816,17z/data=!3m1!4b1!4m6!3m5!1s0x3e5e4a02d7b8e46b:0xdc5efb49fccbeed9!8m2!3d24.3921742!4d54.7003816!16s%2Fg%2F11c3tz31qm?authuser=0&hl=en&entry=ttu&g_ep=EgoyMDI2MDkzMC4wIKXMDSoASAFQAw%3D%3D",,,,,,,,,
777,keep,kindergarten - probably public [user 2026-10-07: keep],Bonat Al Ghad Kindergarten,preschool,Kindergarten,Al Shamkha,,4,32,+971 2 411 9150,,,https://uae-plate.azurewebsites.net/,"https://www.google.com/maps/place/Bonat+Al+Ghad+Kindergarten/@24.398615,54.742176,17z/data=!3m1!4b1!4m6!3m5!1s0x3e5e4a80b3713a15:0xa1663cdd89488323!8m2!3d24.398615!4d54.742176!16s%2Fg%2F11bbwwtgsv?authuser=0&hl=en&entry=ttu&g_ep=EgoyMDI2MDkzMC4wIKXMDSoASAFQAw%3D%3D",,,,,,,,,
766,keep,public nursery run by ADEK (Al Ghad Nurseries) - include? [user 2026-10-07: keep],حضانات الغد - الشامخه,preschool,Kindergarten,Al Shamkha,,3.6,62,+971 54 247 6602,,,,"https://www.google.com/maps/place/%D8%AD%D8%B6%D8%A7%D9%86%D8%A7%D8%AA+%D8%A7%D9%84%D8%BA%D8%AF+-+%D8%A7%D9%84%D8%B4%D8%A7%D9%85%D8%AE%D9%87%E2%80%AD/@24.3671136,54.6897272,17z/data=!3m1!4b1!4m6!3m5!1s0x3e5e370026359a9b:0xfce36b79f1163879!8m2!3d24.3671136!4d54.6897272!16s%2Fg%2F11vxpyqdr8?authuser=0&hl=en&entry=ttu&g_ep=EgoyMDI2MDkzMC4wIKXMDSoASAFQAw%3D%3D",3 months,4 years,,ADEK,Children between the ages 3 months to 4 years (ADEK page on Al Ghad Nurseries),,Al Ghad Nurseries are ADEK's public nurseries,https://adek.gov.ae/,
763,keep,kindergarten - probably public [user 2026-10-07: keep],روضة الشامخة,preschool,Preschool,Al Shamkha,,3.6,16,+971 2 411 9414,,,,"https://www.google.com/maps/place/%D8%B1%D9%88%D8%B6%D8%A9+%D8%A7%D9%84%D8%B4%D8%A7%D9%85%D8%AE%D8%A9%E2%80%AD/@24.4059493,54.7235879,17z/data=!3m1!4b1!4m6!3m5!1s0x3e5e4a6bcbcb6511:0xdb03403144e6da5d!8m2!3d24.4059493!4d54.7235879!16s%2Fg%2F11bbwnt4pq?authuser=0&hl=en&entry=ttu&g_ep=EgoyMDI2MDkzMC4wIKXMDSoASAFQAw%3D%3D",,,,,,,,,
769,keep,kindergarten - probably public [user 2026-10-07: keep],Al Eethaar Kindergarten,preschool,Kindergarten,Al Shawamekh,,4.7,3,+971 2 584 0506,,,,"https://www.google.com/maps/place/Al+Eethaar+Kindergarten/@24.359776,54.65457,17z/data=!3m1!4b1!4m6!3m5!1s0x3e5e3632a107757d:0xd5c0c313070e0b7c!8m2!3d24.359776!4d54.65457!16s%2Fg%2F11bbwqr71t?authuser=0&hl=en&entry=ttu&g_ep=EgoyMDI2MDkzMC4wIKXMDSoASAFQAw%3D%3D",,,,,,,,,
770,keep,kindergarten - probably public [user 2026-10-07: keep],Al Oula KG,preschool,Kindergarten,Al Shawamekh,,4.7,33,+971 2 411 9250,,,https://www.instagram.com/aloula.kg.ad?igsh=cnh0OGY5a3ZqeThz,"https://www.google.com/maps/place/Al+Oula+KG/@24.3292101,54.6431749,17z/data=!3m1!4b1!4m6!3m5!1s0x3e5e37a88fe12521:0x51588649d843623f!8m2!3d24.3292101!4d54.6431749!16s%2Fg%2F12mkw95p5?authuser=0&hl=en&entry=ttu&g_ep=EgoyMDI2MDkzMC4wIKXMDSoASAFQAw%3D%3D",,,,,,,,,
807,keep,probably the same kindergarten as 769 'Al Eethaar Kindergarten' (both Al Shawamekh) - and a public kindergarten [user 2026-10-07: keep],روضة الإيثار الشوامخ أبوظبي,preschool,Educational institution,Al Shawamekh,,4.3,24,+971 2 411 9175,,,,"https://www.google.com/maps/place/%D8%B1%D9%88%D8%B6%D8%A9+%D8%A7%D9%84%D8%A5%D9%8A%D8%AB%D8%A7%D8%B1+%D8%A7%D9%84%D8%B4%D9%88%D8%A7%D9%85%D8%AE+%D8%A3%D8%A8%D9%88%D8%B8%D8%A8%D9%8A%E2%80%AD/@24.3598309,54.654601,17z/data=!3m1!4b1!4m6!3m5!1s0x3e5e37cd355cb68d:0x9542922510424660!8m2!3d24.3598309!4d54.654601!16s%2Fg%2F11b80hc0ww?entry=ttu&g_ep=EgoyMDI2MTAwNC4wIKXMDSoASAFQAw%3D%3D",,,,,,,,,
623,remove,"'Day Care Services' - no reviews, no website [user 2026-10-07: remove]",Day Care Services,daycare,Kindergarten,Al Zahiyah,,,0,,,,,"https://www.google.com/maps/place/Day+Care+Services/@24.4816344,54.3885563,17z/data=!3m1!4b1!4m6!3m5!1s0x3e5e67003817d8b7:0x3a2bd89c93bbdcf1!8m2!3d24.4816344!4d54.3885563!16s%2Fg%2F11vm7t3_j5?authuser=0&hl=en&entry=ttu&g_ep=EgoyMDI2MDkzMC4wIKXMDSoASAFQAw%3D%3D",,,,,,,,,
552,keep,'Children Development Center' - possibly the skills-centre licence (not caught by the rule) [user 2026-10-07: keep],Hello Kids Children Development center Branch-4,daycare,Day care center,Al Zahiyah,,5,16,+971 55 409 3012,,,,"https://www.google.com/maps/place/Hello+Kids+Children+Development+center+Branch-4/@24.4943569,54.3803463,17z/data=!3m1!4b1!4m6!3m5!1s0x3e5e6714f7820eb7:0xbc40cddf7e2927bd!8m2!3d24.4943569!4d54.3803463!16s%2Fg%2F11xzsjhskl?authuser=0&hl=en&entry=ttu&g_ep=EgoyMDI2MDkzMC4wIKXMDSoASAFQAw%3D%3D",,,,,,,,,
796,remove,"no reviews, no website - check it exists [user 2026-10-07: remove]",Top kids nursery,preschool,Education center,Al Zahiyah,,,0,+971 50 471 4712,,,,"https://www.google.com/maps/place/Top+kids+nursery/@24.5104492,54.3775767,17z/data=!3m1!4b1!4m6!3m5!1s0x3e5e678db903497b:0x4877004d8a0eaa5c!8m2!3d24.5104492!4d54.3775767!16s%2Fg%2F11x_1hvflw?authuser=0&hl=en&entry=ttu&g_ep=EgoyMDI2MTAwNC4wIKXMDSoASAFQAw%3D%3D",,,,,,,,,
780,keep,charter kindergarten [user 2026-10-07: keep],ATFAL AL EMARAT CHARTER KG,preschool,Kindergarten,Baniyas,,5,5,+971 2 817 3501,,,,"https://www.google.com/maps/place/ATFAL+AL+EMARAT+CHARTER+KG/@24.304402,54.6551362,17z/data=!3m1!4b1!4m6!3m5!1s0x3e5e36df3c0801a3:0x99abda2ca1522f3d!8m2!3d24.304402!4d54.6551362!16s%2Fg%2F11b6q90kjg?authuser=0&hl=en&entry=ttu&g_ep=EgoyMDI2MDkzMC4wIKXMDSoASAFQAw%3D%3D",,,,,,,,,
758,keep,public nursery run by ADEK (Al Ghad Nurseries) - include? [user 2026-10-07: keep],حضانات الغد - بني ياس 1,preschool,Nursery school,Baniyas,,4.9,8,+971 2 817 2599,,,,"https://www.google.com/maps/place/%D8%AD%D8%B6%D8%A7%D9%86%D8%A7%D8%AA+%D8%A7%D9%84%D8%BA%D8%AF+-+%D8%A8%D9%86%D9%8A+%D9%8A%D8%A7%D8%B3+1%E2%80%AD/@24.2910843,54.648803,17z/data=!3m1!4b1!4m6!3m5!1s0x3e5e3700702db96d:0x81740a1cbee7c68c!8m2!3d24.2910843!4d54.648803!16s%2Fg%2F11mchwknl5?authuser=0&hl=en&entry=ttu&g_ep=EgoyMDI2MDkzMC4wIKXMDSoASAFQAw%3D%3D",3 months,4 years,,ADEK,Children between the ages 3 months to 4 years (ADEK page on Al Ghad Nurseries),,Al Ghad Nurseries are ADEK's public nurseries,https://adek.gov.ae/,
759,keep,kindergarten - probably public [user 2026-10-07: keep],روضة اطفال الإمارات,preschool,Preschool,Baniyas,,3,7,+971 2 411 9702,,,,"https://www.google.com/maps/place/%D8%B1%D9%88%D8%B6%D8%A9+%D8%A7%D8%B7%D9%81%D8%A7%D9%84+%D8%A7%D9%84%D8%A5%D9%85%D8%A7%D8%B1%D8%A7%D8%AA%E2%80%AD/@24.3043121,54.6551656,17z/data=!3m1!4b1!4m6!3m5!1s0x3e5e36df3bc0dbfd:0x68f2d91793661ab2!8m2!3d24.3043121!4d54.6551656!16s%2Fg%2F11b8v87pzb?authuser=0&hl=en&entry=ttu&g_ep=EgoyMDI2MDkzMC4wIKXMDSoASAFQAw%3D%3D",,,,,,,,,
779,keep,kindergarten - probably public [user 2026-10-07: keep],روضة السرور,preschool,Kindergarten,Baniyas,,4,20,+971 2 411 9542,,,,"https://www.google.com/maps/place/%D8%B1%D9%88%D8%B6%D8%A9+%D8%A7%D9%84%D8%B3%D8%B1%D9%88%D8%B1%E2%80%AD/@24.3145819,54.6452055,17z/data=!3m1!4b1!4m6!3m5!1s0x3e5e371b1deea3e9:0x1851c6d0e3b1e9f7!8m2!3d24.3145819!4d54.6452055!16s%2Fg%2F11b7c67mt2?authuser=0&hl=en&entry=ttu&g_ep=EgoyMDI2MDkzMC4wIKXMDSoASAFQAw%3D%3D",,,,,,,,,
710,keep,kindergarten - probably public [user 2026-10-07: keep],Al Aryam Kindergarten - روضه الاريام,preschool,Preschool,Khalifa City,,4.5,11,+971 2 411 9065,,,,"https://www.google.com/maps/place/Al+Aryam+Kindergarten+-+%D8%B1%D9%88%D8%B6%D9%87+%D8%A7%D9%84%D8%A7%D8%B1%D9%8A%D8%A7%D9%85%E2%80%AD/@24.4009595,54.5606633,17z/data=!3m1!4b1!4m6!3m5!1s0x3e5e47f72e3223ef:0x1598c16717395f45!8m2!3d24.4009595!4d54.5606633!16s%2Fg%2F11h_4nzzh1?authuser=0&hl=en&entry=ttu&g_ep=EgoyMDI2MDkzMC4wIKXMDSoASAFQAw%3D%3D",,,,,,,,,
704,keep,kindergarten - probably public [user 2026-10-07: keep],Al Rudwan Kindergarten - khalifa city,preschool,Nursery school,Khalifa City,,4.1,21,+971 2 411 9235,,,,"https://www.google.com/maps/place/Al+Rudwan+Kindergarten+-+khalifa+city/@24.427982,54.5662613,17z/data=!3m1!4b1!4m6!3m5!1s0x3e5e467fe6f4e423:0xc1f28d0292559406!8m2!3d24.427982!4d54.5662613!16s%2Fg%2F11bbwmq6ls?authuser=0&hl=en&entry=ttu&g_ep=EgoyMDI2MDkzMC4wIKXMDSoASAFQAw%3D%3D",,,,,,,,,
733,keep,public kindergarten (website is moe.gov.ae) [user 2026-10-07: keep],AlJeel AlJadeed KG,preschool,Preschool,Khalifa City,,4.1,22,+971 2 556 9330,,,http://www.moe.gov.ae/,"https://www.google.com/maps/place/AlJeel+AlJadeed+KG/@24.4041739,54.5880885,17z/data=!3m1!4b1!4m6!3m5!1s0x3e5e463f6ff5c15f:0x1939c64b79e626e0!8m2!3d24.4041739!4d54.5880885!16s%2Fg%2F11b63vlj80?authuser=0&hl=en&entry=ttu&g_ep=EgoyMDI2MDkzMC4wIKXMDSoASAFQAw%3D%3D",,,,,,,,,
597,keep,'Early Learning & Development Centre' - possibly the skills-centre licence [user 2026-10-07: keep],"Dino Kids Early Learning & Development Centre L.L.C , Khalifa city A",preschool,Preschool,Khalifa City,,4.9,18,+971 52 492 8957,,,https://www.instagram.com/dinokidsdevelopment_centre?igsh=bGtkYXR2MWk4dXJp&utm_source=qr,"https://www.google.com/maps/place/Dino+Kids+Early+Learning+%26+Development+Centre+L.L.C+,+Khalifa+city+A/@24.4194795,54.566162,17z/data=!3m1!4b1!4m6!3m5!1s0x3e5e4700560705df:0xb8c6ef41508d6627!8m2!3d24.4194795!4d54.566162!16s%2Fg%2F11w3syj304?authuser=0&hl=en&entry=ttu&g_ep=EgoyMDI2MDkzMC4wIKXMDSoASAFQAw%3D%3D",,,,,,,,,
716,keep,public school kindergarten ('مدرسة عامة - روضة' = public school - kindergarten) [user 2026-10-07: keep],مدرسة عامة - روضة,preschool,Preschool,Khalifa City,,,0,,,,,"https://www.google.com/maps/place/%D9%85%D8%AF%D8%B1%D8%B3%D8%A9+%D8%B9%D8%A7%D9%85%D8%A9+-+%D8%B1%D9%88%D8%B6%D8%A9%E2%80%AD/@24.4011298,54.5610155,17z/data=!3m1!4b1!4m6!3m5!1s0x3e5e46f6baffffff:0xd5b5223ee4ec3c5e!8m2!3d24.4011298!4d54.5610155!16s%2Fg%2F11sd47xpl0?authuser=0&hl=en&entry=ttu&g_ep=EgoyMDI2MDkzMC4wIKXMDSoASAFQAw%3D%3D",,,,,,,,,
775,keep,charter kindergarten (ADEK Charter Schools) [user 2026-10-07: keep],Al Forsan KG - Charter Schools,preschool,Preschool,Madinat Al Riyadh,,3.2,38,+971 2 301 8111,,,https://www.adek.gov.ae/en/Education-System/Charter-Schools/Catchment-Area/Al-Forsan,"https://www.google.com/maps/place/Al+Forsan+KG+-+Charter+Schools/@24.352964,54.7495131,17z/data=!3m1!4b1!4m6!3m5!1s0x3e5e35b9e73cade7:0x7ef03cddf8596add!8m2!3d24.352964!4d54.7495131!16s%2Fg%2F11t9r0lgjm?authuser=0&hl=en&entry=ttu&g_ep=EgoyMDI2MDkzMC4wIKXMDSoASAFQAw%3D%3D",,,,,,,,,
778,keep,public school (kindergarten and Cycle 1) - a school [user 2026-10-07: keep],مدرسة مدينة الرياض (روضة وحلقة أولى),preschool,Kindergarten,Madinat Al Riyadh,,5,8,,,,,"https://www.google.com/maps/place/%D9%85%D8%AF%D8%B1%D8%B3%D8%A9+%D9%85%D8%AF%D9%8A%D9%86%D8%A9+%D8%A7%D9%84%D8%B1%D9%8A%D8%A7%D8%B6+(%D8%B1%D9%88%D8%B6%D8%A9+%D9%88%D8%AD%D9%84%D9%82%D8%A9+%D8%A3%D9%88%D9%84%D9%89)%E2%80%AD/@24.341013,54.789848,17z/data=!3m1!4b1!4m6!3m5!1s0x3e5fcb0040053e6b:0xefedc61c2ecd32a1!8m2!3d24.341013!4d54.789848!16s%2Fg%2F11ln4d8pv1?authuser=0&hl=en&entry=ttu&g_ep=EgoyMDI2MDkzMC4wIKXMDSoASAFQAw%3D%3D",,,,,,,,,
497,keep,'Children Development Center' - possibly the skills-centre licence (not caught by the rule) [user 2026-10-07: keep],Hello Kids Children Development Center,daycare,Day care center,Madinat Zayed,,4.9,97,+971 50 101 2815,,,,"https://www.google.com/maps/place/Hello+Kids+Children+Development+Center/@24.4878969,54.3635533,17z/data=!3m1!4b1!4m6!3m5!1s0x3e5e67999df6d9d1:0x29f3cff722b01b7f!8m2!3d24.4878969!4d54.3635533!16s%2Fg%2F11rhcdvh0s?authuser=0&hl=en&entry=ttu&g_ep=EgoyMDI2MDkzMC4wIKXMDSoASAFQAw%3D%3D",,,,,,,,,
625,keep,Brixcel - same company as 715; Google category 'Education center' [user 2026-10-07: keep],Brixcel Preschool and daycare,daycare,Education center,Mohammed Bin Zayed City,,4.7,12,+971 58 525 1818,,,,"https://www.google.com/maps/place/Brixcel+Preschool+and+daycare/@24.3329644,54.5352512,17z/data=!3m1!4b1!4m6!3m5!1s0x3e5e39e088b66f27:0x32e5c65cd344bd4b!8m2!3d24.3329644!4d54.5352512!16s%2Fg%2F11xrh8gspr?authuser=0&hl=en&entry=ttu&g_ep=EgoyMDI2MDkzMC4wIKXMDSoASAFQAw%3D%3D",,,,,,,,,
752,remove,"'Day care, baby sitting' - no reviews, no website; probably a home babysitter [user 2026-10-07: remove]","Day care, baby sitting",daycare,Day care center,Mohammed Bin Zayed City,,,0,,,,,"https://www.google.com/maps/place/Day+care,+baby+sitting/@24.3264646,54.5328334,17z/data=!3m1!4b1!4m6!3m5!1s0x3e5e3900076d5e93:0x226d5ba00d1fe3d1!8m2!3d24.3264646!4d54.5328334!16s%2Fg%2F11ysbc8s0h?authuser=0&hl=en&entry=ttu&g_ep=EgoyMDI2MDkzMC4wIKXMDSoASAFQAw%3D%3D",,,,,,,,,
753,keep,'Kids Development Centre' - possibly the skills-centre licence [user 2026-10-07: keep],"Dino kids development Centre L.L.C, Shabiya 12",preschool,Preschool,Mohammed Bin Zayed City,,4.9,15,+971 52 492 8957,,,https://wa.me/message/V3LHO5JVS7Q4J1,"https://www.google.com/maps/place/Dino+kids+development+Centre+L.L.C,+Shabiya+12/@24.323419,54.5359795,17z/data=!3m1!4b1!4m6!3m5!1s0x3e5e39ab47910727:0xa960876c4d0e440c!8m2!3d24.323419!4d54.5359795!16s%2Fg%2F11xgstx2x3?authuser=0&hl=en&entry=ttu&g_ep=EgoyMDI2MDkzMC4wIKXMDSoASAFQAw%3D%3D",,,,,,,,,
592,keep,'Child Development Center' - possibly the skills-centre licence (not caught by the rule) [user 2026-10-07: keep],"Happy Haven Child Development Center, Shabiya 9, M04",preschool,Preschool,Mohammed Bin Zayed City,,5,43,+971 50 691 4246,,,https://happyhaven.ae/,"https://www.google.com/maps/place/Happy+Haven+Child+Development+Center,+Shabiya+9,+M04/@24.3438786,54.5340112,17z/data=!3m1!4b1!4m6!3m5!1s0x3e5e47027948e0d1:0x98a7597ce792d9da!8m2!3d24.3438786!4d54.5340112!16s%2Fg%2F11vf31q0r2?authuser=0&hl=en&entry=ttu&g_ep=EgoyMDI2MDkzMC4wIKXMDSoASAFQAw%3D%3D",,,,,,,,,
652,keep,"'Nursery & Kids Development Center' - name says nursery, but may hold the skills-centre licence [user 2026-10-07: keep]","Smartyca : Nursery & Kids Development Center : Shabiya 9, MBZ, Abu Dhabi",preschool,Nursery school,Mohammed Bin Zayed City,,5,13,+971 50 565 3711,,,https://smartyca.com/,"https://www.google.com/maps/place/Smartyca+:+Nursery+%26+Kids+Development+Center+:+Shabiya+9,+MBZ,+Abu+Dhabi/@24.3406346,54.5320813,17z/data=!3m1!4b1!4m6!3m5!1s0x3e5e47005e070147:0x32dd48ee30dd92f7!8m2!3d24.3406346!4d54.5320813!16s%2Fg%2F11lnl_g47w?authuser=0&hl=en&entry=ttu&g_ep=EgoyMDI2MDkzMC4wIKXMDSoASAFQAw%3D%3D",,,,,,,,,
805,keep,may hold a training / development centre licence rather than a nursery one [user 2026-10-07: keep],TINY STAR SHABIYA 10 BRANCH,preschool,Education center,Mohammed Bin Zayed City,,5,13,+971 52 242 9186,info@tiny-star.ae,"support@tiny-star.ae, sajeela@tiny-star.ae",https://tiny-star.ae/,"https://www.google.com/maps/place/TINY+STAR+SHABIYA+10+BRANCH/@24.336014,54.5362369,17z/data=!3m1!4b1!4m6!3m5!1s0x3e5e3915dc4ef77b:0x4f05d83c422b30d6!8m2!3d24.336014!4d54.5362369!16s%2Fg%2F11yn3yvb22?entry=ttu&g_ep=EgoyMDI2MTAwNC4wIKXMDSoASAFQAw%3D%3D",1 years,6 years,,,1 to 3 years / 3 to 4 years / KG1: 4-5 years / KG2: 5-6 years,,,https://tiny-star.ae/,one of the two Google entries is named 'Tiny Star Training And Development Center'
693,keep,nursery attached to a K-12 school (Belvedere British School) - in scope? [user 2026-10-07: keep],Belvedere British Nursery,preschool,Nursery school,Musaffah,,4.8,29,+971 50 658 5351,bbn.principal@belvederebritishschool.com,,https://belvederebritishnursery.ae/,"https://www.google.com/maps/place/Belvedere+British+Nursery/@24.3428473,54.5348327,17z/data=!3m1!4b1!4m6!3m5!1s0x3e5e47d854c439d7:0xc92a0969fdec4133!8m2!3d24.3428473!4d54.5348327!16s%2Fg%2F11rd8x7bgq?authuser=0&hl=en&entry=ttu&g_ep=EgoyMDI2MDkzMC4wIKXMDSoASAFQAw%3D%3D",2 years,4 years,British (EYFS),,"Our Nursery welcomes children aged 2-3, and FS1 (Foundation Stage 1) is for children aged 3-4.",The British EYFS approach,,https://belvederebritishnursery.ae/,nursery of Belvedere British School (the school is 'rated Very Good by ADEK')
598,keep,'Personal Development Training' in the name - may be a skills / training centre (like Ilmora) [user 2026-10-07: keep],Little Star Personal Development Training,daycare,Day care center,Musaffah,,5,50,+971 54 495 3304,,,,"https://www.google.com/maps/place/Little+Star+Personal+Development+Training/@24.3406718,54.5342374,17z/data=!3m1!4b1!4m6!3m5!1s0x3e5e47d2e91c5073:0x25133505cbe987b8!8m2!3d24.3406718!4d54.5342374!16s%2Fg%2F11ybtqc6q3?authuser=0&hl=en&entry=ttu&g_ep=EgoyMDI2MDkzMC4wIKXMDSoASAFQAw%3D%3D",,,,,,,,,
593,keep,may hold a training / development centre licence rather than a nursery one [user 2026-10-07: keep],Tiny Star Training And Development Center,preschool,Preschool,Musaffah,,5,36,+971 52 242 9186,info@tiny-star.ae,"support@tiny-star.ae, sajeela@tiny-star.ae",https://tiny-star.ae/,"https://www.google.com/maps/place/Tiny+Star+Training+And+Development+Center/@24.326285,54.535577,17z/data=!3m1!4b1!4m6!3m5!1s0x3e5e39c9c65ea373:0x706d6140fb7ad5b1!8m2!3d24.326285!4d54.535577!16s%2Fg%2F11ldwpj32h?authuser=0&hl=en&entry=ttu&g_ep=EgoyMDI2MDkzMC4wIKXMDSoASAFQAw%3D%3D",1 years,6 years,,,1 to 3 years / 3 to 4 years / KG1: 4-5 years / KG2: 5-6 years,,,https://tiny-star.ae/,one of the two Google entries is named 'Tiny Star Training And Development Center'
735,keep,charter kindergarten (ADEK Charter Schools) [user 2026-10-07: keep],Al Wafaa KG - Charter Schools روضة الوفاء - مدارس الشراكات التعليمية,preschool,Preschool,Shakhbout City,,3.4,25,+971 2 203 2700,,,https://linktr.ee/alwafaa,"https://www.google.com/maps/place/Al+Wafaa+KG+-+Charter+Schools+%D8%B1%D9%88%D8%B6%D8%A9+%D8%A7%D9%84%D9%88%D9%81%D8%A7%D8%A1+-+%D9%85%D8%AF%D8%A7%D8%B1%D8%B3+%D8%A7%D9%84%D8%B4%D8%B1%D8%A7%D9%83%D8%A7%D8%AA+%D8%A7%D9%84%D8%AA%D8%B9%D9%84%D9%8A%D9%85%D9%8A%D8%A9%E2%80%AD/@24.3479897,54.6323473,17z/data=!3m1!4b1!4m6!3m5!1s0x3e5e37a8fdcf5c2d:0x7c6db55a18e659ed!8m2!3d24.3479897!4d54.6323473!16s%2Fg%2F11rc9p8_d1?authuser=0&hl=en&entry=ttu&g_ep=EgoyMDI2MDkzMC4wIKXMDSoASAFQAw%3D%3D",,,,,,,,,
677,keep,'Nizameddin house' - looks like a private home; no website [user 2026-10-07: keep],Nizameddin house,preschool,Preschool,Yas Island,,5,6,,,,,"https://www.google.com/maps/place/Nizameddin+house/@24.497533,54.5816112,17z/data=!3m1!4b1!4m6!3m5!1s0x3e5e45006278a85b:0x866ffb176b5a7d17!8m2!3d24.497533!4d54.5816112!16s%2Fg%2F11w8l9h2_f?authuser=0&hl=en&entry=ttu&g_ep=EgoyMDI2MDkzMC4wIKXMDSoASAFQAw%3D%3D",,,,,,,,,
715,keep,"website brixcel.com looks like a company site (sales@, training@), not the nursery's [user 2026-10-07: keep]",Brixcel Daycare,daycare,Day care center,,,5,7,+971 58 525 1818,,"sales@brixcel.com, hr@brixcel.com, training@brixcel.com, support@brixcel.com",https://www.brixcel.com/,"https://www.google.com/maps/place/Brixcel+Daycare/@24.3868306,54.5586204,11z/data=!3m1!4b1!4m6!3m5!1s0x84db2a449e2dc1f9:0xf39ab4f3fc78d1f8!8m2!3d24.3868306!4d54.5586204!16s%2Fg%2F11mcvkdwtj?authuser=0&hl=en&entry=ttu&g_ep=EgoyMDI2MDkzMC4wIKXMDSoASAFQAw%3D%3D",,,,,,,,,
521,keep,"website looks like a UK nursery, not this Abu Dhabi one [user 2026-10-07: keep]",Little Garden Nursery,preschool,Nursery school,,,4.5,23,+971 2 491 7409,,"info@littlegardennursery.com, management@lgnnorthfields.com",https://littlegardennursery.com/,"https://www.google.com/maps/place/Little+Garden+Nursery/@24.4524293,54.4042881,17z/data=!3m1!4b1!4m6!3m5!1s0x3e5e688aa205ba31:0x3e82d961fd4fe4cc!8m2!3d24.4524293!4d54.4042881!16s%2Fg%2F11cs3v99n8?authuser=0&hl=en&entry=ttu&g_ep=EgoyMDI2MDkzMC4wIKXMDSoASAFQAw%3D%3D",,,,,,,,https://littlegardennursery.com/,"WEBSITE PROBABLY WRONG: littlegardennursery.com reads like a UK nursery (childcare vouchers, lgnnorthfields.com); emails not used"
495,remove,"same business as 'Jump For Joy Abilities Development Center' (left out by the skills-centre rule); abacus, tuition, KG1/KG2/Grade 1 classes","Jump for Joy Alfalah street , Abudhabi Branch, best preschool, abacus, tutions, afterschool support, KG1/KG2/Grade1",preschool,Preschool,Al Danah,,5,17,+971 55 290 3135,info@jumpforjoyuae.com,,https://www.jumpforjoyuae.com/,"https://www.google.com/maps/place/Jump+for+Joy+Alfalah+street+,+Abudhabi+Branch,+best+preschool,+abacus,+tutions,+afterschool+support,+KG1%2FKG2%2FGrade1/@24.4767111,54.3674742,17z/data=!3m1!4b1!4m6!3m5!1s0x3e5e67c8ba37a7fb:0x6f0fcd2311f94c95!8m2!3d24.4767111!4d54.3674742!16s%2Fg%2F11n3m1_v37?authuser=0&hl=en&entry=ttu&g_ep=EgoyMDI2MDkzMC4wIKXMDSoASAFQAw%3D%3D",,,,,,,,https://www.jumpforjoyuae.com/,
490,remove,"tuition and skills institute ('Excellence Skill Development Institute', tuition KG to Grade 10), same licence type as the skills centres",Excellence skill Abu Dhabi,preschool,Preschool,Al Khalidiyah,,4.9,53,+971 52 160 1137,admissions@excellenceskill.com,,http://www.excellenceskill.com/,"https://www.google.com/maps/place/Excellence+skill+Abu+Dhabi/@24.4715775,54.3472032,17z/data=!3m1!4b1!4m6!3m5!1s0x3e5e6782b896dbab:0x706947e7a48929c1!8m2!3d24.4715775!4d54.3472032!16s%2Fg%2F11sgr5cwgm?authuser=0&hl=en&entry=ttu&g_ep=EgoyMDI2MDkzMC4wIKXMDSoASAFQAw%3D%3D",,,,,,,,http://www.excellenceskill.com/,
479,remove,"same business as 'Jump For Joy Abilities Development Center' (left out by the skills-centre rule); abacus, tuition, KG1/KG2/Grade 1 classes","Jump for Joy Khalidiya Branch, best preschool, abacus, tutions, afterschool support, KG1/KG2/Grade1",preschool,Playgroup,Al Khalidiyah,,5,29,+971 55 290 3135,info@jumpforjoyuae.com,,https://jumpforjoyuae.com/,"https://www.google.com/maps/place/Jump+for+Joy+Khalidiya+Branch,+best+preschool,+abacus,+tutions,+afterschool+support,+KG1%2FKG2%2FGrade1/@24.4774811,54.3554552,17z/data=!3m1!4b1!4m6!3m5!1s0x3e5e670c3d58607f:0xbc5d6dec2f40e63a!8m2!3d24.4774811!4d54.3554552!16s%2Fg%2F11wj2vbcf_?authuser=0&hl=en&entry=ttu&g_ep=EgoyMDI2MDkzMC4wIKXMDSoASAFQAw%3D%3D",,,,,,,,https://jumpforjoyuae.com/,"names advertise 'Abacus, Tutions, afterschool support, KG1/KG2/Grade1'"
624,remove,same business as 'Knowledge Room Talented Children Development Center' (left out by the skills-centre rule),Knowledge Room Abu Dhabi,preschool,Nursery school,Al Muroor,,4,32,+971 2 448 3744,,,,"https://www.google.com/maps/place/Knowledge+Room+Abu+Dhabi/@24.4428692,54.4397064,17z/data=!3m1!4b1!4m6!3m5!1s0x3e5e42838a3a29ef:0xd9796296b722852f!8m2!3d24.4428692!4d54.4397064!16s%2Fg%2F11b7hv2yq5?authuser=0&hl=en&entry=ttu&g_ep=EgoyMDI2MDkzMC4wIKXMDSoASAFQAw%3D%3D",,,,,,,,,
534,remove,"babysitting / nanny agency, not a nursery",Sitters Child Care Services,daycare,Child care agency,Al Nahyan,,4.8,209,+971 2 222 2902,info@sitters.ae,,https://sitters.ae/,"https://www.google.com/maps/place/Sitters+Child+Care+Services/@24.471976,54.3737019,17z/data=!3m1!4b1!4m6!3m5!1s0x3e5e67c74dd22a0d:0x248536c02c711a4a!8m2!3d24.471976!4d54.3737019!16s%2Fg%2F11rmnzf0_m?authuser=0&hl=en&entry=ttu&g_ep=EgoyMDI2MDkzMC4wIKXMDSoASAFQAw%3D%3D",,,,,,,,https://sitters.ae/,'professional babysitter ... overnight care'
646,remove,'boxing coach' - not a nursery,boxing coach,preschool,Playgroup,Al Rawdah,,5,1,+971 52 180 9620,,,,"https://www.google.com/maps/place/boxing+coach/@24.4175534,54.439561,17z/data=!3m1!4b1!4m6!3m5!1s0x3e5e436e865070f9:0x40ab15f14202e707!8m2!3d24.4175534!4d54.439561!16s%2Fg%2F11t_gwjvjn?authuser=0&hl=en&entry=ttu&g_ep=EgoyMDI2MDkzMC4wIKXMDSoASAFQAw%3D%3D",,,,,,,,,
622,remove,"weekly baby and toddler classes (0-3 years), not a nursery",Boom Boom Baby,preschool,Playgroup,Al Zahiyah,,5,5,+971 58 577 6909,,,https://www.boomboombaby.ae/,"https://www.google.com/maps/place/Boom+Boom+Baby/@24.5073296,54.3765258,17z/data=!3m1!4b1!4m6!3m5!1s0x3e5e67150030f6b7:0x3febfb1b4cd2e494!8m2!3d24.5073296!4d54.3765258!16s%2Fg%2F11y2hymmdt?authuser=0&hl=en&entry=ttu&g_ep=EgoyMDI2MDkzMC4wIKXMDSoASAFQAw%3D%3D",,,,,,,,https://www.boomboombaby.ae/,'Raha Baby Term (0-13 months) ... Saturdays 10-11AM'
615,remove,"enrichment centre for ages 3-11 (Google name 'Personal Development Centre'), not a nursery - same kind as the skills centres",ILMORA PERSONAL DEVELOPMENT CENTRE,preschool,Preschool,Al Zahiyah,,5,7,+971 55 965 6571,info@ilmora.ae,"admissions@ilmora.ae, admin@ilmora.ae, aneesa@ilmora.ae, sharmila@ilmora.ae",https://ilmora.ae/,"https://www.google.com/maps/place/ILMORA+PERSONAL+DEVELOPMENT+CENTRE/@24.4898599,54.3822094,17z/data=!3m1!4b1!4m6!3m5!1s0x3e5e67f1c0c8ffb7:0x43d6efee29ff9e74!8m2!3d24.4898599!4d54.3822094!16s%2Fg%2F11zd5ccnvz?authuser=0&hl=en&entry=ttu&g_ep=EgoyMDI2MDkzMC4wIKXMDSoASAFQAw%3D%3D",,,,,,,,https://ilmora.ae/,'Premium enrichment programs for ages 3-11'
785,remove,'dehen oud pure' (perfume) - not a nursery,dehen oud pure,daycare,Day care center,Baniyas,,,0,+971 56 604 3094,,,,"https://www.google.com/maps/place/dehen+oud+pure/@24.2937952,54.6320298,17z/data=!3m1!4b1!4m6!3m5!1s0x3e5e37a818c7b0a3:0x3d4077b21a80b0b8!8m2!3d24.2937952!4d54.6320298!16s%2Fg%2F11sw2l4wsc?authuser=0&hl=en&entry=ttu&g_ep=EgoyMDI2MDkzMC4wIKXMDSoASAFQAw%3D%3D",,,,,,,,,
724,remove,"same business as 'Jump For Joy Abilities Development Center' (left out by the skills-centre rule); abacus, tuition, KG1/KG2/Grade 1 classes","Jump For Joy Baniyas East, Best preschool, Jollyphonics, Abacus, KG1, KG2 , Grade1, Yoga",preschool,Education center,Baniyas,,5,33,+971 55 290 3135,info@jumpforjoyuae.com,,https://jumpforjoyuae.com/,"https://www.google.com/maps/place/Jump+For+Joy+Baniyas+East,+Best+preschool,+Jollyphonics,+Abacus,+KG1,+KG2+,+Grade1,+Yoga/@24.2871981,54.6414008,17z/data=!3m1!4b1!4m6!3m5!1s0x3e5e37f8863b73b1:0x235ac7b5c8f166!8m2!3d24.2871981!4d54.6414008!16s%2Fg%2F11x0g41nry?authuser=0&hl=en&entry=ttu&g_ep=EgoyMDI2MDkzMC4wIKXMDSoASAFQAw%3D%3D",,,,,,,,https://jumpforjoyuae.com/,"names advertise 'Abacus, Tutions, afterschool support, KG1/KG2/Grade1'"
754,remove,'License department' - not a nursery,License department,daycare,Day care center,Baniyas,,,0,,,,,"https://www.google.com/maps/place/License+department/@24.3102986,54.6429124,17z/data=!3m1!4b1!4m6!3m5!1s0x3e5e37f7590dc559:0x5d2491a83d31314c!8m2!3d24.3102986!4d54.6429124!16s%2Fg%2F11zg536gcy?authuser=0&hl=en&entry=ttu&g_ep=EgoyMDI2MDkzMC4wIKXMDSoASAFQAw%3D%3D",,,,,,,,,
712,remove,"'KG2 for ENS' - a class of Emirates National School, part of a school",KG2 for ENS,preschool,Preschool,Mohammed Bin Zayed City,,3,2,,,,,"https://www.google.com/maps/place/KG2+for+ENS/@24.3626789,54.548912,17z/data=!3m1!4b1!4m6!3m5!1s0x3e5e47a7436d86a1:0x930f012f829c2646!8m2!3d24.3626789!4d54.548912!16s%2Fg%2F11tbyxxkqd?authuser=0&hl=en&entry=ttu&g_ep=EgoyMDI2MDkzMC4wIKXMDSoASAFQAw%3D%3D",,,,,,,,,
745,remove,"tuition institute (Pre KG to Grade 12, CBSE), not a nursery",TANDEM TRAINING INSTITUTE,preschool,Preschool,Mohammed Bin Zayed City,,4.8,27,+971 56 210 8819,,helloflybed@gmail.com,https://www.tandemsacademy.com/,"https://www.google.com/maps/place/TANDEM+TRAINING+INSTITUTE/@24.3372159,54.5342222,17z/data=!3m1!4b1!4m6!3m5!1s0x6a97821c6842b71d:0xec7f42f726d61e4!8m2!3d24.3372159!4d54.5342222!16s%2Fg%2F11wx8lxwhf?authuser=0&hl=en&entry=ttu&g_ep=EgoyMDI2MDkzMC4wIKXMDSoASAFQAw%3D%3D",,,,,,,,https://www.tandemsacademy.com/,Google name 'TANDEM TRAINING INSTITUTE'
713,remove,auto workshop - not a nursery,Bin Darwish Auto Workshop,preschool,Playgroup,Musaffah,,4,5,+971 2 555 9294,,,,"https://www.google.com/maps/place/Bin+Darwish+Auto+Workshop/@24.372392,54.512911,17z/data=!3m1!4b1!4m6!3m5!1s0x3e5e40d7c80a9207:0x87f2545806d7a6c4!8m2!3d24.372392!4d54.512911!16s%2Fg%2F11bbwpm8tl?authuser=0&hl=en&entry=ttu&g_ep=EgoyMDI2MDkzMC4wIKXMDSoASAFQAw%3D%3D",,,,,,,,,
600,remove,"same business as 'Jump For Joy Abilities Development Center' (left out by the skills-centre rule); abacus, tuition, KG1/KG2/Grade 1 classes","Jump For Joy, Shabiya 10, Best preschool, Jollyphonics, Abacus, STEM activites, Tutions, institute",preschool,Preschool,Musaffah,,5,86,+971 55 290 3135,info@jumpforjoyuae.com,,https://jumpforjoyuae.com/,"https://www.google.com/maps/place/Jump+For+Joy,+Shabiya+10,+Best+preschool,+Jollyphonics,+Abacus,+STEM+activites,+Tutions,+institute/@24.3366102,54.5343072,17z/data=!3m1!4b1!4m6!3m5!1s0x3e5e39057b09cba7:0x10c295c0db82ea6e!8m2!3d24.3366102!4d54.5343072!16s%2Fg%2F11ts6t2f9s?authuser=0&hl=en&entry=ttu&g_ep=EgoyMDI2MDkzMC4wIKXMDSoASAFQAw%3D%3D",,,,,,,,https://jumpforjoyuae.com/,"names advertise 'Abacus, Tutions, afterschool support, KG1/KG2/Grade1'"
740,remove,"same business as 'Jump For Joy Abilities Development Center' (left out by the skills-centre rule); abacus, tuition, KG1/KG2/Grade 1 classes","Jump for Joy, Shabiya 12, Best preschool, Jollyphonics, Abacus, STEM activites, Tutions, institute, yoga",preschool,Educational institution,Musaffah,,5,59,+971 55 290 3135,info@jumpforjoyuae.com,,https://jumpforjoyuae.com/,"https://www.google.com/maps/place/Jump+for+Joy,+Shabiya+12,+Best+preschool,+Jollyphonics,+Abacus,+STEM+activites,+Tutions,+institute,+yoga/@24.3229011,54.5346191,17z/data=!3m1!4b1!4m6!3m5!1s0x3e5e39048275bb97:0xa46399027a8da90e!8m2!3d24.3229011!4d54.5346191!16s%2Fg%2F11l777smpw?authuser=0&hl=en&entry=ttu&g_ep=EgoyMDI2MDkzMC4wIKXMDSoASAFQAw%3D%3D",,,,,,,,https://jumpforjoyuae.com/,"names advertise 'Abacus, Tutions, afterschool support, KG1/KG2/Grade1'"
575,remove,"play centre in Marina Mall (activities for 6 months to 12 years), not a nursery",Lemonade Play - Marina Mall,preschool,Playgroup,,,4.8,71,+971 55 247 8192,info@lemonadeplay.ae,,https://lemonadeplay.ae/,"https://www.google.com/maps/place/Lemonade+Play+-+Marina+Mall/@24.4769031,54.3199874,17z/data=!3m1!4b1!4m6!3m5!1s0x3e5e690067b8b04b:0xac91cd88e66249d3!8m2!3d24.4769031!4d54.3199874!16s%2Fg%2F11mzsp2kn6?authuser=0&hl=en&entry=ttu&g_ep=EgoyMDI2MDkzMC4wIKXMDSoASAFQAw%3D%3D",,,,,,,,https://lemonadeplay.ae/,
789,keep,,British Home Nursery Al Bahia City حضانة بريتش هوم الباهية,preschool,Nursery school,Al Bahia,,4.8,36,+971 2 644 7768,info@bhn.ae,"albahia@bhn.ae, a.shamkha@bhn.ae, a.baniyas@bhn.ae",https://www.bhn.ae/,"https://www.google.com/maps/place/British+Home+Nursery+Al+Bahia+City+%D8%AD%D8%B6%D8%A7%D9%86%D8%A9+%D8%A8%D8%B1%D9%8A%D8%AA%D8%B4+%D9%87%D9%88%D9%85+%D8%A7%D9%84%D8%A8%D8%A7%D9%87%D9%8A%D8%A9%E2%80%AD/@24.5454854,54.6738303,17z/data=!3m1!4b1!4m6!3m5!1s0x3e5e51dddf95fb71:0xf450fe2104ef9f41!8m2!3d24.5454854!4d54.6738303!16s%2Fg%2F11b6hwprcf?authuser=0&hl=en&entry=ttu&g_ep=EgoyMDI2MDkzMC4wIKXMDSoASAFQAw%3D%3D",4 months,4 years,British (EYFS),,providing educational services to children from 4 months to 4 years of age,British Home Nursery follows the EYFS curriculum,,https://www.bhn.ae/,
604,keep,,IQ Kids Nursery - Al Bahya Branch,preschool,Nursery school,Al Bahia,,4.8,83,+971 50 866 1342,info@iqkidsnursery.org,,https://www.iqkidsnursery.org/,"https://www.google.com/maps/place/IQ+Kids+Nursery+-+Al+Bahya+Branch/@24.5157002,54.6635736,17z/data=!3m1!4b1!4m6!3m5!1s0x3e5e4f6294124a0d:0x7095bd0c65191e87!8m2!3d24.5157002!4d54.6635736!16s%2Fg%2F11fvmdwv77?authuser=0&hl=en&entry=ttu&g_ep=EgoyMDI2MDkzMC4wIKXMDSoASAFQAw%3D%3D",,,British (EYFS),,,a unique curriculum following aspects of the theory of Haward Gardner merged with the EYFS Framework,,https://www.iqkidsnursery.org/,
788,keep,,SWEET BABY NURSERY,preschool,Nursery school,Al Bahia,,3.9,33,+971 50 330 7877,info@sweetbabynursery.ae,,http://sweetbabynursery.ae/,"https://www.google.com/maps/place/SWEET+BABY+NURSERY/@24.5152738,54.6603652,17z/data=!3m1!4b1!4m6!3m5!1s0x3e5e51e5942b7b4d:0xcffa10ba8fa5e718!8m2!3d24.5152738!4d54.6603652!16s%2Fg%2F11b5wmq5dd?authuser=0&hl=en&entry=ttu&g_ep=EgoyMDI2MDkzMC4wIKXMDSoASAFQAw%3D%3D",,,,,,,,,
802,keep,,Adam's nursery,preschool,,Al Bateen,,3,2,,,,,"https://www.google.com/maps/place/Adam's+nursery/@24.4403825,54.3678534,17z/data=!3m1!4b1!4m6!3m5!1s0x3e5e68be31effa01:0x904836fad16a6994!8m2!3d24.4403825!4d54.3678534!16s%2Fg%2F11b70bw99l?entry=ttu&g_ep=EgoyMDI2MTAwNC4wIKXMDSoASAFQAw%3D%3D",,,,,,,,,
557,keep,,Green Fields Nursery,preschool,Nursery school,Al Bateen,,3.8,45,+971 50 631 6151,,,,"https://www.google.com/maps/place/Green+Fields+Nursery/@24.4486603,54.358273,17z/data=!3m1!4b1!4m6!3m5!1s0x3e5e68a58df2283d:0x78b4a4b22e8f9c65!8m2!3d24.4486603!4d54.358273!16s%2Fg%2F11c4xbcx3x?authuser=0&hl=en&entry=ttu&g_ep=EgoyMDI2MDkzMC4wIKXMDSoASAFQAw%3D%3D",,,,,,,,,
583,keep,,Harmony Nursery,preschool,Nursery school,Al Bateen,,5,11,+971 58 560 3633,,,,"https://www.google.com/maps/place/Harmony+Nursery/@24.4348808,54.3711916,17z/data=!3m1!4b1!4m6!3m5!1s0x3e5e69a66d177a93:0xb25b051f2b88c479!8m2!3d24.4348808!4d54.3711916!16s%2Fg%2F11xrym_629?authuser=0&hl=en&entry=ttu&g_ep=EgoyMDI2MDkzMC4wIKXMDSoASAFQAw%3D%3D",,,,,,,,,
488,keep,,Japanese Summer Colors Nursery,preschool,Kindergarten,Al Bateen,,4.8,41,+971 56 656 6775,,,,"https://www.google.com/maps/place/Japanese+Summer+Colors+Nursery/@24.4585158,54.3383043,17z/data=!3m1!4b1!4m6!3m5!1s0x3e5e65c57d19493b:0x26ec705ea1e5a624!8m2!3d24.4585158!4d54.3383043!16s%2Fg%2F11n5bv65f9?authuser=0&hl=en&entry=ttu&g_ep=EgoyMDI2MDkzMC4wIKXMDSoASAFQAw%3D%3D",,,,,,,,,
510,keep,,Kids Garden Nursery,preschool,Education center,Al Bateen,,4.5,32,+971 54 727 0170,,,,"https://www.google.com/maps/place/Kids+Garden+Nursery/@24.4625013,54.3373217,17z/data=!3m1!4b1!4m6!3m5!1s0x3e5e653201588ba1:0x1542bf202f467517!8m2!3d24.4625013!4d54.3373217!16s%2Fg%2F11qmxfx2nt?authuser=0&hl=en&entry=ttu&g_ep=EgoyMDI2MDkzMC4wIKXMDSoASAFQAw%3D%3D",,,,,,,,,
486,keep,,Kipina Kids Nursery Bateen,preschool,Nursery school,Al Bateen,,4.6,60,+971 2 667 2445,info@uae.kipinakids.com,"reception@uae.kipinakids.com, admin@kipinakids.com",https://kipinakids.com/kipina-nursery-school-al-bateen-abu-dhabi/,"https://www.google.com/maps/place/Kipina+Kids+Nursery+Bateen/@24.4638228,54.3383809,17z/data=!3m1!4b1!4m6!3m5!1s0x3e5e65e5b2d7bfdd:0x201b829a0d483dd6!8m2!3d24.4638228!4d54.3383809!16s%2Fg%2F11b6tsp226?authuser=0&hl=en&entry=ttu&g_ep=EgoyMDI2MDkzMC4wIKXMDSoASAFQAw%3D%3D",2 months,4 years,,,Ages: 2 months to 4 years,Kipina (Finnish) curriculum - not one of our curriculum options,,https://kipinakids.com/kipina-nursery-school-al-bateen-abu-dhabi/,consider adding 'Finnish' as a curriculum option
566,keep,,Learning Tree Kids Nursery,preschool,Nursery school,Al Bateen,,4.8,62,+971 56 128 6088,,,http://www.jtn.ae/,"https://www.google.com/maps/place/Learning+Tree+Kids+Nursery/@24.4485357,54.3581766,17z/data=!3m1!4b1!4m6!3m5!1s0x3e5e67df5a5cbe87:0x28d4377fef2dd646!8m2!3d24.4485357!4d54.3581766!16s%2Fg%2F11q9rdprdt?authuser=0&hl=en&entry=ttu&g_ep=EgoyMDI2MDkzMC4wIKXMDSoASAFQAw%3D%3D",,,,,,,,,
483,keep,,My Babies Nursery,preschool,Kindergarten,Al Bateen,,4.7,70,+971 50 537 3323,contact@mybabiesnursery.com,,https://mybabiesnursery.com/,"https://www.google.com/maps/place/My+Babies+Nursery/@24.455139,54.3547655,17z/data=!3m1!4b1!4m6!3m5!1s0x3e5e67cf7dee3b0f:0x1caa9d1c6fa9e675!8m2!3d24.455139!4d54.3547655!16s%2Fg%2F11t7t38ckn?authuser=0&hl=en&entry=ttu&g_ep=EgoyMDI2MDkzMC4wIKXMDSoASAFQAw%3D%3D",,,British (EYFS); Montessori; Arabic / English bilingual,,,We implement the British Early Years Foundation Stage (EYFS) framework; Montessori-inspired methods; Children are immersed in both English and Arabic languages,,https://mybabiesnursery.com/,ages not stated
481,keep,,MY NURSERY,preschool,Preschool,Al Bateen,,4.6,61,+971 2 446 3634,info@my-nursery.ae,"manager@my-nursery.ae, reception@my-nursery.ae",http://www.my-nursery.ae/,"https://www.google.com/maps/place/MY+NURSERY/@24.4665208,54.3387902,17z/data=!3m1!4b1!4m6!3m5!1s0x3e5e689b61a19b5b:0xed73494bf23f810d!8m2!3d24.4665208!4d54.3387902!16s%2Fg%2F1q5bsqw_5?authuser=0&hl=en&entry=ttu&g_ep=EgoyMDI2MDkzMC4wIKXMDSoASAFQAw%3D%3D",4 months,4 years,British (EYFS); Reggio Emilia; Arabic / English bilingual,,4 to 12 months ... 3 to 4 years,My Nursery offers EYFS British Curriculum with pedagogy and practice inspired by the Reggio Emilia Approach; Arabic Immersion (2-4yrs): delivered in both English and Arabic,,http://www.my-nursery.ae/,"other emails: manager@, reception@ (skipped a hosting placeholder address)"
570,keep,,Redwood Montessori Nursery - Al Bateen,preschool,Preschool,Al Bateen,,4.8,76,+971 800 24453,info.reemisland@theredwoodnursery.com,"register@theredwoodnursery.com, info.tilalalghaf@theredwoodnursery.com, info.noya@theredwoodnursery.com, info.mbz@theredwoodnursery.com ...",http://www.theredwoodnursery.com/,"https://www.google.com/maps/place/Redwood+Montessori+Nursery+-+Al+Bateen/@24.4552904,54.3337204,17z/data=!3m1!4b1!4m6!3m5!1s0x3e5e65f0dd767e01:0x7891c1fd3e82c0bc!8m2!3d24.4552904!4d54.3337204!16s%2Fg%2F11c1nv66b2?authuser=0&hl=en&entry=ttu&g_ep=EgoyMDI2MDkzMC4wIKXMDSoASAFQAw%3D%3D",3 months,6 years,Montessori,,Age Groups (3 months to 6 years),Redwood nurseries follow the authentic Montessori method,,http://www.theredwoodnursery.com/,chain site: branch emails info.<branch>@theredwoodnursery.com; 'KHDA approved advanced Montessori' is the Dubai programme
574,keep,,"Teddy Bear Nursery, Al Mushrif",preschool,Nursery school,Al Bateen,,4.7,63,+971 56 422 0432,enquiries@teddybearnurseries.com,admissions@teddybearnursery.net,https://teddybearnurseries.com/,"https://www.google.com/maps/place/Teddy+Bear+Nursery,+Al+Mushrif/@24.434498,54.3736252,17z/data=!3m1!4b1!4m6!3m5!1s0x3e5e465b82cd750b:0x1143905a072c16ce!8m2!3d24.434498!4d54.3736252!16s%2Fg%2F11bbwmzy67?authuser=0&hl=en&entry=ttu&g_ep=EgoyMDI2MDkzMC4wIKXMDSoASAFQAw%3D%3D",45 days,4 years,American,ADEK,we provide children from 45 days to four years old,The Creative Curriculum© (American early-years curriculum),We are routinely assessed by ADEK inspectors and Civil Defense.,https://teddybearnurseries.com/,part of Liwa Education
537,keep,,Alwaha Alsagyra Nursery حضانة الواحة,preschool,Nursery school,Al Danah,,4.8,33,+971 50 774 6407,,,https://www.instagram.com/alwahaalsagyranursery/,"https://www.google.com/maps/place/Alwaha+Alsagyra+Nursery+%D8%AD%D8%B6%D8%A7%D9%86%D8%A9+%D8%A7%D9%84%D9%88%D8%A7%D8%AD%D8%A9%E2%80%AD/@24.4799804,54.3773307,17z/data=!3m1!4b1!4m6!3m5!1s0x281e9384227c7c5:0x2dbc3dcf7ea156f!8m2!3d24.4799804!4d54.3773307!16s%2Fg%2F11s7xpq_5z?authuser=0&hl=en&entry=ttu&g_ep=EgoyMDI2MDkzMC4wIKXMDSoASAFQAw%3D%3D",,,,,,,,,
563,keep,,Angels Garden Pre school & Day care.,daycare,Preschool,Al Danah,,4.8,132,+971 55 410 7828,enquire@angelsgarden.org,,https://www.angelsgarden.org/,"https://www.google.com/maps/place/Angels+Garden+Pre+school+%26+Day+care./@24.491816,54.3586389,17z/data=!3m1!4b1!4m6!3m5!1s0x3e5e675236dd811f:0x81fed1064a2de550!8m2!3d24.491816!4d54.3586389!16s%2Fg%2F11vwyltpgc?authuser=0&hl=en&entry=ttu&g_ep=EgoyMDI2MDkzMC4wIKXMDSoASAFQAw%3D%3D",45 days,6 years,,,We welcome children from 45 days to 6 years old,a play-based early-years curriculum (no named framework),,https://www.angelsgarden.org/,also tuition and after-school care; open 7 days
579,keep,,Ava day care,daycare,Day care center,Al Danah,,5,1,+971 56 994 9804,,,https://www.avadaycare.com/,"https://www.google.com/maps/place/Ava+day+care/@24.4919724,54.3603921,17z/data=!3m1!4b1!4m6!3m5!1s0x3e5e673a2dff07fb:0x5aedbc5e24183c38!8m2!3d24.4919724!4d54.3603921!16s%2Fg%2F11x5dsg3_r?authuser=0&hl=en&entry=ttu&g_ep=EgoyMDI2MDkzMC4wIKXMDSoASAFQAw%3D%3D",,,,,,,,,
578,keep,,AVA LITTLE STARS PRESCHOOL & DAYCARE BRANCH 1,daycare,Preschool,Al Danah,,5,7,+971 56 994 9804,,,https://www.avalittlestarsdaycarepreschool.com/,"https://www.google.com/maps/place/AVA+LITTLE+STARS+PRESCHOOL+%26+DAYCARE+BRANCH+1/@24.4919937,54.3604089,17z/data=!3m1!4b1!4m6!3m5!1s0x3e5e6727314d451f:0xbfdc4664c04d65a4!8m2!3d24.4919937!4d54.3604089!16s%2Fg%2F11wvd5tlhp?authuser=0&hl=en&entry=ttu&g_ep=EgoyMDI2MDkzMC4wIKXMDSoASAFQAw%3D%3D",,,,,,,,,
800,keep,,Baby-sitting ou garderie,preschool,Head start center,Al Danah,,5,1,,,,,"https://www.google.com/maps/place/Baby-sitting+ou+garderie/@24.4883327,54.3562473,17z/data=!3m1!4b1!4m6!3m5!1s0x3e5e67ee880e6141:0x491b80e4b6038fc5!8m2!3d24.4883327!4d54.3562473!16s%2Fg%2F11fkv0x1c_?authuser=0&hl=en&entry=ttu&g_ep=EgoyMDI2MTAwNC4wIKXMDSoASAFQAw%3D%3D",,,,,,,,,
542,keep,,Barefoot,preschool,Kindergarten,Al Danah,,4.5,47,+971 2 677 0611,admin@barefootuae.com,,http://www.barefootuae.com/,"https://www.google.com/maps/place/Barefoot/@24.4983864,54.367588,17z/data=!3m1!4b1!4m6!3m5!1s0x3e5e66601c0e20e1:0x538369510a8b459e!8m2!3d24.4983864!4d54.367588!16s%2Fg%2F11bvcvhnns?authuser=0&hl=en&entry=ttu&g_ep=EgoyMDI2MDkzMC4wIKXMDSoASAFQAw%3D%3D",45 days,4 years,British (EYFS),,45 days–4 years,"Barefoot Nursery combines the EYFS framework with creative, play-based learning",,http://www.barefootuae.com/,
524,keep,,Barefoot Nursery,preschool,Nursery school,Al Danah,,5,9,+971 2 585 8690,admin@barefootuae.com,,http://www.barefootuae.com/,"https://www.google.com/maps/place/Barefoot+Nursery/@24.4827956,54.3817848,17z/data=!3m1!4b1!4m6!3m5!1s0x2ca650e4339514cf:0xada8e987ec159d3b!8m2!3d24.4827956!4d54.3817848!16s%2Fg%2F11n3yt7pmn?authuser=0&hl=en&entry=ttu&g_ep=EgoyMDI2MDkzMC4wIKXMDSoASAFQAw%3D%3D",45 days,4 years,British (EYFS),,45 days–4 years,"Barefoot Nursery combines the EYFS framework with creative, play-based learning",,http://www.barefootuae.com/,
547,keep,,Birds of Hope Nursery,preschool,Nursery school,Al Danah,,3.5,13,+971 2 621 3411,,,,"https://www.google.com/maps/place/Birds+of+Hope+Nursery/@24.4818646,54.3715337,17z/data=!3m1!4b1!4m6!3m5!1s0x3e5e6642972d6e27:0xc698cf138a260ee7!8m2!3d24.4818646!4d54.3715337!16s%2Fg%2F11bbwmxf_s?authuser=0&hl=en&entry=ttu&g_ep=EgoyMDI2MDkzMC4wIKXMDSoASAFQAw%3D%3D",,,,,,,,,
496,keep,,"Blossom Nursery, Al Najda Branch",preschool,Nursery school,Al Danah,,4.5,110,+971 800 6877379,,,https://www.theblossomnursery.com/nurseries/blossom-al-najda?utm_source=gmb&utm_medium=direct,"https://www.google.com/maps/place/Blossom+Nursery,+Al+Najda+Branch/@24.4840211,54.3688039,17z/data=!3m1!4b1!4m6!3m5!1s0x3e5e68383f270bff:0x24fa13a516ce69c9!8m2!3d24.4840211!4d54.3688039!16s%2Fg%2F1q6j4gkln?authuser=0&hl=en&entry=ttu&g_ep=EgoyMDI2MDkzMC4wIKXMDSoASAFQAw%3D%3D",1 years,4 years,British (EYFS); Reggio Emilia,,Ages: 12 months to 4 years (FS1),We combine the British EYFS framework with the Reggio Emilia philosophy,,https://www.theblossomnursery.com/nurseries/blossom-al-najda,
571,keep,,Bright Pearls Preschool and Daycare,daycare,Nursery school,Al Danah,,5,26,+971 58 549 1282,brightpearl.auh@gmail.com,,https://brightpearls.ae/,"https://www.google.com/maps/place/Bright+Pearls+Preschool+and+Daycare/@24.4821185,54.3733739,17z/data=!3m1!4b1!4m6!3m5!1s0x2f82c322b7ed3b65:0x5eb05ae03bb1482c!8m2!3d24.4821185!4d54.3733739!16s%2Fg%2F11yj_b6184?authuser=0&hl=en&entry=ttu&g_ep=EgoyMDI2MDkzMC4wIKXMDSoASAFQAw%3D%3D",,,British (EYFS),,,Our EYFS-based program combines play and guidance,,https://brightpearls.ae/,
564,keep,,Busy Bees Nursery,preschool,Nursery school,Al Danah,,4.8,67,+971 50 220 4641,,,https://busy-beesnursery.com/,"https://www.google.com/maps/place/Busy+Bees+Nursery/@24.4844675,54.3721041,17z/data=!3m1!4b1!4m6!3m5!1s0x3e5e66416497a4f3:0xf84163b256d65fb0!8m2!3d24.4844675!4d54.3721041!16s%2Fg%2F11bbwp64_z?authuser=0&hl=en&entry=ttu&g_ep=EgoyMDI2MDkzMC4wIKXMDSoASAFQAw%3D%3D",,,,,,,,,
562,keep,,Care & Grow A Pre School & Day Care,daycare,Day care center,Al Danah,,4.7,12,+971 50 353 2920,,,,"https://www.google.com/maps/place/Care+%26+Grow+A+Pre+School+%26+Day+Care/@24.4900854,54.3592215,17z/data=!3m1!4b1!4m6!3m5!1s0x3e5e67d06f8334c5:0xeb226bc46ec59f2c!8m2!3d24.4900854!4d54.3592215!16s%2Fg%2F11zk39r10v?authuser=0&hl=en&entry=ttu&g_ep=EgoyMDI2MDkzMC4wIKXMDSoASAFQAw%3D%3D",,,,,,,,,
544,keep,,Four Wings Nursery,preschool,Nursery school,Al Danah,,5,1,+971 54 327 3440,,,https://www.4wingsservices.com/child-care,"https://www.google.com/maps/place/Four+Wings+Nursery/@24.4785848,54.371173,17z/data=!3m1!4b1!4m6!3m5!1s0x3e5e6768cd16990f:0xa9c68d9e4c3e96d7!8m2!3d24.4785848!4d54.371173!16s%2Fg%2F11lf1np063?authuser=0&hl=en&entry=ttu&g_ep=EgoyMDI2MDkzMC4wIKXMDSoASAFQAw%3D%3D",,,,,,,,,
586,keep,,Giggles English Nursery-Airport Road,preschool,Nursery school,Al Danah,,4.7,19,+971 2 641 6255,,,https://bizonline.ae/giggles-english-nursery,"https://www.google.com/maps/place/Giggles+English+Nursery-Airport+Road/@24.4741727,54.3688619,17z/data=!3m1!4b1!4m6!3m5!1s0x3e5e6615ef7346db:0xbfc067021b95aeb!8m2!3d24.4741727!4d54.3688619!16s%2Fg%2F1q6b7yds_?authuser=0&hl=en&entry=ttu&g_ep=EgoyMDI2MDkzMC4wIKXMDSoASAFQAw%3D%3D",,,,,,,,,"website link is a business directory page (bizonline.ae), not the nursery's own"
514,keep,,Kids First Nursery - حضانة كيدز فيرست,preschool,Nursery school,Al Danah,,4.5,83,+971 50 668 0870,info@kidsfirstnursery.com,,https://kidsfirstnursery.com/,"https://www.google.com/maps/place/Kids+First+Nursery+-+%D8%AD%D8%B6%D8%A7%D9%86%D8%A9+%D9%83%D9%8A%D8%AF%D8%B2+%D9%81%D9%8A%D8%B1%D8%B3%D8%AA%E2%80%AD/@24.4749435,54.372615,17z/data=!3m1!4b1!4m6!3m5!1s0x3e5e670cfab263bb:0x51134bbf1a9382ce!8m2!3d24.4749435!4d54.372615!16s%2Fg%2F11j51gv1yd?authuser=0&hl=en&entry=ttu&g_ep=EgoyMDI2MDkzMC4wIKXMDSoASAFQAw%3D%3D",45 days,4 years,British (EYFS); Arabic / English bilingual,,We welcome children from 45 days old through 4 years,"follows the British Early Years Foundation Stage (EYFS) framework combined with Play-Based Learning, with bilingual development in English and Arabic",,https://kidsfirstnursery.com/,
491,keep,,Kids Zone Nursery - Hamdan,daycare,Day care center,Al Danah,,4.9,887,+971 2 234 0303,info@kidszoneauh.com,info@kidzoneauh.com,https://kidszoneauh.com/,"https://www.google.com/maps/place/Kids+Zone+Nursery+-+Hamdan/@24.4918869,54.3671934,17z/data=!3m1!4b1!4m6!3m5!1s0x2d85883843011a6d:0x66af9ecbdd089377!8m2!3d24.4918869!4d54.3671934!16s%2Fg%2F11v_41rd8q?authuser=0&hl=en&entry=ttu&g_ep=EgoyMDI2MDkzMC4wIKXMDSoASAFQAw%3D%3D",,,,,,,,,
519,keep,,King and Queen Nursery,preschool,Nursery school,Al Danah,,4.8,18,+971 2 641 9112,inquiry@kingandqueenursery.com,manger@kingandqueenursery.com,http://www.kingandqueenursery.com/,"https://www.google.com/maps/place/King+and+Queen+Nursery/@24.4834773,54.3712494,17z/data=!3m1!4b1!4m6!3m5!1s0x3e5e6621dc1b0559:0xc80a9e138a18295!8m2!3d24.4834773!4d54.3712494!16s%2Fg%2F11c1ww78rw?authuser=0&hl=en&entry=ttu&g_ep=EgoyMDI2MDkzMC4wIKXMDSoASAFQAw%3D%3D",1 years,5 years,Montessori,ADEK,four classes with nine to twenty children each aged twelve month to five years of age,King and Queen Nursery teachers follow the Montessori Method,licensed by Department of Education and Knowledge,http://www.kingandqueenursery.com/,site also mentions '6 months - Walking Age' and 'four to six years'
573,keep,,Little Sunshine Daycare,daycare,Day care center,Al Danah,,5,1,+971 56 569 6554,,,,"https://www.google.com/maps/place/Little+Sunshine+Daycare/@24.4900001,54.3593473,17z/data=!3m1!4b1!4m6!3m5!1s0x4e12d144c3584cb3:0xb71469f5cf58116c!8m2!3d24.4900001!4d54.3593473!16s%2Fg%2F11wg89wszn?authuser=0&hl=en&entry=ttu&g_ep=EgoyMDI2MDkzMC4wIKXMDSoASAFQAw%3D%3D",,,,,,,,,
530,keep,,National Nursery,preschool,Educational institution,Al Danah,,4.4,20,+971 2 444 6445,,,,"https://www.google.com/maps/place/National+Nursery/@24.474368,54.369974,17z/data=!3m1!4b1!4m6!3m5!1s0x3e5e663e0dc8a899:0x4b2b27c5c7c04946!8m2!3d24.474368!4d54.369974!16s%2Fg%2F11b74mpkpg?authuser=0&hl=en&entry=ttu&g_ep=EgoyMDI2MDkzMC4wIKXMDSoASAFQAw%3D%3D",,,,,,,,,
533,keep,,Royal Kids Center,preschool,Preschool,Al Danah,,4.8,51,+971 52 819 6963,,,,"https://www.google.com/maps/place/Royal+Kids+Center/@24.4768438,54.3728362,17z/data=!3m1!4b1!4m6!3m5!1s0x3e5e67cb2ed280c3:0x8508a12e4115295e!8m2!3d24.4768438!4d54.3728362!16s%2Fg%2F11w9xrhbrk?authuser=0&hl=en&entry=ttu&g_ep=EgoyMDI2MDkzMC4wIKXMDSoASAFQAw%3D%3D",,,,,,,,,
559,keep,,Sara Nursery,preschool,Nursery school,Al Danah,,3.9,34,+971 2 642 5400,,,,"https://www.google.com/maps/place/Sara+Nursery/@24.474632,54.368015,17z/data=!3m1!4b1!4m6!3m5!1s0x3e5e6615f2f02cb5:0x9fe9e1a73313e22e!8m2!3d24.474632!4d54.368015!16s%2Fg%2F11bbwxn1d_?authuser=0&hl=en&entry=ttu&g_ep=EgoyMDI2MDkzMC4wIKXMDSoASAFQAw%3D%3D",,,,,,,,,
613,keep,,Sara Nursery Branch 1,preschool,Nursery school,Al Danah,,1,2,+971 50 354 5182,,,,"https://www.google.com/maps/place/Sara+Nursery+Branch+1/@24.4713998,54.3821016,17z/data=!3m1!4b1!4m6!3m5!1s0x3e5e662fb9adec45:0x10184944c2e37cb2!8m2!3d24.4713998!4d54.3821016!16s%2Fg%2F11c1nf671_?authuser=0&hl=en&entry=ttu&g_ep=EgoyMDI2MDkzMC4wIKXMDSoASAFQAw%3D%3D",,,,,,,,,
561,keep,,Sky Blue Nursery,preschool,Nursery school,Al Danah,,3.7,3,+971 2 622 6878,,,http://www.skybluenursery.com/,https://www.google.com/maps/place/Sky+Blue+Nursery/data=!4m7!3m6!1s0x3e5e66414efe344b:0x970f3a57ac3f9372!8m2!3d24.4844608!4d54.3735103!16s%2Fg%2F11c55st50m!19sChIJSzT-TkFmXj4RcpM_rFc6D5c?authuser=0&hl=en&g_ep=EgoyMDI2MDkzMC4wIJJjKgBIAVAD&rclk=1,,,,,,,,,
500,keep,,SRK Nursery,preschool,Nursery school,Al Danah,,4.8,57,+971 2 886 8977,srknurseryllc@gmail.com,,https://srkeducationgroupinternational.com/srk-nursery,"https://www.google.com/maps/place/SRK+Nursery/@24.4810683,54.3742818,17z/data=!3m1!4b1!4m6!3m5!1s0x3e5e66474b1347cf:0xa44fe83ec7fcfaee!8m2!3d24.4810683!4d54.3742818!16s%2Fg%2F11clhslnnk?authuser=0&hl=en&entry=ttu&g_ep=EgoyMDI2MDkzMC4wIKXMDSoASAFQAw%3D%3D",,,,,,,,https://srkeducationgroupinternational.com/srk-nursery,little on the site; part of SRK Education Group (also runs SRK Training Centre)
556,keep,,The Young Discoverer Nursery,preschool,Nursery school,Al Danah,,3.6,5,+971 2 641 4467,,,,"https://www.google.com/maps/place/The+Young+Discoverer+Nursery/@24.4822935,54.3815191,17z/data=!3m1!4b1!4m6!3m5!1s0x3e5e664827ee8da5:0x12a0072f4e722a97!8m2!3d24.4822935!4d54.3815191!16s%2Fg%2F11bbwmn7hx?authuser=0&hl=en&entry=ttu&g_ep=EgoyMDI2MDkzMC4wIKXMDSoASAFQAw%3D%3D",,,,,,,,,
513,keep,,Twinkling Stars A Daycare & Preschool,daycare,Nursery school,Al Danah,,5,23,+971 56 474 0473,,,,"https://www.google.com/maps/place/Twinkling+Stars+A+Daycare+%26+Preschool/@24.4748685,54.3735195,17z/data=!3m1!4b1!4m6!3m5!1s0x3e5e679882983261:0x7df8eb5683e49533!8m2!3d24.4748685!4d54.3735195!16s%2Fg%2F11yzm4b28l?authuser=0&hl=en&entry=ttu&g_ep=EgoyMDI2MDkzMC4wIKXMDSoASAFQAw%3D%3D",,,,,,,,,
614,keep,,Universal Blooming,preschool,Preschool,Al Danah,,5,1,+971 58 189 6513,universalblooming@gmail.com,,https://universalblooming.com/,"https://www.google.com/maps/place/Universal+Blooming/@24.4905555,54.3584804,17z/data=!3m1!4b1!4m6!3m5!1s0x3e5e67228daa9005:0x9d02c4306e53a1a0!8m2!3d24.4905555!4d54.3584804!16s%2Fg%2F11nw0zsbt1?authuser=0&hl=en&entry=ttu&g_ep=EgoyMDI2MDkzMC4wIKXMDSoASAFQAw%3D%3D",,,,,,,,,
493,keep,,Vision Nursery - Al Falah St,preschool,Nursery school,Al Danah,,5,219,+971 55 445 5872,admission@visionnursery.com,,http://www.visionnursery.com/,"https://www.google.com/maps/place/Vision+Nursery+-+Al+Falah+St/@24.4808385,54.3750672,17z/data=!3m1!4b1!4m6!3m5!1s0x3e5e663f55057c0d:0x3f36382cbd2a1217!8m2!3d24.4808385!4d54.3750672!16s%2Fg%2F11c1pqy7jh?authuser=0&hl=en&entry=ttu&g_ep=EgoyMDI2MDkzMC4wIKXMDSoASAFQAw%3D%3D",2 years,4 years,British (EYFS),,specialized in efficacious early-education of children aged between 2 to 4 years,the Early Years Foundation Stage (EYFS) Framework being adopted as the soul of its curriculum,,http://www.visionnursery.com/,
621,keep,,Zina Nursery الفندق,preschool,Nursery school,Al Danah,,2,3,,,,,"https://www.google.com/maps/place/Zina+Nursery+%D8%A7%D9%84%D9%81%D9%86%D8%AF%D9%82%E2%80%AD/@24.4737693,54.3709145,17z/data=!3m1!4b1!4m6!3m5!1s0x3e5e663dd1905655:0x640009bffc605a38!8m2!3d24.4737693!4d54.3709145!16s%2Fg%2F11dxcrwmns?authuser=0&hl=en&entry=ttu&g_ep=EgoyMDI2MDkzMC4wIKXMDSoASAFQAw%3D%3D",,,,,,,,,
617,keep,,حضانة العبقري الصغير,preschool,Nursery school,Al Danah,,5,1,+971 50 668 0870,,,,"https://www.google.com/maps/place/%D8%AD%D8%B6%D8%A7%D9%86%D8%A9+%D8%A7%D9%84%D8%B9%D8%A8%D9%82%D8%B1%D9%8A+%D8%A7%D9%84%D8%B5%D8%BA%D9%8A%D8%B1%E2%80%AD/@24.4752675,54.3728805,17z/data=!3m1!4b1!4m6!3m5!1s0x3e5e67cc7097aba3:0xd989c72a73a805ff!8m2!3d24.4752675!4d54.3728805!16s%2Fg%2F11h_2bmtp8?authuser=0&hl=en&entry=ttu&g_ep=EgoyMDI2MDkzMC4wIKXMDSoASAFQAw%3D%3D",,,,,,,,,
477,keep,,British Orchard Nursery - Al Bateen - Abu Dhabi,preschool,Nursery school,Al Falah,,4.7,238,+971 2 622 2903,info@britishorchardnursery.com,"jbr@britishorchardnursery.com, mirdif@britishorchardnursery.com, mbz@britishorchardnursery.com, altwar@britishorchardnursery.com ...",http://www.britishorchardnursery.com/,"https://www.google.com/maps/place/British+Orchard+Nursery+-+Al+Bateen+-+Abu+Dhabi/@24.4590699,54.3448789,17z/data=!3m1!4b1!4m6!3m5!1s0x3e5e65fdbca22297:0xfd7e49d65a9d4a99!8m2!3d24.4590699!4d54.3448789!16s%2Fg%2F11b5yw2lww?authuser=0&hl=en&entry=ttu&g_ep=EgoyMDI2MDkzMC4wIKXMDSoASAFQAw%3D%3D",45 days,5 years,British (EYFS),ADEK,We accept children from 45 days to 5 years old,BON follows the EYFS (British) curriculum,'ADEK' listed on the site (logo/accreditation line only),http://www.britishorchardnursery.com/,"chain site lists 16 branch emails; no Abu Dhabi branch address found, so info@"
582,keep,,Euphony Montessori Education Center LLC,preschool,Educational institution,Al Falah,,3.2,29,+971 2 666 3545,,,http://www.euphonymontessori.com/,"https://www.google.com/maps/place/Euphony+Montessori+Education+Center+LLC/@24.4768949,54.3661019,17z/data=!3m1!4b1!4m6!3m5!1s0x3e5e666d75f62e77:0x71c40d5f42c17223!8m2!3d24.4768949!4d54.3661019!16s%2Fg%2F11g6mf58v2?authuser=0&hl=en&entry=ttu&g_ep=EgoyMDI2MDkzMC4wIKXMDSoASAFQAw%3D%3D",,,,,,,,,
528,keep,,Happy Hearts Nursery,preschool,Preschool,Al Falah,,4.3,69,+971 50 703 2647,info@happyheartsnursery.com,,http://www.happyheartsnursery.com/,"https://www.google.com/maps/place/Happy+Hearts+Nursery/@24.478634,54.372334,17z/data=!3m1!4b1!4m6!3m5!1s0x3e5e663f6b785f79:0x83ca76b41565d1fe!8m2!3d24.478634!4d54.372334!16s%2Fg%2F11bw44mrgm?authuser=0&hl=en&entry=ttu&g_ep=EgoyMDI2MDkzMC4wIKXMDSoASAFQAw%3D%3D",,,British (EYFS),,,Early Years British Curriculum (EYFS),,http://www.happyheartsnursery.com/,also mentions an 'Early Years Asian International Curriculum'
522,keep,,Leens Nursery,preschool,Nursery school,Al Falah,,4.3,36,+971 2 642 2350,,,,"https://www.google.com/maps/place/Leens+Nursery/@24.477876,54.373386,17z/data=!3m1!4b1!4m6!3m5!1s0x3e5e663f3fd50bfb:0x6425aff049b2632f!8m2!3d24.477876!4d54.373386!16s%2Fg%2F11bbwmzvsd?authuser=0&hl=en&entry=ttu&g_ep=EgoyMDI2MDkzMC4wIKXMDSoASAFQAw%3D%3D",,,,,,,,,
505,keep,,Spring Fields Nurseries,preschool,Nursery school,Al Falah,,4.3,73,+971 2 622 0130,administration@springfieldspreschools.com,,https://www.springfieldspreschools.com/,"https://www.google.com/maps/place/Spring+Fields+Nurseries/@24.48053,54.3817963,17z/data=!3m1!4b1!4m6!3m5!1s0x3e5e6637b16cf80f:0xaaa24e3e8ccc82b6!8m2!3d24.48053!4d54.3817963!16s%2Fg%2F11c3kcnnxh?authuser=0&hl=en&entry=ttu&g_ep=EgoyMDI2MDkzMC4wIKXMDSoASAFQAw%3D%3D",1 years,4 years,British (EYFS),,We provide full day care from 7.30 am to 5.30 pm for children aged 12 months to 4 years,"Aligned with the British Early Years Foundation Stage, our play-based curriculum",,https://www.springfieldspreschools.com/,"another page says 'from 2 months up to 4 years'; the newest page lists Toddler 1-2, Nursery 2-3, F-S1 3-4"
794,keep,,British Oak Montessori Kindergarten,preschool,Kindergarten,Al Ghadeer,,5,1,+971 2 564 2220,kindergarten@britishoakmontessori.ae,admissions@britishoakmontessori.ae,https://britishoakmontessori.com/,"https://www.google.com/maps/place/British+Oak+Montessori+Kindergarten/@24.8422687,55.0269006,17z/data=!3m1!4b1!4m6!3m5!1s0x3e5f09b77a07a795:0x6516bca2acb2e2e0!8m2!3d24.8422687!4d55.0269006!16s%2Fg%2F11yj5zyxy5?authuser=0&hl=en&entry=ttu&g_ep=EgoyMDI2MDkzMC4wIKXMDSoASAFQAw%3D%3D",,,Montessori; British (EYFS),ADEK,,Montessori in Approach. British EYFS in Foundation.,"ADEK licensed · Abu Dhabi, United Arab Emirates",https://britishoakmontessori.com/,the kindergarten continues the nursery 'through the Foundation Stage years' (probably ages 4-6)
590,keep,,British Oak Montessori Nursery,preschool,Nursery school,Al Ghadeer,,4.3,42,+971 2 644 6266,admissions@britishoakmontessori.ae,kindergarten@britishoakmontessori.ae,http://britishoakmontessori.com/,"https://www.google.com/maps/place/British+Oak+Montessori+Nursery/@24.8424632,55.0282676,17z/data=!3m1!4b1!4m6!3m5!1s0x3e5f096ad85f5bcf:0x74de96e0d79fa15b!8m2!3d24.8424632!4d55.0282676!16s%2Fg%2F11gjnbjhd2?authuser=0&hl=en&entry=ttu&g_ep=EgoyMDI2MDkzMC4wIKXMDSoASAFQAw%3D%3D",1 years,6 years,Montessori; British (EYFS),ADEK,ABU DHABI · AGES 1 TO 6 YEARS,Montessori in Approach. British EYFS in Foundation.,"ADEK licensed · Abu Dhabi, United Arab Emirates",http://britishoakmontessori.com/,ages 4-6 are in their separate kindergarten
538,keep,,Baynounah Nursery حضانة بينونة,preschool,Nursery school,Al Hosn,,4.5,51,,info@baynounahnursery.ae,sinfo@baynounahnursery.ae,https://baynounahnursery.ae/,"https://www.google.com/maps/place/Baynounah+Nursery+%D8%AD%D8%B6%D8%A7%D9%86%D8%A9+%D8%A8%D9%8A%D9%86%D9%88%D9%86%D8%A9%E2%80%AD/@24.4758819,54.3495493,17z/data=!3m1!4b1!4m6!3m5!1s0x3e5e6731b55bff13:0x5805026922a64730!8m2!3d24.4758819!4d54.3495493!16s%2Fg%2F11xms3v6nf?authuser=0&hl=en&entry=ttu&g_ep=EgoyMDI2MDkzMC4wIKXMDSoASAFQAw%3D%3D",3 months,6 years,British (EYFS); Montessori,,Supporting children from 3 months to 6 years,"through the British EYFS framework, Montessori approach",,https://baynounahnursery.ae/,licensed special-needs classrooms
487,keep,,Kids World Nursery khalidiya,preschool,Education center,Al Hosn,,5,3,+971 55 746 6724,,,,"https://www.google.com/maps/place/Kids+World+Nursery+khalidiya/@24.4768809,54.3561219,17z/data=!3m1!4b1!4m6!3m5!1s0x3e5e67bf53abbdf7:0x2765a9112df94673!8m2!3d24.4768809!4d54.3561219!16s%2Fg%2F11vx5n_mml?authuser=0&hl=en&entry=ttu&g_ep=EgoyMDI2MDkzMC4wIKXMDSoASAFQAw%3D%3D",,,,,,,,,
480,keep,,Babies Resort Nursery,preschool,Nursery school,Al Khalidiyah,,4.3,26,+971 54 888 8421,,,,"https://www.google.com/maps/place/Babies+Resort+Nursery/@24.4660289,54.3559138,17z/data=!3m1!4b1!4m6!3m5!1s0x3e5e660f96eb23f3:0x6fb3d931fb4a43a!8m2!3d24.4660289!4d54.3559138!16s%2Fg%2F11g9q67gx3?authuser=0&hl=en&entry=ttu&g_ep=EgoyMDI2MDkzMC4wIKXMDSoASAFQAw%3D%3D",,,,,,,,,
478,keep,,Baby Bird Nursery,daycare,Day care center,Al Khalidiyah,,4.9,16,+971 2 666 0777,,,,"https://www.google.com/maps/place/Baby+Bird+Nursery/@24.468254,54.3476943,17z/data=!3m1!4b1!4m6!3m5!1s0x3e5e65e5a3fd07fd:0x454c032482469c82!8m2!3d24.468254!4d54.3476943!16s%2Fg%2F11bwh5jfxk?authuser=0&hl=en&entry=ttu&g_ep=EgoyMDI2MDkzMC4wIKXMDSoASAFQAw%3D%3D",,,,,,,,,
489,keep,,Julia’s nursery,preschool,Kindergarten,Al Khalidiyah,,5,1,,,,,"https://www.google.com/maps/place/Julia%E2%80%99s+nursery/@24.4660218,54.3559183,17z/data=!3m1!4b1!4m6!3m5!1s0x3e5e6777f9dac5c5:0xc8a975334738faa7!8m2!3d24.4660218!4d54.3559183!16s%2Fg%2F11sghj5fqb?authuser=0&hl=en&entry=ttu&g_ep=EgoyMDI2MDkzMC4wIKXMDSoASAFQAw%3D%3D",,,,,,,,,
476,keep,,Kids Fantasy Nursery - Outstanding Nursery,preschool,Nursery school,Al Khalidiyah,,4.7,63,+971 56 329 9553,info@kidsfantasynursery.com,,https://kidsfantasynursery.com/,"https://www.google.com/maps/place/Kids+Fantasy+Nursery+-+Outstanding+Nursery/@24.4724496,54.3448204,17z/data=!3m1!4b1!4m6!3m5!1s0x3e5e473c50748237:0x4eba4470bf54c6a3!8m2!3d24.4724496!4d54.3448204!16s%2Fg%2F11b6hmkshj?authuser=0&hl=en&entry=ttu&g_ep=EgoyMDI2MDkzMC4wIKXMDSoASAFQAw%3D%3D",45 days,4 years,British (EYFS),ADEK,babies and children from 45 days to 4 years,"follows a curriculum based on the British National Curriculum EYFS enhanced with Arabic, Islamic and French",Kids Fantasy Nursery is outstanding nursery rated by ADEK,https://kidsfantasynursery.com/,
554,keep,,Kids Wania International,preschool,Montessori preschool,Al Khalidiyah,,5,10,+971 56 755 7929,,,https://www.kidswania.com/,"https://www.google.com/maps/place/Kids+Wania+International/@24.4707023,54.3394429,17z/data=!3m1!4b1!4m6!3m5!1s0x3e5e6523ccb873ed:0x17442b99239546b!8m2!3d24.4707023!4d54.3394429!16s%2Fg%2F11xvjw3891?authuser=0&hl=en&entry=ttu&g_ep=EgoyMDI2MDkzMC4wIKXMDSoASAFQAw%3D%3D",,,,,,,,,
474,keep,,Ladybird Nursery - Al Zaabi - Abu Dhabi,preschool,Preschool,Al Khalidiyah,,4.5,77,+971 50 384 9555,info@lady-bird-nursery.com,,http://www.lady-bird-nursery.com/,"https://www.google.com/maps/place/Ladybird+Nursery+-+Al+Zaabi+-+Abu+Dhabi/@24.463162,54.357554,17z/data=!3m1!4b1!4m6!3m5!1s0x3e5e661ad2886479:0x9fccf984bdf00344!8m2!3d24.463162!4d54.357554!16s%2Fg%2F1ptxxdy8j?authuser=0&hl=en&entry=ttu&g_ep=EgoyMDI2MDkzMC4wIKXMDSoASAFQAw%3D%3D",1 years,4 years,British (EYFS); Montessori,,Ladybird provides an early years experience for children aged 1-4 years.,a personalised Montessori approach blended with the EYFS framework,,http://www.lady-bird-nursery.com/,part of Kids First Group
577,keep,,Little stars daycare and pre school,daycare,Preschool,Al Khalidiyah,,5,3,+971 58 542 7302,,,,"https://www.google.com/maps/place/Little+stars+daycare+and+pre+school/@24.4695044,54.3474441,17z/data=!3m1!4b1!4m6!3m5!1s0x3e5e677150d51ab3:0xff82b5c906ca188b!8m2!3d24.4695044!4d54.3474441!16s%2Fg%2F11xvz5sv3s?authuser=0&hl=en&entry=ttu&g_ep=EgoyMDI2MDkzMC4wIKXMDSoASAFQAw%3D%3D",,,,,,,,,
475,keep,,Playhouse Nursery,preschool,Nursery school,Al Khalidiyah,,4.1,41,+971 54 263 2235,,,https://www.instagram.com/playhouse_nursery_khalidiya_br/,"https://www.google.com/maps/place/Playhouse+Nursery/@24.4774557,54.349551,17z/data=!3m1!4b1!4m6!3m5!1s0x3e5e65e6a2cd6fd9:0x61155319c04484e6!8m2!3d24.4774557!4d54.349551!16s%2Fg%2F11b6bwpdqw?authuser=0&hl=en&entry=ttu&g_ep=EgoyMDI2MDkzMC4wIKXMDSoASAFQAw%3D%3D",,,,,,,,,
473,keep,,Tiny Dreams Nursery Al-Khalidiya Garden,preschool,Nursery school,Al Khalidiyah,,4.7,58,+971 2 665 5789,admin@tinydreams.ae,,http://www.tinydreams.ae/,"https://www.google.com/maps/place/Tiny+Dreams+Nursery+Al-Khalidiya+Garden/@24.4674998,54.3468242,17z/data=!3m1!4b1!4m6!3m5!1s0x3e5e6609fdde029d:0x7468c08e37d729fd!8m2!3d24.4674998!4d54.3468242!16s%2Fg%2F11cm0qg37b?authuser=0&hl=en&entry=ttu&g_ep=EgoyMDI2MDkzMC4wIKXMDSoASAFQAw%3D%3D",,4 years,,,Ages: 0-12 months / 1-2 years / 2-3 years / 3-4 years,play-based curriculum; Responsive Classroom (no named framework),,http://www.tinydreams.ae/,start age not stated (youngest class '0-12 months')
560,keep,,Young World,preschool,Nursery school,Al Khalidiyah,,5,4,+971 55 279 9901,,,,"https://www.google.com/maps/place/Young+World/@24.464659,54.352568,17z/data=!3m1!4b1!4m6!3m5!1s0x3e5e660f51915b99:0x3395866f1d388af0!8m2!3d24.464659!4d54.352568!16s%2Fg%2F1hcb8kjc0?authuser=0&hl=en&entry=ttu&g_ep=EgoyMDI2MDkzMC4wIKXMDSoASAFQAw%3D%3D",,,,,,,,,
539,keep,,Apple field nursery,preschool,Nursery school,Al Manhal,,4.1,66,+971 56 831 8219,info@applefieldnursery.com,,https://applefieldnursery.com/,"https://www.google.com/maps/place/Apple+field+nursery/@24.4643309,54.3679424,17z/data=!3m1!4b1!4m6!3m5!1s0x3e5e67007130ac63:0x3bdd32689d91ab72!8m2!3d24.4643309!4d54.3679424!16s%2Fg%2F11w1lstbfv?authuser=0&hl=en&entry=ttu&g_ep=EgoyMDI2MDkzMC4wIKXMDSoASAFQAw%3D%3D",,,American,,,American Creative Curriculum,,https://applefieldnursery.com/,
485,keep,,Blossom Bateen,preschool,Nursery school,Al Manhal,,4.7,72,+971 800 6877379,,,https://www.theblossomnursery.com/nurseries/blossom-bateen?utm_source=gmb&utm_medium=direct,"https://www.google.com/maps/place/Blossom+Bateen/@24.4591418,54.3594028,17z/data=!3m1!4b1!4m6!3m5!1s0x3e5e661ceff39b1b:0xaf9156feb8ad2574!8m2!3d24.4591418!4d54.3594028!16s%2Fg%2F11c1wx2ztd?authuser=0&hl=en&entry=ttu&g_ep=EgoyMDI2MDkzMC4wIKXMDSoASAFQAw%3D%3D",45 days,4 years,British (EYFS); Reggio Emilia,,Ages: 45 days to 4 years (FS1),We combine the British EYFS framework with the Reggio Emilia philosophy,,https://www.theblossomnursery.com/nurseries/blossom-bateen,
535,keep,,EMIRATES KINDER CARE NURSERY/ حضانة الامارات كيندر كير,preschool,Nursery school,Al Manhal,,4.7,43,+971 50 596 1010,ekcnnursery@gmail.com,"4079.nr@adek.gov.ae, account@emirateskindercarenursery.com",http://www.emirateskindercarenursery.com/,"https://www.google.com/maps/place/EMIRATES+KINDER+CARE+NURSERY%2F+%D8%AD%D8%B6%D8%A7%D9%86%D8%A9+%D8%A7%D9%84%D8%A7%D9%85%D8%A7%D8%B1%D8%A7%D8%AA+%D9%83%D9%8A%D9%86%D8%AF%D8%B1+%D9%83%D9%8A%D8%B1%E2%80%AD/@24.467521,54.363725,17z/data=!3m1!4b1!4m6!3m5!1s0x3e5e661750b6fcdb:0xc054079ec46965a2!8m2!3d24.467521!4d54.363725!16s%2Fg%2F1hm4hxwb7?authuser=0&hl=en&entry=ttu&g_ep=EgoyMDI2MDkzMC4wIKXMDSoASAFQAw%3D%3D",45 days,4 years,British (EYFS); Arabic / English bilingual,ADEK,Age Group: 45 days – 24 months ... Age Group: 3 years – 4 years,"we base our learning curriculum on the British EYFS; the EYFS curriculum in both languages, English and Arabic",Admin Email: 4079.nr@adek.gov.ae (ADEK nursery address),http://www.emirateskindercarenursery.com/,admin address 4079.nr@adek.gov.ae also on site
655,keep,,Emirates KinderCare Nursery,preschool,Nursery school,Al Manhal,,,0,+971 50 596 1010,ekcnnursery@gmail.com,"4079.nr@adek.gov.ae, account@emirateskindercarenursery.com",http://www.emirateskindercarenursery.com/,"https://www.google.com/maps/place/Emirates+KinderCare+Nursery/@24.4667955,54.3606959,16z/data=!3m1!4b1!4m6!3m5!1s0x20f2999be6d58ecd:0xb680b7c760b9cb9!8m2!3d24.4667955!4d54.3606959!16s%2Fg%2F11st_s7jd8?authuser=0&hl=en&entry=ttu&g_ep=EgoyMDI2MDkzMC4wIKXMDSoASAFQAw%3D%3D",45 days,4 years,British (EYFS); Arabic / English bilingual,ADEK,Age Group: 45 days – 24 months ... Age Group: 3 years – 4 years,"we base our learning curriculum on the British EYFS; the EYFS curriculum in both languages, English and Arabic",Admin Email: 4079.nr@adek.gov.ae (ADEK nursery address),http://www.emirateskindercarenursery.com/,admin address 4079.nr@adek.gov.ae also on site
526,keep,,First Steps School & Nursery,preschool,Nursery school,Al Manhal,,4.3,60,+971 2 445 4920,,,,"https://www.google.com/maps/place/First+Steps+School+%26+Nursery/@24.460228,54.368836,17z/data=!3m1!4b1!4m6!3m5!1s0x3e5e66202898837b:0x36f3216b54d05f83!8m2!3d24.460228!4d54.368836!16s%2Fg%2F11bbwxch7q?authuser=0&hl=en&entry=ttu&g_ep=EgoyMDI2MDkzMC4wIKXMDSoASAFQAw%3D%3D",,,,,,,,,
498,keep,,Jigsaw Nursery,preschool,Nursery school,Al Manhal,,4.6,50,+971 2 445 5222,,,http://www.jigsawnursery.ae/,"https://www.google.com/maps/place/Jigsaw+Nursery/@24.4558379,54.371484,17z/data=!3m1!4b1!4m6!3m5!1s0x3e5e689edc59493b:0x98d85251b1eadf30!8m2!3d24.4558379!4d54.371484!16s%2Fg%2F1td68blv?authuser=0&hl=en&entry=ttu&g_ep=EgoyMDI2MDkzMC4wIKXMDSoASAFQAw%3D%3D",,,,,,,,,
628,keep,,Kidz Link Nursery - AlRowdah Branch,preschool,Preschool,Al Manhal,,5,9,+971 2 444 5851,,,http://kidzlink.ae.org/,"https://www.google.com/maps/place/Kidz+Link+Nursery+-+AlRowdah+Branch/@24.4575216,54.3727058,17z/data=!3m1!4b1!4m6!3m5!1s0x3e5e689e680dad29:0x9910114507899140!8m2!3d24.4575216!4d54.3727058!16s%2Fg%2F1hjgzk5gs?authuser=0&hl=en&entry=ttu&g_ep=EgoyMDI2MDkzMC4wIKXMDSoASAFQAw%3D%3D",,,,,,,,,
506,keep,,Let`s Start Nursery - Abudhabi,preschool,Nursery school,Al Manhal,,4.9,58,+971 56 912 4666,,,http://www.letsstartnursery.com/,"https://www.google.com/maps/place/Let%60s+Start+Nursery+-+Abudhabi/@24.4571505,54.375543,17z/data=!3m1!4b1!4m6!3m5!1s0x3e5e691ecc15bc37:0xaedde8c6acfa77b7!8m2!3d24.4571505!4d54.375543!16s%2Fg%2F11wjp0fh5g?authuser=0&hl=en&entry=ttu&g_ep=EgoyMDI2MDkzMC4wIKXMDSoASAFQAw%3D%3D",,,,,,,,,
551,keep,,Loving Nursery حضانه المحبة,preschool,Nursery school,Al Manhal,,4.2,36,+971 55 582 2260,,,http://loving-nursery.ae/,"https://www.google.com/maps/place/Loving+Nursery+%D8%AD%D8%B6%D8%A7%D9%86%D9%87+%D8%A7%D9%84%D9%85%D8%AD%D8%A8%D8%A9%E2%80%AD/@24.4598795,54.3712285,17z/data=!3m1!4b1!4m6!3m5!1s0x3e5e4287363a7f21:0x5e2eab885796bc6f!8m2!3d24.4598795!4d54.3712285!16s%2Fg%2F11b7800w73?authuser=0&hl=en&entry=ttu&g_ep=EgoyMDI2MDkzMC4wIKXMDSoASAFQAw%3D%3D",,,,,,,,,
515,keep,,My teacher dodoo nursery,preschool,Kindergarten,Al Manhal,,4.5,42,+971 50 414 7311,,,,"https://www.google.com/maps/place/My+teacher+dodoo+nursery/@24.46836,54.3706792,17z/data=!3m1!4b1!4m6!3m5!1s0x3e5e67663efab39f:0xbcd7f197d76884a0!8m2!3d24.46836!4d54.3706792!16s%2Fg%2F11tbxydlpf?authuser=0&hl=en&entry=ttu&g_ep=EgoyMDI2MDkzMC4wIKXMDSoASAFQAw%3D%3D",,,,,,,,,
484,keep,,Orange Seeds Nursery - Al Manhal,preschool,Nursery school,Al Manhal,,4.7,14,+971 56 198 5142,,,https://orangeseedsnursery.com/,"https://www.google.com/maps/place/Orange+Seeds+Nursery+-+Al+Manhal/@24.4626098,54.3628658,17z/data=!3m1!4b1!4m6!3m5!1s0x3e5e67422bbb605b:0xa8055b5d181a4def!8m2!3d24.4626098!4d54.3628658!16s%2Fg%2F11yls0pj21?authuser=0&hl=en&entry=ttu&g_ep=EgoyMDI2MDkzMC4wIKXMDSoASAFQAw%3D%3D",4 months,6 years,British (EYFS); Montessori,,"We Welcome Children Aged 4 Months To 6 Years Across The Following Programs: Junior Toddler, Toddler, Pre-School, And FS1.","a Montessori-inspired, British curriculum nursery",,https://orangeseedsnursery.com/,site also says '6 months to 6 years'; Al Manhal branch was 'opening soon' on the site
549,keep,,Pippen Park Nursery,preschool,Kindergarten,Al Manhal,,5,5,+971 50 125 1147,,,http://www.pippenparknursery.ae/,"https://www.google.com/maps/place/Pippen+Park+Nursery/@24.4602451,54.3782111,17z/data=!3m1!4b1!4m6!3m5!1s0x3e5e6949919ef015:0xeacd17c811f1fcbc!8m2!3d24.4602451!4d54.3782111!16s%2Fg%2F11fm4zhvxk?authuser=0&hl=en&entry=ttu&g_ep=EgoyMDI2MDkzMC4wIKXMDSoASAFQAw%3D%3D",,,,,,,,,
548,keep,,Sunshine nursery,preschool,Nursery school,Al Manhal,,4.9,8,+971 2 449 9966,,,,"https://www.google.com/maps/place/Sunshine+nursery/@24.4706019,54.3600955,17z/data=!3m1!4b1!4m6!3m5!1s0x3e5e67b621b4f841:0x521a12bbab2c75c9!8m2!3d24.4706019!4d54.3600955!16s%2Fg%2F11rpd9cr90?authuser=0&hl=en&entry=ttu&g_ep=EgoyMDI2MDkzMC4wIKXMDSoASAFQAw%3D%3D",,,,,,,,,
640,keep,,Emirates Best Nursery,preschool,Nursery school,Al Maqta,,4.4,34,+971 58 932 4266,,,http://www.emiratesnursery.ae/,"https://www.google.com/maps/place/Emirates+Best+Nursery/@24.408978,54.4982262,17z/data=!3m1!4b1!4m6!3m5!1s0x3e5e41604394e349:0xc5943163ff7b4127!8m2!3d24.408978!4d54.4982262!16s%2Fg%2F11bw5x2_91?authuser=0&hl=en&entry=ttu&g_ep=EgoyMDI2MDkzMC4wIKXMDSoASAFQAw%3D%3D",,,,,,,,,
636,keep,,Fairytale Nursery - Abu Dhabi,preschool,Kindergarten,Al Maqta,,4.3,50,+971 50 875 4774,,,,"https://www.google.com/maps/place/Fairytale+Nursery+-+Abu+Dhabi/@24.412411,54.4999633,17z/data=!3m1!4b1!4m6!3m5!1s0x3e5e43e00a609d03:0x38601d3bc219bc24!8m2!3d24.412411!4d54.4999633!16s%2Fg%2F11bwf7fpmt?authuser=0&hl=en&entry=ttu&g_ep=EgoyMDI2MDkzMC4wIKXMDSoASAFQAw%3D%3D",,,,,,,,,
545,keep,,Smart Start Play Care Center,daycare,Day care center,Al Markaziyah,,4.7,46,+971 50 305 0929,,,,"https://www.google.com/maps/place/Smart+Start+Play+Care+Center/@24.493915,54.361519,17z/data=!3m1!4b1!4m6!3m5!1s0xb30f9df2f253135:0x4b4ef995d424d37!8m2!3d24.493915!4d54.361519!16s%2Fg%2F11tmhphw4y?authuser=0&hl=en&entry=ttu&g_ep=EgoyMDI2MDkzMC4wIKXMDSoASAFQAw%3D%3D",,,,,,,,,
629,keep,,Bloom Nurseries,preschool,Nursery school,Al Muntazah,,4.5,39,+971 2 610 9666,admissions@bloomnurseries.ae,,https://bloomnurseries.ae/,"https://www.google.com/maps/place/Bloom+Nurseries/@24.4303351,54.4587607,17z/data=!3m1!4b1!4m6!3m5!1s0x3e5e4242d85c4d83:0xd672ad0419f0b1b!8m2!3d24.4303351!4d54.4587607!16s%2Fg%2F11dyzkr2nr?authuser=0&hl=en&entry=ttu&g_ep=EgoyMDI2MDkzMC4wIKXMDSoASAFQAw%3D%3D",,4 years,British (EYFS),ADEK,welcoming children from the age of 0-4 years,Bloom Nurseries follow the Early Years Foundation Stage Curriculum (British Curriculum),has been always rated outstanding by ADEK,https://bloomnurseries.ae/,formerly Mindchamps; publishes fees
632,keep,,Global Montessori Nursery (GMN),preschool,Montessori preschool,Al Muntazah,,5,33,+971 2 309 0042,gmn.admin@gmnad.com,,https://www.globalmontessorinursery.ae/,"https://www.google.com/maps/place/Global+Montessori+Nursery+(GMN)/@24.4409631,54.4459564,17z/data=!3m1!4b1!4m6!3m5!1s0x3e5e4357e1995679:0x816e70230c021142!8m2!3d24.4409631!4d54.4459564!16s%2Fg%2F11h56pbhcl?authuser=0&hl=en&entry=ttu&g_ep=EgoyMDI2MDkzMC4wIKXMDSoASAFQAw%3D%3D",1 years,4 years,Montessori; British (EYFS),ADEK,children from 12 months to 4 years of age,Combining authentic Montessori education with the EYFS framework,site has an 'ADEK Reports' page,https://www.globalmontessorinursery.ae/,
633,keep,,Kids Fantasy Nursery ADIB Branch,preschool,Nursery school,Al Muntazah,,4.7,14,+971 2 497 7611,info@kidsfantasynursery.com,,http://www.kidsfatasynursery.com/,"https://www.google.com/maps/place/Kids+Fantasy+Nursery+ADIB+Branch/@24.4228023,54.4580209,17z/data=!3m1!4b1!4m6!3m5!1s0x3e5e43f7e51e26f3:0xf9468846c5475910!8m2!3d24.4228023!4d54.4580209!16s%2Fg%2F11ptlz39z4?authuser=0&hl=en&entry=ttu&g_ep=EgoyMDI2MDkzMC4wIKXMDSoASAFQAw%3D%3D",45 days,4 years,British (EYFS),ADEK,babies and children from 45 days to 4 years (kidsfantasynursery.com),follows a curriculum based on the British National Curriculum EYFS,Kids Fantasy Nursery is outstanding nursery rated by ADEK,https://kidsfantasynursery.com/,"listing's own website link is misspelt (kidsfatasynursery.com, dead); details from the chain site"
584,keep,,"The Montessori Children's Garden Nursery & PRESCHOOL , Khalifa Fund Project حضانة - رياض أطفال ذا مونتسوري شيلدرنز جاردن",preschool,Nursery school,Al Muntazah,,4.7,184,+971 52 747 8888,tmcg.uae@gmail.com,,http://www.themontessoricg.com/,"https://www.google.com/maps/place/The+Montessori+Children's+Garden+Nursery+%26+PRESCHOOL+,+Khalifa+Fund+Project+%D8%AD%D8%B6%D8%A7%D9%86%D8%A9+-+%D8%B1%D9%8A%D8%A7%D8%B6+%D8%A3%D8%B7%D9%81%D8%A7%D9%84+%D8%B0%D8%A7+%D9%85%D9%88%D9%86%D8%AA%D8%B3%D9%88%D8%B1%D9%8A+%D8%B4%D9%8A%D9%84%D8%AF%D8%B1%D9%86%D8%B2+%D8%AC%D8%A7%D8%B1%D8%AF%D9%86%E2%80%AD/@24.4247784,54.4547467,17z/data=!3m1!4b1!4m6!3m5!1s0x3e5e426a1f295101:0xbd8002e5c83413cc!8m2!3d24.4247784!4d54.4547467!16s%2Fg%2F11c6r20w76?authuser=0&hl=en&entry=ttu&g_ep=EgoyMDI2MDkzMC4wIKXMDSoASAFQAw%3D%3D",45 days,59 months,Montessori; British (EYFS); Arabic / English bilingual,,We welcome children from 45 days to 4 years 11 months,Montessori + EYFS alignment; Arabic + English,,http://www.themontessoricg.com/,"'Licensed MNC' = licence for the Montessori Australia curriculum, not a regulator"
525,keep,,ABC Nursery,preschool,Nursery school,Al Muroor,,4.6,37,+971 2 642 9652,nurseryabc1979@gmail.com,,https://abc-nursery.ae/,"https://www.google.com/maps/place/ABC+Nursery/@24.4604575,54.3836093,17z/data=!3m1!4b1!4m6!3m5!1s0x3e5e663847b7e5fb:0xb7f0dcee1b414bc4!8m2!3d24.4604575!4d54.3836093!16s%2Fg%2F11bbwqr9ym?authuser=0&hl=en&entry=ttu&g_ep=EgoyMDI2MDkzMC4wIKXMDSoASAFQAw%3D%3D",,,,,,,,https://abc-nursery.ae/,site has almost no text
508,keep,,Blossom Nursery - Muroor,preschool,Nursery school,Al Muroor,,4.8,77,+971 800 6877379,,,https://www.theblossomnursery.com/nurseries/blossom-muroor?utm_source=gmb&utm_medium=direct,"https://www.google.com/maps/place/Blossom+Nursery+-+Muroor/@24.4408656,54.4140883,17z/data=!3m1!4b1!4m6!3m5!1s0x3e5e68383f04a40b:0x6a2364a798744afa!8m2!3d24.4408656!4d54.4140883!16s%2Fg%2F11bwpv4q5s?authuser=0&hl=en&entry=ttu&g_ep=EgoyMDI2MDkzMC4wIKXMDSoASAFQAw%3D%3D",45 days,4 years,British (EYFS); Reggio Emilia,,Ages: 45 days to 4 years (FS1),We combine the British EYFS framework with the Reggio Emilia philosophy,,https://www.theblossomnursery.com/nurseries/blossom-muroor,
523,keep,,Happy Jump nursery Muroor Road حضانة هابي جمب فرع شارع المرور,preschool,Nursery school,Al Muroor,,4.8,60,+971 600 575752,,,,"https://www.google.com/maps/place/Happy+Jump+nursery+Muroor+Road+%D8%AD%D8%B6%D8%A7%D9%86%D8%A9+%D9%87%D8%A7%D8%A8%D9%8A+%D8%AC%D9%85%D8%A8+%D9%81%D8%B1%D8%B9+%D8%B4%D8%A7%D8%B1%D8%B9+%D8%A7%D9%84%D9%85%D8%B1%D9%88%D8%B1%E2%80%AD/@24.4504996,54.3990183,17z/data=!3m1!4b1!4m6!3m5!1s0x3e5e69b14642ecd9:0xefcca67ab9f5123d!8m2!3d24.4504996!4d54.3990183!16s%2Fg%2F11j06z1hh5?authuser=0&hl=en&entry=ttu&g_ep=EgoyMDI2MDkzMC4wIKXMDSoASAFQAw%3D%3D",,,,,,,,,
511,keep,,Kids Zone Nursery - Muroor,preschool,Child care agency,Al Muroor,,4.9,121,+971 2 442 0201,info@kidszoneauh.com,info@kidzoneauh.com,https://kidszoneauh.com/,"https://www.google.com/maps/place/Kids+Zone+Nursery+-+Muroor/@24.4469044,54.4018281,17z/data=!3m1!4b1!4m6!3m5!1s0x3e5e69810b84c4b9:0x91361e1c52c232ca!8m2!3d24.4469044!4d54.4018281!16s%2Fg%2F11x66j5q0n?authuser=0&hl=en&entry=ttu&g_ep=EgoyMDI2MDkzMC4wIKXMDSoASAFQAw%3D%3D",,,,,,,,,
635,keep,,My Joyful World Nursery,preschool,Nursery school,Al Muroor,,4.5,8,+971 50 835 7911,,,,"https://www.google.com/maps/place/My+Joyful+World+Nursery/@24.4504977,54.3990192,17z/data=!3m1!4b1!4m6!3m5!1s0x3e5e68667c9ada6f:0x72561bf8d240fc52!8m2!3d24.4504977!4d54.3990192!16s%2Fg%2F124sy3m2j?authuser=0&hl=en&entry=ttu&g_ep=EgoyMDI2MDkzMC4wIKXMDSoASAFQAw%3D%3D",,,,,,,,,
588,keep,,Al Dana private Nursery Mushrif Branch,preschool,Preschool,Al Mushrif,,4.3,58,+971 600 575752,,,http://www.aldananurseries.com/,"https://www.google.com/maps/place/Al+Dana+private+Nursery+Mushrif+Branch/@24.4354089,54.4021625,17z/data=!3m1!4b1!4m6!3m5!1s0x3e5e684fe90225b5:0x9dee197caf961a44!8m2!3d24.4354089!4d54.4021625!16s%2Fg%2F11c1xhg0xx?authuser=0&hl=en&entry=ttu&g_ep=EgoyMDI2MDkzMC4wIKXMDSoASAFQAw%3D%3D",,,,,,,,,
634,keep,,AlMushrif Nursery,preschool,Kindergarten,Al Mushrif,,3.6,16,+971 55 899 0500,,,,"https://www.google.com/maps/place/AlMushrif+Nursery/@24.4284681,54.3994663,17z/data=!3m1!4b1!4m6!3m5!1s0x3e5e68525cb94d55:0x66f8323f00cf196!8m2!3d24.4284681!4d54.3994663!16s%2Fg%2F11b5yrcrk5?authuser=0&hl=en&entry=ttu&g_ep=EgoyMDI2MDkzMC4wIKXMDSoASAFQAw%3D%3D",,,,,,,,,
587,keep,,Bright Beginnings Nursery - Mushrif Branch,preschool,Nursery school,Al Mushrif,,4.8,104,+971 2 449 2840,mushrif@brightbeginnings.ae,"mehairba@brightbeginnings.ae, saadiyat@brightbeginnings.ae, careers@brightbeginnings.ae",https://www.brightbeginnings.ae/,"https://www.google.com/maps/place/Bright+Beginnings+Nursery+-+Mushrif+Branch/@24.430487,54.4158155,17z/data=!3m1!4b1!4m6!3m5!1s0x3e5e68351dfadbb3:0x4edb3a047c8eb010!8m2!3d24.430487!4d54.4158155!16s%2Fg%2F11bbwnnsb4?authuser=0&hl=en&entry=ttu&g_ep=EgoyMDI2MDkzMC4wIKXMDSoASAFQAw%3D%3D",28 days,4 years,British (EYFS),ADEK,We care for children from 4 weeks to 4 years of age.,Two frameworks shape the Bright Beginnings curriculum: the Early Years Foundation Stage in the UK and the Early Years Learning Framework for Australia.,"Our experienced, ADEK-approved teaching staff",https://www.brightbeginnings.ae/,4 weeks entered as 28 days
651,keep,,Clever Hands Nursery,preschool,Nursery school,Al Mushrif,,4,4,+971 2 491 7771,,,,"https://www.google.com/maps/place/Clever+Hands+Nursery/@24.4282378,54.4091478,17z/data=!3m1!4b1!4m6!3m5!1s0x3e5e684ad4af623f:0x8323760c0b968501!8m2!3d24.4282378!4d54.4091478!16s%2Fg%2F11bwkf0c1r?authuser=0&hl=en&entry=ttu&g_ep=EgoyMDI2MDkzMC4wIKXMDSoASAFQAw%3D%3D",,,,,,,,,
492,keep,,Little Haven Nursery,preschool,Nursery school,Al Mushrif,,4.9,24,+971 2 447 9688,admin@littlehavennursery.ae,,http://www.littlehavennursery.ae/,"https://www.google.com/maps/place/Little+Haven+Nursery/@24.4449135,54.3871191,17z/data=!3m1!4b1!4m6!3m5!1s0x3e5e688b10ca7e0b:0x652b344bd6a40fdc!8m2!3d24.4449135!4d54.3871191!16s%2Fg%2F1pp2t_q87?authuser=0&hl=en&entry=ttu&g_ep=EgoyMDI2MDkzMC4wIKXMDSoASAFQAw%3D%3D",,,British (EYFS); Montessori; Reggio Emilia,ADEK,,"we follow the EYFS (Early Years Foundation Stage) framework, enriched with the best of Montessori and Reggio Emilia philosophies","At Little Haven Nursery, we follow ADEK guidelines.",http://www.littlehavennursery.ae/,ages not stated (has a Baby Room and Pre-KG)
639,keep,,Little Prince Nursery,preschool,Kindergarten,Al Mushrif,,5,10,+971 50 788 0064,,,,"https://www.google.com/maps/place/Little+Prince+Nursery/@24.4282359,54.4091319,17z/data=!3m1!4b1!4m6!3m5!1s0x3e5e695e498d5639:0xfefba7328944714a!8m2!3d24.4282359!4d54.4091319!16s%2Fg%2F11qg4y5qsb?authuser=0&hl=en&entry=ttu&g_ep=EgoyMDI2MDkzMC4wIKXMDSoASAFQAw%3D%3D",,,,,,,,,
527,keep,,Odyssey Nursery - Mushrif,preschool,Nursery school,Al Mushrif,,4.9,54,+971 800 24453,info@odysseynursery.com,"register@odysseynursery.com, info-alsaadiyat@odysseynursery.com, info-westyas@odysseynursery.com, info-alzeina@odysseynursery.com ...",http://www.odysseynursery.com/,"https://www.google.com/maps/place/Odyssey+Nursery+-+Mushrif/@24.43481,54.4045674,17z/data=!3m1!4b1!4m6!3m5!1s0x3e5e69bda9f9a7fd:0xce92f04ce39ed8e6!8m2!3d24.43481!4d54.4045674!16s%2Fg%2F11hrbc31wn?authuser=0&hl=en&entry=ttu&g_ep=EgoyMDI2MDkzMC4wIKXMDSoASAFQAw%3D%3D",3 months,4 years,Reggio Emilia,,Age Groups (3 months to 6 years) ... Foundation 2 (4-6 Years): This age group is applicable to Dubai branches only.,"At Odyssey, we follow the Reggio Emilia approach",,http://www.odysseynursery.com/,chain: branch emails info-<branch>@odysseynursery.com
532,keep,,Royal Palace Nursery,preschool,Nursery school,Al Mushrif,,4.3,24,+971 2 644 8887,,,https://instagram.com/royalpalacenursery?igshid=MDM4ZDc5MmU=,"https://www.google.com/maps/place/Royal+Palace+Nursery/@24.4414798,54.3954498,17z/data=!3m1!4b1!4m6!3m5!1s0x3e5e685e9c66fd6d:0xd352967fc1b9d89e!8m2!3d24.4414798!4d54.3954498!16s%2Fg%2F11bw3d1j5h?authuser=0&hl=en&entry=ttu&g_ep=EgoyMDI2MDkzMC4wIKXMDSoASAFQAw%3D%3D",,,,,,,,,
507,keep,,Stanford Nursery AlMushrif Branch - حضانة ستانفورد فرع المشرف,preschool,Nursery school,Al Mushrif,,4.6,10,+971 58 105 6959,info@stanfordnursery.com,,https://stanfordnursery.com/,"https://www.google.com/maps/place/Stanford+Nursery+AlMushrif+Branch+-+%D8%AD%D8%B6%D8%A7%D9%86%D8%A9+%D8%B3%D8%AA%D8%A7%D9%86%D9%81%D9%88%D8%B1%D8%AF+%D9%81%D8%B1%D8%B9+%D8%A7%D9%84%D9%85%D8%B4%D8%B1%D9%81%E2%80%AD/@24.4353853,54.4022124,17z/data=!3m1!4b1!4m6!3m5!1s0x3e5e69da0b0ca1ed:0x7fda5f97d50610c7!8m2!3d24.4353853!4d54.4022124!16s%2Fg%2F11yrvrm6cm?authuser=0&hl=en&entry=ttu&g_ep=EgoyMDI2MDkzMC4wIKXMDSoASAFQAw%3D%3D",,,British (EYFS),,,منهج EYFS البريطاني المعتمد (accredited British EYFS curriculum),,https://stanfordnursery.com/,'Al Dana nursery Baniyas' uses the Stanford Nursery website
546,keep,,Al Haneen Nursery,preschool,Nursery school,Al Nahyan,,3.5,4,+971 2 553 0300,,,,"https://www.google.com/maps/place/Al+Haneen+Nursery/@24.4527612,54.3921882,17z/data=!3m1!4b1!4m6!3m5!1s0x3e5e6862e95c3553:0x458d6235bf75d7bc!8m2!3d24.4527612!4d54.3921882!16s%2Fg%2F11c1k_997f?authuser=0&hl=en&entry=ttu&g_ep=EgoyMDI2MDkzMC4wIKXMDSoASAFQAw%3D%3D",,,,,,,,,
499,keep,,Bedayati Nursery,preschool,Preschool,Al Nahyan,,5,21,+971 56 111 5252,,,,"https://www.google.com/maps/place/Bedayati+Nursery/@24.4667169,54.3880532,17z/data=!3m1!4b1!4m6!3m5!1s0x3e5e677f8a8693fd:0xdea6cb3b528adf43!8m2!3d24.4667169!4d54.3880532!16s%2Fg%2F11zxdlng_x?authuser=0&hl=en&entry=ttu&g_ep=EgoyMDI2MDkzMC4wIKXMDSoASAFQAw%3D%3D",,,,,,,,,
555,keep,,British Home Nursery Head Office,preschool,Nursery school,Al Nahyan,,3,14,+971 800 2748474,albahia@bhn.ae,"info@bhn.ae, a.shamkha@bhn.ae, a.baniyas@bhn.ae",https://www.bhn.ae/,"https://www.google.com/maps/place/British+Home+Nursery+Head+Office/@24.475604,54.379273,17z/data=!3m1!4b1!4m6!3m5!1s0x3e5e663a096971ff:0x62a5c01e73f530dc!8m2!3d24.475604!4d54.379273!16s%2Fg%2F11f01t9kdd?authuser=0&hl=en&entry=ttu&g_ep=EgoyMDI2MDkzMC4wIKXMDSoASAFQAw%3D%3D",4 months,4 years,British (EYFS),,providing educational services to children from 4 months to 4 years of age,British Home Nursery follows the EYFS curriculum,,https://www.bhn.ae/,
565,keep,,British Orchard Nursery - Al Nahyan- Abu Dhabi,preschool,Nursery school,Al Nahyan,,4.8,194,+971 2 443 9893,info@britishorchardnursery.com,"jbr@britishorchardnursery.com, mirdif@britishorchardnursery.com, mbz@britishorchardnursery.com, altwar@britishorchardnursery.com ...",http://www.britishorchardnursery.com/,"https://www.google.com/maps/place/British+Orchard+Nursery+-+Al+Nahyan-+Abu+Dhabi/@24.4721489,54.379581,17z/data=!3m1!4b1!4m6!3m5!1s0x3e5e663aa6da0e97:0x1e617982a96e3964!8m2!3d24.4721489!4d54.379581!16s%2Fg%2F11xnygf39?authuser=0&hl=en&entry=ttu&g_ep=EgoyMDI2MDkzMC4wIKXMDSoASAFQAw%3D%3D",45 days,5 years,British (EYFS),ADEK,We accept children from 45 days to 5 years old,BON follows the EYFS (British) curriculum,'ADEK' listed on the site (logo/accreditation line only),http://www.britishorchardnursery.com/,"chain site lists 16 branch emails; no Abu Dhabi branch address found, so info@"
482,keep,,Discovery Nursery Al Nahyan,preschool,Preschool,Al Nahyan,,4.9,114,+971 2 665 3331,info@discoverynursery.ae,,http://www.discoverynursery.ae/,"https://www.google.com/maps/place/Discovery+Nursery+Al+Nahyan/@24.4696349,54.3844202,17z/data=!3m1!4b1!4m6!3m5!1s0x3e5e6607a0ca8c91:0x3779bc1a290dbc57!8m2!3d24.4696349!4d54.3844202!16s%2Fg%2F11dxbwpmcn?authuser=0&hl=en&entry=ttu&g_ep=EgoyMDI2MDkzMC4wIKXMDSoASAFQAw%3D%3D",45 days,4 years,British (EYFS); Reggio Emilia,ADEK,caring for children from 45 days to 4 years old,We follow the British EYFS framework and enrich it with the Reggio Emilia approach,"several successful nurseries across the UAE, recognised by ADEK",http://www.discoverynursery.ae/,formerly Step By Step Nursery Abu Dhabi
572,keep,,Inaya Child Care,daycare,Day care center,Al Nahyan,,4.9,33,+971 50 194 2297,info@inayachildcare.com,inayachildcare@gmail.com,http://inayachildcare.com/,"https://www.google.com/maps/place/Inaya+Child+Care/@24.4651218,54.376123,17z/data=!3m1!4b1!4m6!3m5!1s0x3e5e670f758cf08d:0xcf08763477fecc08!8m2!3d24.4651218!4d54.376123!16s%2Fg%2F11v01ljn1h?authuser=0&hl=en&entry=ttu&g_ep=EgoyMDI2MDkzMC4wIKXMDSoASAFQAw%3D%3D",,,,,,,,http://inayachildcare.com/,site has almost no text
612,keep,,Little Founders Nursery,preschool,Nursery school,Al Nahyan,,5,5,+971 50 524 6266,,,https://www.littlefoundersnursery.com/,"https://www.google.com/maps/place/Little+Founders+Nursery/@24.4607758,54.3963559,17z/data=!3m1!4b1!4m6!3m5!1s0x3e5e69410457f375:0xa20229d12b7b9f5c!8m2!3d24.4607758!4d54.3963559!16s%2Fg%2F11z9rd15_n?authuser=0&hl=en&entry=ttu&g_ep=EgoyMDI2MDkzMC4wIKXMDSoASAFQAw%3D%3D",,,,,,,,,
543,keep,,Redwood Montessori Nursery - Al Nahyan,preschool,Nursery school,Al Nahyan,,4.8,23,+971 800 24453,info.mbz@theredwoodnursery.com,"register@theredwoodnursery.com, info.tilalalghaf@theredwoodnursery.com, info.noya@theredwoodnursery.com, info.saadiyat.island@theredwoodnursery.com ...",https://www.theredwoodnursery.com/,"https://www.google.com/maps/place/Redwood+Montessori+Nursery+-+Al+Nahyan/@24.4605033,54.3964244,17z/data=!3m1!4b1!4m6!3m5!1s0x3e5e695ba5b3ed97:0xaeb9439631233edc!8m2!3d24.4605033!4d54.3964244!16s%2Fg%2F11vythrzjr?authuser=0&hl=en&entry=ttu&g_ep=EgoyMDI2MDkzMC4wIKXMDSoASAFQAw%3D%3D",3 months,6 years,Montessori,,Age Groups (3 months to 6 years),Redwood nurseries follow the authentic Montessori method,,https://www.theredwoodnursery.com/,same chain site as S19
541,keep,,Sesame Street Private Nursery,preschool,Nursery school,Al Nahyan,,4.3,25,+971 2 448 8424,,,,"https://www.google.com/maps/place/Sesame+Street+Private+Nursery/@24.4728063,54.3878169,17z/data=!3m1!4b1!4m6!3m5!1s0x3e5e662d9dc3f17f:0xc93e96443d6f207d!8m2!3d24.4728063!4d54.3878169!16s%2Fg%2F11b6x81fl4?authuser=0&hl=en&entry=ttu&g_ep=EgoyMDI2MDkzMC4wIKXMDSoASAFQAw%3D%3D",,,,,,,,,
509,keep,,Tiny Dreams Nursery Al-Mamoura /Al-Nahyan,preschool,Nursery school,Al Nahyan,,5,18,+971 2 665 0407,admin@tinydreams.ae,,https://www.tinydreams.ae/,"https://www.google.com/maps/place/Tiny+Dreams+Nursery+Al-Mamoura+%2FAl-Nahyan/@24.4637476,54.3913208,17z/data=!3m1!4b1!4m6!3m5!1s0x3e5e69957633b909:0x3b8b89197ab59c57!8m2!3d24.4637476!4d54.3913208!16s%2Fg%2F11wmng38pf?authuser=0&hl=en&entry=ttu&g_ep=EgoyMDI2MDkzMC4wIKXMDSoASAFQAw%3D%3D",,4 years,,,Ages: 0-12 months / 1-2 years / 2-3 years / 3-4 years,play-based curriculum (no named framework),,https://www.tinydreams.ae/,same site as Tiny Dreams Al-Khalidiya
512,keep,,حضانة سيمبا,preschool,Nursery school,Al Nahyan,,4.8,194,+971 2 642 9601,info@simbanursery.ae,,https://www.simbanursery.ae/,"https://www.google.com/maps/place/%D8%AD%D8%B6%D8%A7%D9%86%D8%A9+%D8%B3%D9%8A%D9%85%D8%A8%D8%A7%E2%80%AD/@24.4723876,54.3866344,17z/data=!3m1!4b1!4m6!3m5!1s0x3e5e662d96827985:0x8e5098f61d9ee923!8m2!3d24.4723876!4d54.3866344!16s%2Fg%2F11bwgwg6sg?authuser=0&hl=en&entry=ttu&g_ep=EgoyMDI2MDkzMC4wIKXMDSoASAFQAw%3D%3D",2 months,4 years,British (EYFS),ADEK,We provide different classes from the age of 2-months up to 4-years of age,Simba Nursery follows the Early Years Foundation Stage (EYFS),All our above Fees are approved by ADEK,https://www.simbanursery.ae/,"publishes fees (2026-27: AED 25,000-36,250 a year for 5 days)"
679,keep,,Blossom Al Zeina,preschool,Nursery school,Al Raha Beach,,4.5,17,+971 800 6877379,,,https://www.theblossomnursery.com/nurseries/blossom-al-zeina?utm_source=gmb&utm_medium=direct,"https://www.google.com/maps/place/Blossom+Al+Zeina/@24.4522959,54.6140935,17z/data=!3m1!4b1!4m6!3m5!1s0x3e5e4fe45a714da7:0xd6791dd5081e55a!8m2!3d24.4522959!4d54.6140935!16s%2Fg%2F11l390x4lh?authuser=0&hl=en&entry=ttu&g_ep=EgoyMDI2MDkzMC4wIKXMDSoASAFQAw%3D%3D",45 days,4 years,British (EYFS); Reggio Emilia,,Ages: 45 days to 4 years (FS1),We combine the British EYFS framework with the Reggio Emilia philosophy,,https://www.theblossomnursery.com/nurseries/blossom-al-zeina,
681,keep,,Jack & Jill Nursery,preschool,Nursery school,Al Raha Beach,,4.2,58,+971 58 526 8826,info@jackandjill.ae,hello.jackandjillnurseries@gmail.com,https://www.jackandjill.ae/,"https://www.google.com/maps/place/Jack+%26+Jill+Nursery/@24.4446044,54.5869074,17z/data=!3m1!4b1!4m6!3m5!1s0x3e5e45000037a48d:0x6bc555b6f151b9e0!8m2!3d24.4446044!4d54.5869074!16s%2Fg%2F11y761hrk1?authuser=0&hl=en&entry=ttu&g_ep=EgoyMDI2MDkzMC4wIKXMDSoASAFQAw%3D%3D",,5 years,British (EYFS),ADEK,We are committed to the education of children from 0-5 years.,Jack & Jill Nursery follows the British EYFS curriculum,with ADEK accredited & qualified staff,https://www.jackandjill.ae/,
678,keep,,Odyssey Nursery - Al Muneera (Formerly Yellow Submarine Nursery),preschool,Preschool,Al Raha Beach,,4.7,26,+971 800 24453,info@odysseynursery.com,"register@odysseynursery.com, info-alsaadiyat@odysseynursery.com, info-westyas@odysseynursery.com, info-alzeina@odysseynursery.com ...",https://www.odysseynursery.com/contact-us/,"https://www.google.com/maps/place/Odyssey+Nursery+-+Al+Muneera+(Formerly+Yellow+Submarine+Nursery)/@24.4501585,54.6053124,17z/data=!3m1!4b1!4m6!3m5!1s0x3e5e4573f3b01545:0x255498c1df55eb96!8m2!3d24.4501585!4d54.6053124!16s%2Fg%2F11fsmgh9xc?authuser=0&hl=en&entry=ttu&g_ep=EgoyMDI2MDkzMC4wIKXMDSoASAFQAw%3D%3D",3 months,4 years,Reggio Emilia,,3 - 12 months ... 3 - 4 years (4-6 years is for Dubai branches only),Our Reggio Emilia based approach,,https://www.odysseynursery.com/contact-us/,formerly Yellow Submarine Nursery
680,keep,,Odyssey Nursery - Al Zeina (Formerly Yellow Submarine Nursery),preschool,Preschool,Al Raha Beach,,4.7,21,+971 800 24453,info-alzeina@odysseynursery.com,,http://www.yellowsubmarine.ae/,"https://www.google.com/maps/place/Odyssey+Nursery+-+Al+Zeina+(Formerly+Yellow+Submarine+Nursery)/@24.4550946,54.6141909,17z/data=!3m1!4b1!4m6!3m5!1s0x3e5e4f5977466429:0xe62ca774d6d6a114!8m2!3d24.4550946!4d54.6141909!16s%2Fg%2F1pzv8v6qs?authuser=0&hl=en&entry=ttu&g_ep=EgoyMDI2MDkzMC4wIKXMDSoASAFQAw%3D%3D",3 months,4 years,Reggio Emilia,,Age Groups (3 months to 6 years); 4-6 is for Dubai branches only (odysseynursery.com),"At Odyssey, we follow the Reggio Emilia approach",,https://www.odysseynursery.com/,Google's website link (yellowsubmarine.ae) is dead; details from the Odyssey site
517,keep,,Greenopia Nursery,preschool,Preschool,Al Rawdah,,4.9,15,+971 56 293 9344,,,,"https://www.google.com/maps/place/Greenopia+Nursery/@24.4550543,54.3753861,17z/data=!3m1!4b1!4m6!3m5!1s0x3e5e689c0b2a792d:0xf57bcfb623f70b88!8m2!3d24.4550543!4d54.3753861!16s%2Fg%2F11cn6bkxkk?authuser=0&hl=en&entry=ttu&g_ep=EgoyMDI2MDkzMC4wIKXMDSoASAFQAw%3D%3D",,,,,,,,,
630,keep,,Redwood Montessori Nursery - Mushrif,preschool,Preschool,Al Rawdah,,4.6,91,+971 800 24453,info.khalifa.city@theredwoodnursery.com,"register@theredwoodnursery.com, info.tilalalghaf@theredwoodnursery.com, info.noya@theredwoodnursery.com, info.mbz@theredwoodnursery.com ...",http://www.theredwoodnursery.com/,"https://www.google.com/maps/place/Redwood+Montessori+Nursery+-+Mushrif/@24.4231957,54.4180862,17z/data=!3m1!4b1!4m6!3m5!1s0x3e5e69ced3ccf6a1:0xf2f8c3fff2a0dd0e!8m2!3d24.4231957!4d54.4180862!16s%2Fg%2F11cjg9lbyd?authuser=0&hl=en&entry=ttu&g_ep=EgoyMDI2MDkzMC4wIKXMDSoASAFQAw%3D%3D",3 months,6 years,Montessori,,Age Groups (3 months to 6 years),Redwood nurseries follow the authentic Montessori method,,http://www.theredwoodnursery.com/,chain site: branch emails info.<branch>@theredwoodnursery.com; 'KHDA approved advanced Montessori' is the Dubai programme
718,keep,,Maple Bear Nursery - Al Reef,preschool,Nursery school,Al Reef,,4.4,34,+971 50 833 9363,admissions@maplebeargulfschools.com,hr@maplebeargulfschools.com,https://www.maplebeargulfschools.com/our-location/abu-dhabi/nursery-al-reef/?utm_source=google&utm_medium=GMB,"https://www.google.com/maps/place/Maple+Bear+Nursery+-+Al+Reef/@24.4565287,54.6718618,17z/data=!3m1!4b1!4m6!3m5!1s0x3e5e4980c00a0fe1:0x23582641ce28654a!8m2!3d24.4565287!4d54.6718618!16s%2Fg%2F11hzjg7_ck?authuser=0&hl=en&entry=ttu&g_ep=EgoyMDI2MDkzMC4wIKXMDSoASAFQAw%3D%3D",45 days,6 years,Canadian,,Supporting holistic growth from ages 45 days to 6 years,Globally recognized Canadian curriculum,,https://www.maplebeargulfschools.com/our-location/abu-dhabi/nursery-al-reef/,
595,keep,,Blossom Al Reem Island,preschool,Nursery school,Al Reem Island,,5,19,+971 800 6877379,,,https://www.theblossomnursery.com/nurseries/blossom-al-reem-island?utm_source=gmb&utm_medium=direct,"https://www.google.com/maps/place/Blossom+Al+Reem+Island/@24.501752,54.4090824,17z/data=!3m1!4b1!4m6!3m5!1s0x3e5e6727d40f390b:0x66cda2223b655fd2!8m2!3d24.501752!4d54.4090824!16s%2Fg%2F11vxt0ng54?authuser=0&hl=en&entry=ttu&g_ep=EgoyMDI2MDkzMC4wIKXMDSoASAFQAw%3D%3D",45 days,4 years,British (EYFS); Reggio Emilia,,Ages: 45 days to 4 years (FS1),We combine the British EYFS framework with the Reggio Emilia philosophy,,https://www.theblossomnursery.com/nurseries/blossom-al-reem-island,
531,keep,,Chubby Cheeks Nursery Reem Island,preschool,Preschool,Al Reem Island,,4.6,38,+971 52 197 8547,contact@chubbycheeksnursery.com,,https://www.chubbycheeksnursery.com/,"https://www.google.com/maps/place/Chubby+Cheeks+Nursery+Reem+Island/@24.4972171,54.4088419,17z/data=!3m1!4b1!4m6!3m5!1s0x3e5e6795ee1b9871:0x7fbd30700cce4522!8m2!3d24.4972171!4d54.4088419!16s%2Fg%2F11wy90t_8r?authuser=0&hl=en&entry=ttu&g_ep=EgoyMDI2MDkzMC4wIKXMDSoASAFQAw%3D%3D",,,British (EYFS),,,Chubby Cheeks Nursery follows the British Early Years Foundation Stage,,https://www.chubbycheeksnursery.com/,ages on the site are for Dubai branches only
589,keep,,Hummingbird Nursery (Reem Island Branch) Abu Dhabi,preschool,Nursery school,Al Reem Island,,4,29,+971 2 671 7701,info@hummingbird.ae,,https://hummingbird.ae/,"https://www.google.com/maps/place/Hummingbird+Nursery+(Reem+Island+Branch)+Abu+Dhabi/@24.5105414,54.4059065,17z/data=!3m1!4b1!4m6!3m5!1s0x3e5e6709ed69a21d:0x400c118ab1908f8!8m2!3d24.5105414!4d54.4059065!16s%2Fg%2F11c0pwt68v?authuser=0&hl=en&entry=ttu&g_ep=EgoyMDI2MDkzMC4wIKXMDSoASAFQAw%3D%3D",45 days,,British (EYFS),,"We are accepting children from 45 days to 3 years old. / We are accepting children from 45 days to 5 years old, with a dedicated Baby Care team and FS classes available.",We follow the UK's Early Years Foundation Stage (EYFS) curriculum,,https://hummingbird.ae/,two branches with different top ages (3 or 5 years); not clear which is Reem Island
660,keep,,"Maple Bear Nursery Pixel, Reem Island",preschool,Nursery school,Al Reem Island,,5,4,+971 56 640 4587,admissions@maplebeargulfschools.com,hr@maplebeargulfschools.com,https://www.maplebeargulfschools.com/our-location/abu-dhabi/nursery-pixel-plaza/,"https://www.google.com/maps/place/Maple+Bear+Nursery+Pixel,+Reem+Island/@24.5044445,54.4154282,17z/data=!3m1!4b1!4m6!3m5!1s0x3e5e67863e08540b:0x83644026b20682eb!8m2!3d24.5044445!4d54.4154282!16s%2Fg%2F11xrxtf5t4?authuser=0&hl=en&entry=ttu&g_ep=EgoyMDI2MDkzMC4wIKXMDSoASAFQAw%3D%3D",45 days,6 years,Canadian,,Supporting holistic growth from ages 45 days to 6 years,Globally recognized Canadian curriculum,,https://www.maplebeargulfschools.com/our-location/abu-dhabi/nursery-pixel-plaza/,
626,keep,,Maple Bear Nursery Reem Island,preschool,Nursery school,Al Reem Island,,4.9,28,+971 56 957 2894,admissions@maplebeargulfschools.com,hr@maplebeargulfschools.com,https://www.maplebeargulfschools.com/our-location/abu-dhabi/nursery-reem-island/?utm_source=google&utm_medium=GMB,"https://www.google.com/maps/place/Maple+Bear+Nursery+Reem+Island/@24.5094194,54.4053387,17z/data=!3m1!4b1!4m6!3m5!1s0x3e5e6729053c9369:0xf4e88f1217b4de97!8m2!3d24.5094194!4d54.4053387!16s%2Fg%2F11vhtf3jgd?authuser=0&hl=en&entry=ttu&g_ep=EgoyMDI2MDkzMC4wIKXMDSoASAFQAw%3D%3D",45 days,6 years,Canadian,,Supporting holistic growth from ages 45 days to 6 years,Globally recognized Canadian curriculum,,https://www.maplebeargulfschools.com/our-location/abu-dhabi/nursery-reem-island/,
657,keep,,Oxford Nursery,preschool,Nursery school,Al Reem Island,,5,29,+971 56 622 5000,info@oxford-nursery.ae,,https://oxford-nursery.ae/,"https://www.google.com/maps/place/Oxford+Nursery/@24.4995046,54.4045133,17z/data=!3m1!4b1!4m6!3m5!1s0x3e5e67261c4c8b41:0xeae68171acfe28d1!8m2!3d24.4995046!4d54.4045133!16s%2Fg%2F11yvctrz4l?authuser=0&hl=en&entry=ttu&g_ep=EgoyMDI2MDkzMC4wIKXMDSoASAFQAw%3D%3D",3 months,4 years,British (EYFS),,for all our children from 3 months to 4 years old,We follow The Early Years Foundation Stage (EYFS).,,https://oxford-nursery.ae/,
502,keep,,Playhouse Nursery on Al Reem Island,preschool,Nursery school,Al Reem Island,,4.1,95,+971 50 562 4547,,,,"https://www.google.com/maps/place/Playhouse+Nursery+on+Al+Reem+Island/@24.4917488,54.392717,17z/data=!3m1!4b1!4m6!3m5!1s0x3e5e67b304f062ad:0xad8a24407eaf18c!8m2!3d24.4917488!4d54.392717!16s%2Fg%2F11c5sz_6ln?authuser=0&hl=en&entry=ttu&g_ep=EgoyMDI2MDkzMC4wIKXMDSoASAFQAw%3D%3D",,,,,,,,,
536,keep,,Primrose British Nursery - Reem Island,preschool,Nursery school,Al Reem Island,,4.8,14,+971 55 652 6300,admin.reem@primrosebritishnursery.com,"principal.reem@primrosebritishnursery.com, principal.khalifa@primrosebritishnursery.com, admin.khalifa@primrosebritishnursery.com",https://primrosebritishnursery.com/,"https://www.google.com/maps/place/Primrose+British+Nursery+-+Reem+Island/@24.494244,54.4034804,17z/data=!3m1!4b1!4m6!3m5!1s0x3e5e67c46433bc61:0x8592f0c3f3e634e2!8m2!3d24.494244!4d54.4034804!16s%2Fg%2F11js7g_r79?authuser=0&hl=en&entry=ttu&g_ep=EgoyMDI2MDkzMC4wIKXMDSoASAFQAw%3D%3D",,,British (EYFS),ADEK,,our unique approach rooted in the Early Years Foundation Stage (EYFS) curriculum,All tuition fees at Primrose British Nursery adhere to the fee structure established by ADEK,https://primrosebritishnursery.com/,other branch: Khalifa (admin.khalifa@)
501,keep,,Redwood Montessori Nursery - Gate Tower Reem Island,preschool,Preschool,Al Reem Island,,4.8,58,+971 800 24453,info.albateen@theredwoodnursery.com,"register@theredwoodnursery.com, info.tilalalghaf@theredwoodnursery.com, info.noya@theredwoodnursery.com, info.mbz@theredwoodnursery.com ...",http://www.theredwoodnursery.com/,https://www.google.com/maps/place/Redwood+Montessori+Nursery+-+Gate+Tower+Reem+Island/data=!4m7!3m6!1s0x3e5e6704a702b55f:0xcc226523097f790e!8m2!3d24.4950441!4d54.4087833!16s%2Fg%2F11rt_yl67z!19sChIJX7UCpwRnXj4RDnl_CSNlIsw?authuser=0&hl=en&g_ep=EgoyMDI2MDkzMC4wIJJjKgBIAVAD&rclk=1,3 months,6 years,Montessori,,Age Groups (3 months to 6 years),Redwood nurseries follow the authentic Montessori method,,http://www.theredwoodnursery.com/,chain site: branch emails info.<branch>@theredwoodnursery.com; 'KHDA approved advanced Montessori' is the Dubai programme
516,keep,,Redwood Montessori Nursery - Shams Boutik Reem Island,preschool,Nursery school,Al Reem Island,,5,27,+971 800 24453,info.marina@theredwoodnursery.com,"register@theredwoodnursery.com, info.tilalalghaf@theredwoodnursery.com, info.noya@theredwoodnursery.com, info.mbz@theredwoodnursery.com ...",https://www.theredwoodnursery.com/,"https://www.google.com/maps/place/Redwood+Montessori+Nursery+-+Shams+Boutik+Reem+Island/@24.4957453,54.406941,17z/data=!3m1!4b1!4m6!3m5!1s0x3e5e67bc479ff0bb:0x69ae6e749ff4636a!8m2!3d24.4957453!4d54.406941!16s%2Fg%2F11bbwmf7k0?authuser=0&hl=en&entry=ttu&g_ep=EgoyMDI2MDkzMC4wIKXMDSoASAFQAw%3D%3D",3 months,6 years,Montessori,,Age Groups (3 months to 6 years),Redwood nurseries follow the authentic Montessori method,,https://www.theredwoodnursery.com/,same chain site as S19
787,keep,,Kids Fantasy Nursery ALSamha Branch,preschool,Kindergarten,Al Samha,,4.1,67,+971 50 982 8771,info@kidsfantasynursery.com,,https://kidsfantasynursery.com/,"https://www.google.com/maps/place/Kids+Fantasy+Nursery+ALSamha+Branch/@24.6519484,54.7365267,17z/data=!3m1!4b1!4m6!3m5!1s0xa1dcd7f63bddd091:0x51c6395c465ce082!8m2!3d24.6519484!4d54.7365267!16s%2Fg%2F11tjsblmst?authuser=0&hl=en&entry=ttu&g_ep=EgoyMDI2MDkzMC4wIKXMDSoASAFQAw%3D%3D",45 days,4 years,British (EYFS),ADEK,babies and children from 45 days to 4 years,"follows a curriculum based on the British National Curriculum EYFS enhanced with Arabic, Islamic and French",Kids Fantasy Nursery is outstanding nursery rated by ADEK,https://kidsfantasynursery.com/,
726,keep,,Babybears Nursery,preschool,Nursery school,Al Shahama,,4.6,42,+971 56 467 1871,,,http://www.babybearsnursery.ae/,"https://www.google.com/maps/place/Babybears+Nursery/@24.5328811,54.6843517,17z/data=!3m1!4b1!4m6!3m5!1s0x3e5e4f20b6cb2d15:0x17860734df6110bd!8m2!3d24.5328811!4d54.6843517!16s%2Fg%2F11gtdy8wbk?authuser=0&hl=en&entry=ttu&g_ep=EgoyMDI2MDkzMC4wIKXMDSoASAFQAw%3D%3D",,,,,,,,,
808,keep,,Dar Alaman Nursery,preschool,,Al Shahama,,5,1,+971 2 563 4959,,,,"https://www.google.com/maps/place/Dar+Alaman+Nursery/@24.5238388,54.6906239,17z/data=!3m1!4b1!4m6!3m5!1s0x3e5e4e73497b6673:0xd9fc60f62bab79ce!8m2!3d24.5238388!4d54.6906239!16s%2Fg%2F11bbwqz1b4?entry=ttu&g_ep=EgoyMDI2MTAwNC4wIKXMDSoASAFQAw%3D%3D",,,,,,,,,
723,keep,,Stanford Nursery Al Shahama Branch - حضانة ستانفورد فرع الشهامة,preschool,Nursery school,Al Shahama,,4.4,151,+971 58 105 6964,info@stanfordnursery.com,,https://stanfordnursery.com/ar/visit/,"https://www.google.com/maps/place/Stanford+Nursery+Al+Shahama+Branch+-+%D8%AD%D8%B6%D8%A7%D9%86%D8%A9+%D8%B3%D8%AA%D8%A7%D9%86%D9%81%D9%88%D8%B1%D8%AF+%D9%81%D8%B1%D8%B9+%D8%A7%D9%84%D8%B4%D9%87%D8%A7%D9%85%D8%A9%E2%80%AD/@24.528673,54.6803959,17z/data=!3m1!4b1!4m6!3m5!1s0x3e5e4e1b2b34f291:0x8880ee773c19e7d7!8m2!3d24.528673!4d54.6803959!16s%2Fg%2F11b88n_zvf?authuser=0&hl=en&entry=ttu&g_ep=EgoyMDI2MDkzMC4wIKXMDSoASAFQAw%3D%3D",,,British (EYFS),,,"نقدم تعليمًا بريطانيًا عالمي المستوى (EYFS) (we offer world-class British education, EYFS)",,https://stanfordnursery.com/ar/visit/,
760,keep,,Al Dana Private Nursery Al Shamkha,preschool,Nursery school,Al Shamkha,,4,113,+971 58 105 6962,,,,"https://www.google.com/maps/place/Al+Dana+Private+Nursery+Al+Shamkha/@24.3548393,54.6922726,17z/data=!3m1!4b1!4m6!3m5!1s0x3e5e367406b72595:0xbfdf8d7de71fbbcd!8m2!3d24.3548393!4d54.6922726!16s%2Fg%2F11clwpq0yk?authuser=0&hl=en&entry=ttu&g_ep=EgoyMDI2MDkzMC4wIKXMDSoASAFQAw%3D%3D",,,,,,,,,
663,keep,,BRIGHT HORIZON NURSERY,preschool,Nursery school,Al Shamkha,,4.8,98,+971 50 499 4054,info@brighthorizon.ae,,https://brighthorizon.ae/,"https://www.google.com/maps/place/BRIGHT+HORIZON+NURSERY/@24.4100223,54.7337988,17z/data=!3m1!4b1!4m6!3m5!1s0x3e5e4bbdd66f2a99:0xb4ee998c7d96a0c1!8m2!3d24.4100223!4d54.7337988!16s%2Fg%2F11fntck75y?authuser=0&hl=en&entry=ttu&g_ep=EgoyMDI2MDkzMC4wIKXMDSoASAFQAw%3D%3D",6 months,4 years,British (EYFS),ADEK,Bright Horizon Nursery welcomes children from 6 months to 4 years of age.,we are proud to follow the Early Years Foundation Stage (EYFS) curriculum,Children will be registered with ADEK upon enrollment,https://brighthorizon.ae/,"also Arabic, Islamic and Quran lessons"
738,keep,,British Home Nursery Al Shamkha City حضانة بريتش هوم الشامخة,preschool,Nursery school,Al Shamkha,,4.7,114,+971 2 583 1183,a.shamkha@bhn.ae,"info@bhn.ae, albahia@bhn.ae, a.baniyas@bhn.ae",https://www.bhn.ae/,"https://www.google.com/maps/place/British+Home+Nursery+Al+Shamkha+City+%D8%AD%D8%B6%D8%A7%D9%86%D8%A9+%D8%A8%D8%B1%D9%8A%D8%AA%D8%B4+%D9%87%D9%88%D9%85+%D8%A7%D9%84%D8%B4%D8%A7%D9%85%D8%AE%D8%A9%E2%80%AD/@24.3556148,54.6973181,17z/data=!3m1!4b1!4m6!3m5!1s0x3e5e35d8aa051b71:0xf0cbc7f9909b75a8!8m2!3d24.3556148!4d54.6973181!16s%2Fg%2F11c0xt3kbv?authuser=0&hl=en&entry=ttu&g_ep=EgoyMDI2MDkzMC4wIKXMDSoASAFQAw%3D%3D",4 months,4 years,British (EYFS),,providing educational services to children from 4 months to 4 years of age,British Home Nursery follows the EYFS curriculum,,https://www.bhn.ae/,
742,keep,,British Orchard Nursery - Al Shamkha,preschool,Preschool,Al Shamkha,,4.6,58,+971 50 281 4293,info@britishorchardnursery.com,"jbr@britishorchardnursery.com, mirdif@britishorchardnursery.com, mbz@britishorchardnursery.com, altwar@britishorchardnursery.com ...",https://www.britishorchardnursery.com/,"https://www.google.com/maps/place/British+Orchard+Nursery+-+Al+Shamkha/@24.3610967,54.7157877,17z/data=!3m1!4b1!4m6!3m5!1s0x3e5e3585a5466db5:0x9438b6a702658a8!8m2!3d24.3610967!4d54.7157877!16s%2Fg%2F11w8kl_44w?authuser=0&hl=en&entry=ttu&g_ep=EgoyMDI2MDkzMC4wIKXMDSoASAFQAw%3D%3D",45 days,5 years,British (EYFS),ADEK,We accept children from 45 days to 5 years old,BON follows the EYFS (British) curriculum,'ADEK' listed on the site (logo/accreditation line only),https://www.britishorchardnursery.com/,same chain site as S4
743,keep,,Happy Jump Nursery Al Shamkha حضانة هابي جمب فرع الشامخة,preschool,Nursery school,Al Shamkha,,4.7,129,+971 600 575752,,,,"https://www.google.com/maps/place/Happy+Jump+Nursery+Al+Shamkha+%D8%AD%D8%B6%D8%A7%D9%86%D8%A9+%D9%87%D8%A7%D8%A8%D9%8A+%D8%AC%D9%85%D8%A8+%D9%81%D8%B1%D8%B9+%D8%A7%D9%84%D8%B4%D8%A7%D9%85%D8%AE%D8%A9%E2%80%AD/@24.3606834,54.715744,17z/data=!3m1!4b1!4m6!3m5!1s0x3e5e357765fafad9:0x2174d9d77839beb5!8m2!3d24.3606834!4d54.715744!16s%2Fg%2F11ff1yl35r?authuser=0&hl=en&entry=ttu&g_ep=EgoyMDI2MDkzMC4wIKXMDSoASAFQAw%3D%3D",,,,,,,,,
768,keep,,Redwood Montessori Nursery - Reeman 2,preschool,Preschool,Al Shamkha,,,0,+971 800 24453,info.shams@theredwoodnursery.com,"register@theredwoodnursery.com, info.tilalalghaf@theredwoodnursery.com, info.noya@theredwoodnursery.com, info.mbz@theredwoodnursery.com ...",https://www.theredwoodnursery.com/,"https://www.google.com/maps/place/Redwood+Montessori+Nursery+-+Reeman+2/@24.3700625,54.6815625,17z/data=!3m1!4b1!4m6!3m5!1s0x3e5e37e4b8cd8cb7:0x7e1a598b694b7e04!8m2!3d24.3700625!4d54.6815625!16s%2Fg%2F11zgw76k5h?authuser=0&hl=en&entry=ttu&g_ep=EgoyMDI2MDkzMC4wIKXMDSoASAFQAw%3D%3D",3 months,6 years,Montessori,,Age Groups (3 months to 6 years),Redwood nurseries follow the authentic Montessori method,,https://www.theredwoodnursery.com/,same chain site as S19
762,keep,,Small Stars Nursery-Alshamkha,preschool,Nursery school,Al Shamkha,,3.8,32,+971 55 999 4648,,,,"https://www.google.com/maps/place/Small+Stars+Nursery-Alshamkha/@24.3736382,54.6956974,17z/data=!3m1!4b1!4m6!3m5!1s0x3e5e360770faf419:0x2a1b6ea0cdd678a6!8m2!3d24.3736382!4d54.6956974!16s%2Fg%2F11bwfjyrb9?authuser=0&hl=en&entry=ttu&g_ep=EgoyMDI2MDkzMC4wIKXMDSoASAFQAw%3D%3D",,,,,,,,,
761,keep,,"Stanford Nursery, Al Shamkha Branch - حضانة ستانفورد فرع الشامخة",preschool,Nursery school,Al Shamkha,,4.6,30,+971 58 105 6962,info@stanfordnursery.com,,https://www.stanfordnursery.com/ar/visit/,"https://www.google.com/maps/place/Stanford+Nursery,+Al+Shamkha+Branch+-+%D8%AD%D8%B6%D8%A7%D9%86%D8%A9+%D8%B3%D8%AA%D8%A7%D9%86%D9%81%D9%88%D8%B1%D8%AF+%D9%81%D8%B1%D8%B9+%D8%A7%D9%84%D8%B4%D8%A7%D9%85%D8%AE%D8%A9%E2%80%AD/@24.3547655,54.6924231,17z/data=!3m1!4b1!4m6!3m5!1s0x3e5e370099aa8359:0x9f91c41a8b207dd8!8m2!3d24.3547655!4d54.6924231!16s%2Fg%2F11ys2c78y7?authuser=0&hl=en&entry=ttu&g_ep=EgoyMDI2MDkzMC4wIKXMDSoASAFQAw%3D%3D",,,British (EYFS),,,"نقدم تعليمًا بريطانيًا عالمي المستوى (EYFS) (we offer world-class British education, EYFS)",,https://www.stanfordnursery.com/ar/visit/,
806,keep,,Teddy bear Nursery - Al Shamkah,preschool,,Al Shamkha,,4.8,71,+971 50 705 2660,enquiries@teddybearnurseries.com,admissions@teddybearnursery.net,https://teddybearnurseries.com/,"https://www.google.com/maps/place/Teddy+bear+Nursery+-+Al+Shamkah/@24.3573713,54.6895382,17z/data=!3m1!4b1!4m6!3m5!1s0x3e5e37528f8bb45d:0x1b6c5c36858bad36!8m2!3d24.3573713!4d54.6895382!16s%2Fg%2F11rxp2zyys?entry=ttu&g_ep=EgoyMDI2MTAwNC4wIKXMDSoASAFQAw%3D%3D",45 days,4 years,American,ADEK,we provide children from 45 days to four years old,The Creative Curriculum© (American early-years curriculum),We are routinely assessed by ADEK inspectors and Civil Defense.,https://teddybearnurseries.com/,part of Liwa Education
730,keep,,Little Helpers Nursery - Shawamekh Branch - حضانة ليتل هيلبرز,preschool,Nursery school,Al Shawamekh,,4.7,12,+971 54 402 5752,info@littlehelpersnursery.ae,khalifabranch@littlehelpersnursery.ae,https://www.littlehelpersnursery.ae/,"https://www.google.com/maps/place/Little+Helpers+Nursery+-+Shawamekh+Branch+-+%D8%AD%D8%B6%D8%A7%D9%86%D8%A9+%D9%84%D9%8A%D8%AA%D9%84+%D9%87%D9%8A%D9%84%D8%A8%D8%B1%D8%B2%E2%80%AD/@24.3888959,54.6689038,17z/data=!3m1!4b1!4m6!3m5!1s0x3e5e490698778665:0x9632589f2e07dd64!8m2!3d24.3888959!4d54.6689038!16s%2Fg%2F11l_90bjyg?authuser=0&hl=en&entry=ttu&g_ep=EgoyMDI2MDkzMC4wIKXMDSoASAFQAw%3D%3D",45 days,4 years,British (EYFS),,"children, from the age of 45 days to 4 years",based on the Early Years Foundation Stage (EYFS),,https://www.littlehelpersnursery.ae/,
784,keep,,al nasr nursery,preschool,Nursery school,Al Wathba,,3.6,9,+971 2 583 8730,,,,"https://www.google.com/maps/place/al+nasr+nursery/@24.2413524,54.7188306,17z/data=!3m1!4b1!4m6!3m5!1s0x3e5e32153113037d:0x146f8d4798c362b5!8m2!3d24.2413524!4d54.7188306!16s%2Fg%2F11bzwp6678?authuser=0&hl=en&entry=ttu&g_ep=EgoyMDI2MDkzMC4wIKXMDSoASAFQAw%3D%3D",,,,,,,,,
529,keep,,"AVA PRESCHOOL, AFTER SCHOOL & DAYCARE",daycare,Day care center,Al Zahiyah,,4.8,27,+971 54 247 3461,,,https://www.avalittlestarsdaycarepreschool.com//,"https://www.google.com/maps/place/AVA+PRESCHOOL,+AFTER+SCHOOL+%26+DAYCARE/@24.4928889,54.3772678,17z/data=!3m1!4b1!4m6!3m5!1s0x3e5e67a7ad5dd8a5:0x71b7c5cbd451e928!8m2!3d24.4928889!4d54.3772678!16s%2Fg%2F11vypcsjk7?authuser=0&hl=en&entry=ttu&g_ep=EgoyMDI2MDkzMC4wIKXMDSoASAFQAw%3D%3D",,,,,,,,,
558,keep,,Little Smarties Nursery & Pre-School,preschool,Preschool,Al Zahiyah,,4.7,52,+971 50 636 7613,info@lsn.ae,lsnmoj@gmail.com,https://littlesmartiesnursery.com/,"https://www.google.com/maps/place/Little+Smarties+Nursery+%26+Pre-School/@24.487493,54.3793168,17z/data=!3m1!4b1!4m6!3m5!1s0x3e5e46796719d589:0x294c3d82701319b7!8m2!3d24.487493!4d54.3793168!16s%2Fg%2F11bbwx0_9b?authuser=0&hl=en&entry=ttu&g_ep=EgoyMDI2MDkzMC4wIKXMDSoASAFQAw%3D%3D",,,,ADEK,,,LSN has been identified by ADEK as nursery with a high level of compliance,https://littlesmartiesnursery.com/,also lsnmoj@gmail.com
520,keep,,Little stars daycare and pre school,daycare,Day care center,Al Zahiyah,,5,55,+971 58 542 7302,,,,"https://www.google.com/maps/place/Little+stars+daycare+and+pre+school/@24.4877087,54.381038,17z/data=!3m1!4b1!4m6!3m5!1s0x3e5e690034dc7c5f:0x768e5faec5d88d9f!8m2!3d24.4877087!4d54.381038!16s%2Fg%2F11w1nyggvx?authuser=0&hl=en&entry=ttu&g_ep=EgoyMDI2MDkzMC4wIKXMDSoASAFQAw%3D%3D",,,,,,,,,
550,keep,,"PAPUS Nursery, Preschool & Daycare Branch - Salam Street",daycare,Education center,Al Zahiyah,,5,14,+971 50 608 3162,,,,"https://www.google.com/maps/place/PAPUS+Nursery,+Preschool+%26+Daycare+Branch+-+Salam+Street/@24.4964658,54.3740443,17z/data=!3m1!4b1!4m6!3m5!1s0x3e5e67a62a61b949:0x20b2f622b340c3c4!8m2!3d24.4964658!4d54.3740443!16s%2Fg%2F11yjmwqv0y?authuser=0&hl=en&entry=ttu&g_ep=EgoyMDI2MDkzMC4wIKXMDSoASAFQAw%3D%3D",,,,,,,,,
659,keep,,International Montessori Nursery,preschool,Nursery school,Bain Al Jessrain,,4.3,14,+971 2 558 1755,info@imnuae.ae,,http://www.imnuae.ae/,"https://www.google.com/maps/place/International+Montessori+Nursery/@24.4076612,54.5136894,17z/data=!3m1!4b1!4m6!3m5!1s0x3e5e4280a414d8cd:0x65717b582cbb486f!8m2!3d24.4076612!4d54.5136894!16s%2Fg%2F11bw5_9fpx?authuser=0&hl=en&entry=ttu&g_ep=EgoyMDI2MDkzMC4wIKXMDSoASAFQAw%3D%3D",,,Montessori,,,Our carefully designed Montessori curriculum,,http://www.imnuae.ae/,
756,keep,,Al Dana nursery Baniyas branch حضانة الدانة فرع بني ياس,preschool,Kindergarten,Baniyas,,4.5,52,+971 600 575752,info@stanfordnursery.com,,https://stanfordnursery.com/,"https://www.google.com/maps/place/Al+Dana+nursery+Baniyas+branch+%D8%AD%D8%B6%D8%A7%D9%86%D8%A9+%D8%A7%D9%84%D8%AF%D8%A7%D9%86%D8%A9+%D9%81%D8%B1%D8%B9+%D8%A8%D9%86%D9%8A+%D9%8A%D8%A7%D8%B3%E2%80%AD/@24.2799543,54.6421729,17z/data=!3m1!4b1!4m6!3m5!1s0x3e5e3133fc78a25f:0x3d79c4bb0b4fe6b5!8m2!3d24.2799543!4d54.6421729!16s%2Fg%2F11t59fzlr9?authuser=0&hl=en&entry=ttu&g_ep=EgoyMDI2MDkzMC4wIKXMDSoASAFQAw%3D%3D",,,British (EYFS),,,منهج EYFS البريطاني المعتمد (accredited British EYFS curriculum),,https://stanfordnursery.com/,'Al Dana nursery Baniyas' uses the Stanford Nursery website
727,keep,,Al Dana Nursery Head Office حضانة الدانة المكتب الرئيسي,preschool,Nursery school,Baniyas,,3.2,18,+971 600 575752,,,http://www.aldananurseries.com/,"https://www.google.com/maps/place/Al+Dana+Nursery+Head+Office+%D8%AD%D8%B6%D8%A7%D9%86%D8%A9+%D8%A7%D9%84%D8%AF%D8%A7%D9%86%D8%A9+%D8%A7%D9%84%D9%85%D9%83%D8%AA%D8%A8+%D8%A7%D9%84%D8%B1%D8%A6%D9%8A%D8%B3%D9%8A%E2%80%AD/@24.314803,54.64788,17z/data=!3m1!4b1!4m6!3m5!1s0x3e5e371b7d8a4f33:0x9c88cfca0ee361fb!8m2!3d24.314803!4d54.64788!16s%2Fg%2F11b7vcvxwc?authuser=0&hl=en&entry=ttu&g_ep=EgoyMDI2MDkzMC4wIKXMDSoASAFQAw%3D%3D",,,,,,,,,
721,keep,,British Home Nursery Baniyas City حضانة بريتش هوم بني ياس,preschool,Nursery school,Baniyas,,4.6,52,+971 2 665 5127,a.baniyas@bhn.ae,"info@bhn.ae, albahia@bhn.ae, a.shamkha@bhn.ae",https://bhn.ae/,"https://www.google.com/maps/place/British+Home+Nursery+Baniyas+City+%D8%AD%D8%B6%D8%A7%D9%86%D8%A9+%D8%A8%D8%B1%D9%8A%D8%AA%D8%B4+%D9%87%D9%88%D9%85+%D8%A8%D9%86%D9%8A+%D9%8A%D8%A7%D8%B3%E2%80%AD/@24.3167406,54.6232587,17z/data=!3m1!4b1!4m6!3m5!1s0x3e5e3776df9def5f:0x60bb5601a984304f!8m2!3d24.3167406!4d54.6232587!16s%2Fg%2F11fy2jshhn?authuser=0&hl=en&entry=ttu&g_ep=EgoyMDI2MDkzMC4wIKXMDSoASAFQAw%3D%3D",4 months,4 years,British (EYFS),,providing educational services to children from 4 months to 4 years of age,British Home Nursery follows the EYFS curriculum,,https://bhn.ae/,
720,keep,,IQ Kids Nursery Baniyas Branch - حضانة اي كيو كيدز فرع بني ياس,preschool,Nursery school,Baniyas,,4.5,152,+971 2 665 0333,info@iqkidsnursery.org,,https://www.iqkidsnursery.org/,"https://www.google.com/maps/place/IQ+Kids+Nursery+Baniyas+Branch+-+%D8%AD%D8%B6%D8%A7%D9%86%D8%A9+%D8%A7%D9%8A+%D9%83%D9%8A%D9%88+%D9%83%D9%8A%D8%AF%D8%B2+%D9%81%D8%B1%D8%B9+%D8%A8%D9%86%D9%8A+%D9%8A%D8%A7%D8%B3%E2%80%AD/@24.3151421,54.6480646,17z/data=!3m1!4b1!4m6!3m5!1s0x3e5e371edef86a99:0xdd8951f6bf6daf8!8m2!3d24.3151421!4d54.6480646!16s%2Fg%2F11c60j57r3?authuser=0&hl=en&entry=ttu&g_ep=EgoyMDI2MDkzMC4wIKXMDSoASAFQAw%3D%3D",,,British (EYFS),,,a unique curriculum following aspects of the theory of Haward Gardner merged with the EYFS Framework,,https://www.iqkidsnursery.org/,
799,keep,,Kids Bay,preschool,Training center,Baniyas,,5,50,+971 56 989 0786,,,http://kidsbay.org/,"https://www.google.com/maps/place/Kids+Bay/@24.3064131,54.6121647,17z/data=!3m1!4b1!4m6!3m5!1s0x3e5e37cfecd19d79:0xf4949094cec20c2!8m2!3d24.3064131!4d54.6121647!16s%2Fg%2F11lyppj7m_?entry=ttu&g_ep=EgoyMDI2MTAwNC4wIKXMDSoASAFQAw%3D%3D",,,,,,,,,
755,keep,,ROSY DREAM NURSERY,preschool,Nursery school,Baniyas,,4.2,6,+971 52 916 5225,,,,"https://www.google.com/maps/place/ROSY+DREAM+NURSERY/@24.2980636,54.6297273,17z/data=!3m1!4b1!4m6!3m5!1s0x3e5e37493dd4a1fb:0x3bba60bc4001e08a!8m2!3d24.2980636!4d54.6297273!16s%2Fg%2F11wbn_6fx3?authuser=0&hl=en&entry=ttu&g_ep=EgoyMDI2MDkzMC4wIKXMDSoASAFQAw%3D%3D",,,,,,,,,
744,keep,,Thinkers Planet Nursery حضانة ثنكرز بلانيت,preschool,Preschool,Baniyas,,5,47,+971 56 515 0052,info@thinkersplanet.ae,,http://www.thinkersplanet.ae/,"https://www.google.com/maps/place/Thinkers+Planet+Nursery+%D8%AD%D8%B6%D8%A7%D9%86%D8%A9+%D8%AB%D9%86%D9%83%D8%B1%D8%B2+%D8%A8%D9%84%D8%A7%D9%86%D9%8A%D8%AA%E2%80%AD/@24.3272382,54.6301001,17z/data=!3m1!4b1!4m6!3m5!1s0x3e5e37f124b1d58f:0x8babdd97767eb71a!8m2!3d24.3272382!4d54.6301001!16s%2Fg%2F11lyg7fyvt?authuser=0&hl=en&entry=ttu&g_ep=EgoyMDI2MDkzMC4wIKXMDSoASAFQAw%3D%3D",,,British (EYFS),,,"With the EYFS curriculum, every moment from birth to five shapes their journey",,http://www.thinkersplanet.ae/,
648,keep,,Wurood Al Emarat,preschool,Nursery school,Baniyas,,4.5,37,+971 2 566 8791,,,,"https://www.google.com/maps/place/Wurood+Al+Emarat/@24.3142577,54.6506478,17z/data=!3m1!4b1!4m6!3m5!1s0x3e5e371c586e6749:0x3dcb0aeb536f7538!8m2!3d24.3142577!4d54.6506478!16s%2Fg%2F11b6x9gqjz?authuser=0&hl=en&entry=ttu&g_ep=EgoyMDI2MDkzMC4wIKXMDSoASAFQAw%3D%3D",,,,,,,,,
685,keep,,Aflaj Nursery,preschool,Nursery school,Khalifa City,,5,10,+971 50 687 7379,,,,"https://www.google.com/maps/place/Aflaj+Nursery/@24.4376871,54.5976744,17z/data=!3m1!4b1!4m6!3m5!1s0x3e5e45161eafafcd:0x626d6c803ea49fe!8m2!3d24.4376871!4d54.5976744!16s%2Fg%2F11w5bqc526?authuser=0&hl=en&entry=ttu&g_ep=EgoyMDI2MDkzMC4wIKXMDSoASAFQAw%3D%3D",,,,,,,,,
708,keep,,Beautiful Memories Nursery,preschool,Nursery school,Khalifa City,,3.8,12,+971 56 222 3693,,,,"https://www.google.com/maps/place/Beautiful+Memories+Nursery/@24.4273129,54.5919305,17z/data=!3m1!4b1!4m6!3m5!1s0x3e5e460dcff2e5e3:0xcf053b0acdc837a8!8m2!3d24.4273129!4d54.5919305!16s%2Fg%2F11b62tv5cw?authuser=0&hl=en&entry=ttu&g_ep=EgoyMDI2MDkzMC4wIKXMDSoASAFQAw%3D%3D",,,,,,,,,
683,keep,,Blossom Nursery - Khalifa City A,preschool,Nursery school,Khalifa City,,4.8,111,+971 800 6877379,,,https://www.theblossomnursery.com/nurseries/blossom-khalifa-city?utm_source=gmb&utm_medium=direct,"https://www.google.com/maps/place/Blossom+Nursery+-+Khalifa+City+A/@24.4031839,54.5535335,17z/data=!3m1!4b1!4m6!3m5!1s0x3e5e4756a6d3a1bd:0xf6201bec74f042a9!8m2!3d24.4031839!4d54.5535335!16s%2Fg%2F11gpj4b_dy?authuser=0&hl=en&entry=ttu&g_ep=EgoyMDI2MDkzMC4wIKXMDSoASAFQAw%3D%3D",45 days,4 years,British (EYFS); Reggio Emilia,,Ages: 45 days to 4 years (FS1),We combine the British EYFS framework with the Reggio Emilia philosophy,,https://www.theblossomnursery.com/nurseries/blossom-khalifa-city,
698,keep,,Care & Share Nursery حضانة كير أند شير,preschool,Kindergarten,Khalifa City,,3.8,18,+971 50 329 0760,,,,"https://www.google.com/maps/place/Care+%26+Share+Nursery+%D8%AD%D8%B6%D8%A7%D9%86%D8%A9+%D9%83%D9%8A%D8%B1+%D8%A3%D9%86%D8%AF+%D8%B4%D9%8A%D8%B1%E2%80%AD/@24.4103067,54.5718511,17z/data=!3m1!4b1!4m6!3m5!1s0x3e5e47d53fca65e1:0xa242cf85ec0a7e50!8m2!3d24.4103067!4d54.5718511!16s%2Fg%2F11p5qjd8xx?authuser=0&hl=en&entry=ttu&g_ep=EgoyMDI2MDkzMC4wIKXMDSoASAFQAw%3D%3D",,,,,,,,,
687,keep,,Children's House Montessori,preschool,Nursery school,Khalifa City,,4.9,37,+971 2 444 1150,,,https://www.thechildrenshousemontessori.com/,"https://www.google.com/maps/place/Children's+House+Montessori/@24.424165,54.5692805,17z/data=!3m1!4b1!4m6!3m5!1s0x3e5e467c1acb050b:0xedc13ac6e2dbd081!8m2!3d24.424165!4d54.5692805!16s%2Fg%2F11cjk4b9w5?authuser=0&hl=en&entry=ttu&g_ep=EgoyMDI2MDkzMC4wIKXMDSoASAFQAw%3D%3D",45 days,5 years,Montessori,,aged between 45 days and 15 months ... the children aged from 2.6 years to 5 years,Our nursery has a strong Montessori foundation and follows the Montessori philosophy.,,https://www.thechildrenshousemontessori.com/,
697,keep,,Disney Nursery,preschool,Nursery school,Khalifa City,,4.8,204,+971 55 313 1020,info@disneynursery.ae,,https://disneynursery.ae/,"https://www.google.com/maps/place/Disney+Nursery/@24.418656,54.5581102,17z/data=!3m1!4b1!4m6!3m5!1s0x3e5e469a72611435:0x7299c1ebb153998c!8m2!3d24.418656!4d54.5581102!16s%2Fg%2F1pxwlcbbg?authuser=0&hl=en&entry=ttu&g_ep=EgoyMDI2MDkzMC4wIKXMDSoASAFQAw%3D%3D",,4 years,,,Baby: 0-1 Years ... Preschoolers (FS1) 3-4 Years,,,https://disneynursery.ae/,
686,keep,,Ichiban Nurseries and Pre-Schools - Khalifa City A,preschool,Nursery school,Khalifa City,,4.6,58,+971 2 634 4121,info@ichibanuae.com,"shakhbout@ichibanuae.com, rak@ichibanuae.com",http://www.ichibanuae.com/,"https://www.google.com/maps/place/Ichiban+Nurseries+and+Pre-Schools+-+Khalifa+City+A/@24.4122144,54.6019414,17z/data=!3m1!4b1!4m6!3m5!1s0x3e5e4751325b3f8b:0xdaf7d6da6140ed9b!8m2!3d24.4122144!4d54.6019414!16s%2Fg%2F11fcqgfwbj?authuser=0&hl=en&entry=ttu&g_ep=EgoyMDI2MDkzMC4wIKXMDSoASAFQAw%3D%3D",6 months,4 years,American,,Ages 6 - 12 months ... Ages 3 - 4 Years,"Our teachers use the Teaching Strategies curriculum (The Creative Curriculum, American)",,http://www.ichibanuae.com/,"other branch emails on site: shakhbout@, rak@"
608,keep,,Kids Corner Nursery,preschool,Nursery school,Khalifa City,,4.9,96,+971 2 557 2566,,,,"https://www.google.com/maps/place/Kids+Corner+Nursery/@24.404776,54.5567727,17z/data=!3m1!4b1!4m6!3m5!1s0x3e5e46f2dd301417:0x91dde3f7e576041d!8m2!3d24.404776!4d54.5567727!16s%2Fg%2F11c0xn92_m?authuser=0&hl=en&entry=ttu&g_ep=EgoyMDI2MDkzMC4wIKXMDSoASAFQAw%3D%3D",,,,,,,,,
601,keep,,Learning Spaces Nurseries,preschool,Kindergarten,Khalifa City,,4.7,18,+971 2 556 6135,info@learningspacesnurseries.com,,http://www.learningspacesnurseries.com/,"https://www.google.com/maps/place/Learning+Spaces+Nurseries/@24.4251266,54.5531382,17z/data=!3m1!4b1!4m6!3m5!1s0x3e5e469d5e91abed:0xb8a87068afe725dc!8m2!3d24.4251266!4d54.5531382!16s%2Fg%2F1pyqhqhpq?authuser=0&hl=en&entry=ttu&g_ep=EgoyMDI2MDkzMC4wIKXMDSoASAFQAw%3D%3D",45 days,4 years,British (EYFS); Reggio Emilia,,for babies and children up to the age of 4 years ... Nido Room ... aged between 45 days to 12 Months,The Nursery follows the British Early Years Foundation Stage (EYFS) framework; The Nursery follows the Reggio Emilia Approach,,http://www.learningspacesnurseries.com/,
694,keep,,Little Helpers Nursery - Khalifa Branch - حضانة ليتل هيلبرز,preschool,Nursery school,Khalifa City,,4.6,19,+971 56 662 7997,info@littlehelpersnursery.ae,khalifabranch@littlehelpersnursery.ae,http://www.littlehelpersnursery.ae/,"https://www.google.com/maps/place/Little+Helpers+Nursery+-+Khalifa+Branch+-+%D8%AD%D8%B6%D8%A7%D9%86%D8%A9+%D9%84%D9%8A%D8%AA%D9%84+%D9%87%D9%8A%D9%84%D8%A8%D8%B1%D8%B2%E2%80%AD/@24.412046,54.5525992,17z/data=!3m1!4b1!4m6!3m5!1s0x3e5e4730b2937803:0xf98a3bcad2d1b2a2!8m2!3d24.412046!4d54.5525992!16s%2Fg%2F11svn2thmn?authuser=0&hl=en&entry=ttu&g_ep=EgoyMDI2MDkzMC4wIKXMDSoASAFQAw%3D%3D",45 days,4 years,British (EYFS),,"children, from the age of 45 days to 4 years",based on the Early Years Foundation Stage (EYFS),,http://www.littlehelpersnursery.ae/,
695,keep,,"Little Smarties Nursery & Preschool, Khalifa City",preschool,Nursery school,Khalifa City,,5,32,+971 56 267 7747,info@lsn.ae,,,"https://www.google.com/maps/place/Little+Smarties+Nursery+%26+Preschool,+Khalifa+City/@24.3995883,54.5514074,17z/data=!3m1!4b1!4m6!3m5!1s0x3e5e470c04d95aa5:0x5ce8c29a61607fba!8m2!3d24.3995883!4d54.5514074!16s%2Fg%2F11lm_65s_w?authuser=0&hl=en&entry=ttu&g_ep=EgoyMDI2MDkzMC4wIKXMDSoASAFQAw%3D%3D",,,,ADEK,,,LSN has been identified by ADEK as nursery with a high level of compliance (lsn site),https://littlesmartiesnursery.com/,branch of Little Smarties
650,keep,,Little Smarties Nursery MOJ,preschool,Nursery school,Khalifa City,,,0,+971 50 636 7613,lsnmoj@gmail.com,,,"https://www.google.com/maps/place/Little+Smarties+Nursery+MOJ/@24.4200577,54.5732837,13z/data=!3m1!4b1!4m6!3m5!1s0x898a51c659395085:0xff7917c2ccead1bd!8m2!3d24.4200577!4d54.5732836!16s%2Fg%2F11y6lqh1ch?authuser=0&hl=en&entry=ttu&g_ep=EgoyMDI2MDkzMC4wIKXMDSoASAFQAw%3D%3D",,,,ADEK,,,LSN has been identified by ADEK as nursery with a high level of compliance (lsn site),https://littlesmartiesnursery.com/,branch of Little Smarties (MOJ branch email from the chain site)
647,keep,,Odyssey Nursery - Khalifa City,preschool,Nursery school,Khalifa City,,4.2,40,+971 800 24453,info@odysseynursery.com,"register@odysseynursery.com, info-alsaadiyat@odysseynursery.com, info-westyas@odysseynursery.com, info-alzeina@odysseynursery.com ...",http://odysseynursery.com/,"https://www.google.com/maps/place/Odyssey+Nursery+-+Khalifa+City/@24.427738,54.586467,17z/data=!3m1!4b1!4m6!3m5!1s0x3e5e46732e8d1d3f:0x99423add03a91c4!8m2!3d24.427738!4d54.586467!16s%2Fg%2F11b7f378jf?authuser=0&hl=en&entry=ttu&g_ep=EgoyMDI2MDkzMC4wIKXMDSoASAFQAw%3D%3D",3 months,4 years,Reggio Emilia,,Age Groups (3 months to 6 years) ... Foundation 2 (4-6 Years): This age group is applicable to Dubai branches only.,"At Odyssey, we follow the Reggio Emilia approach",,http://odysseynursery.com/,chain: branch emails info-<branch>@odysseynursery.com
690,keep,,Pony Nursery - Khalifa City A,preschool,Nursery school,Khalifa City,,4.5,94,+971 2 557 7760,,,,"https://www.google.com/maps/place/Pony+Nursery+-+Khalifa+City+A/@24.4229944,54.5462639,17z/data=!3m1!4b1!4m6!3m5!1s0x3e5e469e2d152acb:0x87726dc36c5f92a2!8m2!3d24.4229944!4d54.5462639!16s%2Fg%2F11ckvdksxc?authuser=0&hl=en&entry=ttu&g_ep=EgoyMDI2MDkzMC4wIKXMDSoASAFQAw%3D%3D",,,,,,,,,
684,keep,,Primrose British Nursery - Khalifa City,preschool,Nursery school,Khalifa City,,4.6,76,+971 56 545 2755,admin.khalifa@primrosebritishnursery.com,"principal.reem@primrosebritishnursery.com, admin.reem@primrosebritishnursery.com, principal.khalifa@primrosebritishnursery.com",http://www.primrosebritishnursery.com/,"https://www.google.com/maps/place/Primrose+British+Nursery+-+Khalifa+City/@24.4131184,54.586783,17z/data=!3m1!4b1!4m6!3m5!1s0x3e5e464011c5d6ff:0x6a9a4a4dfb2980bd!8m2!3d24.4131184!4d54.586783!16s%2Fg%2F11byd68v29?authuser=0&hl=en&entry=ttu&g_ep=EgoyMDI2MDkzMC4wIKXMDSoASAFQAw%3D%3D",,,British (EYFS),ADEK,,our unique approach rooted in the Early Years Foundation Stage (EYFS) curriculum,All tuition fees at Primrose British Nursery adhere to the fee structure established by ADEK,http://www.primrosebritishnursery.com/,
691,keep,,Redwood Montessori Nursery - Khalifa City A,preschool,Preschool,Khalifa City,,4.6,106,+971 800 24453,info.saadiyat.island@theredwoodnursery.com,"register@theredwoodnursery.com, info.tilalalghaf@theredwoodnursery.com, info.noya@theredwoodnursery.com, info.mbz@theredwoodnursery.com ...",http://www.theredwoodnursery.com/,"https://www.google.com/maps/place/Redwood+Montessori+Nursery+-+Khalifa+City+A/@24.4032147,54.583354,17z/data=!3m1!4b1!4m6!3m5!1s0x3e5e4646402896d7:0x41a9b19a33af9cf8!8m2!3d24.4032147!4d54.583354!16s%2Fg%2F11_s2k7dj?authuser=0&hl=en&entry=ttu&g_ep=EgoyMDI2MDkzMC4wIKXMDSoASAFQAw%3D%3D",3 months,6 years,Montessori,,Age Groups (3 months to 6 years),Redwood nurseries follow the authentic Montessori method,,http://www.theredwoodnursery.com/,chain site: branch emails info.<branch>@theredwoodnursery.com; 'KHDA approved advanced Montessori' is the Dubai programme
701,keep,,Sunny Meadows Montessori Nursery Khalifa Branch,preschool,Nursery school,Khalifa City,,4.7,23,+971 2 556 0806,info@sunny-meadows.com,,http://www.sunny-meadows.com/,"https://www.google.com/maps/place/Sunny+Meadows+Montessori+Nursery+Khalifa+Branch/@24.4318633,54.5736104,17z/data=!3m1!4b1!4m6!3m5!1s0x3e5e45d633022ee1:0x10be286f7efa0e1d!8m2!3d24.4318633!4d54.5736104!16s%2Fg%2F11cs1cb1dw?authuser=0&hl=en&entry=ttu&g_ep=EgoyMDI2MDkzMC4wIKXMDSoASAFQAw%3D%3D",2 months,54 months,Montessori; Arabic / English bilingual,,exceptional care for children aged 2 months - 4 and a half years,it is a classic Montessori nursery; Arabic and English in dual language classrooms,,http://www.sunny-meadows.com/,"publishes fees (AED 6,000-11,500 a term)"
696,keep,,Super Nanny Nursery,preschool,Nursery school,Khalifa City,,4.4,42,+971 55 577 3108,,,,"https://www.google.com/maps/place/Super+Nanny+Nursery/@24.41338,54.5594598,17z/data=!3m1!4b1!4m6!3m5!1s0x3e5e468ec61c43b7:0x97a75e879158e994!8m2!3d24.41338!4d54.5594598!16s%2Fg%2F11b7_1ss4r?authuser=0&hl=en&entry=ttu&g_ep=EgoyMDI2MDkzMC4wIKXMDSoASAFQAw%3D%3D",,,,,,,,,
705,keep,,Teddy Bear Nursery - Khalifa City,preschool,Preschool,Khalifa City,,1,1,,,,,"https://www.google.com/maps/place/Teddy+Bear+Nursery+-+Khalifa+City/@24.4247783,54.5504564,17z/data=!3m1!4b1!4m6!3m5!1s0x3e5e474c9c146387:0xdece7a1c5d4a377a!8m2!3d24.4247783!4d54.5504564!16s%2Fg%2F11js912x8r?authuser=0&hl=en&entry=ttu&g_ep=EgoyMDI2MDkzMC4wIKXMDSoASAFQAw%3D%3D",,,,,,,,,
689,keep,,The Windsor Early Years Nursery,preschool,Nursery school,Khalifa City,,3.9,15,+971 2 557 9295,info@thewindsornursery.com,info@globaledusolutions.com,https://www.windsor-nursery.com/,"https://www.google.com/maps/place/The+Windsor+Early+Years+Nursery/@24.4229713,54.5588689,17z/data=!3m1!4b1!4m6!3m5!1s0x3e5e4683ef263857:0x2c9f74f22bfa9035!8m2!3d24.4229713!4d54.5588689!16s%2Fg%2F12m9k1mxh?authuser=0&hl=en&entry=ttu&g_ep=EgoyMDI2MDkzMC4wIKXMDSoASAFQAw%3D%3D",1 years,4 years,British (EYFS),ADEK,Midi Explorers Class (1 to 2 years) ... Pre-school - Inventors Class (3 to 4 years),The Windsor Early Years Nursery is a British EYFS Curriculum based setting,The Windsor Early Years Nursery achieved 'High Value' ADEK Nursery status,https://www.windsor-nursery.com/,
606,keep,,Treehouse Nursery Abu Dhabi,preschool,Nursery school,Khalifa City,,4.8,66,+971 55 837 8430,info@treehousenursery.me,,https://www.treehousenursery.ae/,"https://www.google.com/maps/place/Treehouse+Nursery+Abu+Dhabi/@24.428718,54.5906345,17z/data=!3m1!4b1!4m6!3m5!1s0x3e5e460c56e6e54d:0x7d9195c2d2503d2c!8m2!3d24.428718!4d54.5906345!16s%2Fg%2F11b6rcbw_l?authuser=0&hl=en&entry=ttu&g_ep=EgoyMDI2MDkzMC4wIKXMDSoASAFQAw%3D%3D",1 years,4 years,British (EYFS),,We accept children from one to four years of age.,our curriculum combines the UK's acclaimed Early Years Foundation Stage (EYFS) Framework with a unique creative learning model,,https://www.treehousenursery.ae/,also uses Montessori and Reggio elements
688,keep,,حضانة ستانفورد مدينة خليفة أ,preschool,Nursery school,Khalifa City,,4.6,178,+971 58 105 6963,info@stanfordnursery.com,,http://www.stanfordnursery.com/,"https://www.google.com/maps/place/%D8%AD%D8%B6%D8%A7%D9%86%D8%A9+%D8%B3%D8%AA%D8%A7%D9%86%D9%81%D9%88%D8%B1%D8%AF+%D9%85%D8%AF%D9%8A%D9%86%D8%A9+%D8%AE%D9%84%D9%8A%D9%81%D8%A9+%D8%A3%E2%80%AD/@24.4222905,54.5895531,17z/data=!3m1!4b1!4m6!3m5!1s0x3e5e466555555555:0x525ceaf90356de82!8m2!3d24.4222905!4d54.5895531!16s%2Fg%2F11b6_6vpz3?authuser=0&hl=en&entry=ttu&g_ep=EgoyMDI2MDkzMC4wIKXMDSoASAFQAw%3D%3D",,,British (EYFS),,,منهج EYFS البريطاني المعتمد (accredited British EYFS curriculum),,http://www.stanfordnursery.com/,same chain site as S22
773,keep,,Aptitude Nursery,preschool,Preschool,Madinat Al Riyadh,,5,2,+971 50 299 8958,,,,"https://www.google.com/maps/place/Aptitude+Nursery/@24.3467265,54.751331,17z/data=!3m1!4b1!4m6!3m5!1s0x3e5e35ce5c925663:0x243e8622e87556f7!8m2!3d24.3467265!4d54.751331!16s%2Fg%2F11nv2fh3qk?authuser=0&hl=en&entry=ttu&g_ep=EgoyMDI2MDkzMC4wIKXMDSoASAFQAw%3D%3D",,,,,,,,,
776,keep,,Daisy nursery,preschool,Preschool,Madinat Al Riyadh,,4.9,9,+971 52 707 9964,,,,"https://www.google.com/maps/place/Daisy+nursery/@24.3631351,54.7498549,17z/data=!3m1!4b1!4m6!3m5!1s0x3e5e35918bf90d55:0xca4aa3df7f328e90!8m2!3d24.3631351!4d54.7498549!16s%2Fg%2F11xyr82653?authuser=0&hl=en&entry=ttu&g_ep=EgoyMDI2MDkzMC4wIKXMDSoASAFQAw%3D%3D",,,,,,,,,
772,keep,,Learning Tree Nursery,preschool,Kindergarten,Madinat Al Riyadh,,4.8,65,+971 50 293 0460,info@learningtreeuae.com,,http://www.learningtreeuae.com/,"https://www.google.com/maps/place/Learning+Tree+Nursery/@24.3319337,54.7395328,17z/data=!3m1!4b1!4m6!3m5!1s0x3e5e357a97d9afc1:0xc591d9e1371cc1fd!8m2!3d24.3319337!4d54.7395328!16s%2Fg%2F11v5dmywm7?authuser=0&hl=en&entry=ttu&g_ep=EgoyMDI2MDkzMC4wIKXMDSoASAFQAw%3D%3D",45 days,4 years,British (EYFS); Arabic / English bilingual,ADEK,We accept children from 45 days old to 4 years old.,Learning Tree Nursery is following the EYFS curriculum; Arabic and English are the languages utilized by the nursery,We can accept children older than 4 years old under specific circumstances and ADEK approval.,http://www.learningtreeuae.com/,
774,keep,,Odyssey Nursery - Madinat Al Riyad,preschool,Preschool,Madinat Al Riyadh,,5,5,+971 52 347 2059,info-alsaadiyat@odysseynursery.com,"register@odysseynursery.com, info-westyas@odysseynursery.com, info-alzeina@odysseynursery.com, info@odysseynursery.com ...",https://www.odysseynursery.com/,"https://www.google.com/maps/place/Odyssey+Nursery+-+Madinat+Al+Riyad/@24.3849803,54.7458502,17z/data=!3m1!4b1!4m6!3m5!1s0x3e5e35e4b939b7b1:0xaa70742293871a6!8m2!3d24.3849803!4d54.7458502!16s%2Fg%2F11xw8q9n3s?authuser=0&hl=en&entry=ttu&g_ep=EgoyMDI2MDkzMC4wIKXMDSoASAFQAw%3D%3D",3 months,4 years,Reggio Emilia,,Age Groups (3 months to 6 years) ... Foundation 2 (4-6 Years): This age group is applicable to Dubai branches only.,"At Odyssey, we follow the Reggio Emilia approach",,https://www.odysseynursery.com/,
771,keep,,Small stars nursery Riyadh city,preschool,Kindergarten,Madinat Al Riyadh,,4.7,19,+971 50 944 0858,,,https://www.instagram.com/little_star_nursery_riyadh?igsi=MWRnb2MxdnVhd256Ng==&utm_source=qr,"https://www.google.com/maps/place/Small+stars+nursery+Riyadh+city/@24.3516012,54.7500649,17z/data=!3m1!4b1!4m6!3m5!1s0x3e5e3589f0ed91e3:0x46f7edf4d957c8ca!8m2!3d24.3516012!4d54.7500649!16s%2Fg%2F11txp7vppf?authuser=0&hl=en&entry=ttu&g_ep=EgoyMDI2MDkzMC4wIKXMDSoASAFQAw%3D%3D",,,,,,,,,
585,keep,,daffodils,preschool,Preschool,Madinat Zayed,,5,5,+971 50 166 8165,,,,"https://www.google.com/maps/place/daffodils/@24.4796058,54.3626441,17z/data=!3m1!4b1!4m6!3m5!1s0x3e5e67dbc5bb94ed:0x26cda8ec1dbab0ff!8m2!3d24.4796058!4d54.3626441!16s%2Fg%2F11ysgtfq_w?authuser=0&hl=en&entry=ttu&g_ep=EgoyMDI2MDkzMC4wIKXMDSoASAFQAw%3D%3D",,,,,,,,,
798,keep,,Kidz Care,preschool,Training center,Madinat Zayed,,5,26,+971 50 113 2948,,,,"https://www.google.com/maps/place/Kidz+Care/@24.4873877,54.3716745,17z/data=!3m1!4b1!4m6!3m5!1s0x3e5e67058adb3431:0x4b75685cf538460!8m2!3d24.4873877!4d54.3716745!16s%2Fg%2F11lcyk7q7v?authuser=0&hl=en&entry=ttu&g_ep=EgoyMDI2MTAwNC4wIKXMDSoASAFQAw%3D%3D",,,,,,,,,
567,keep,,Noahs Ark Nursery Abu Dhabi,preschool,Preschool,Madinat Zayed,,4.5,137,+971 2 635 1035,,,http://www.noahsarknurseryad.com/,"https://www.google.com/maps/place/Noahs+Ark+Nursery+Abu+Dhabi/@24.4885304,54.3698867,17z/data=!3m1!4b1!4m6!3m5!1s0x3e5e6642b8f969b3:0x44105cf463cd5a48!8m2!3d24.4885304!4d54.3698867!16s%2Fg%2F11b6_g2ggj?authuser=0&hl=en&entry=ttu&g_ep=EgoyMDI2MDkzMC4wIKXMDSoASAFQAw%3D%3D",,,,,,,,,
732,keep,,Blossom Masdar,preschool,Nursery school,Masdar City,,4.8,32,+971 800 6877379,,,https://www.theblossomnursery.com/nurseries/blossom-masdar?utm_source=gmb&utm_medium=direct,"https://www.google.com/maps/place/Blossom+Masdar/@24.4330115,54.6213229,17z/data=!3m1!4b1!4m6!3m5!1s0x3e5e49604ebdf3c9:0xa2ac2b5636952e29!8m2!3d24.4330115!4d54.6213229!16s%2Fg%2F11sycj_xs9?authuser=0&hl=en&entry=ttu&g_ep=EgoyMDI2MDkzMC4wIKXMDSoASAFQAw%3D%3D",45 days,4 years,British (EYFS); Reggio Emilia,,Ages: 45 days to 4 years (FS1),We combine the British EYFS framework with the Reggio Emilia philosophy,,https://www.theblossomnursery.com/nurseries/blossom-masdar,
699,keep,,First Hope Nursery,preschool,Nursery school,Masdar City,,4.5,44,+971 2 556 6102,,,,"https://www.google.com/maps/place/First+Hope+Nursery/@24.4297484,54.6040358,17z/data=!3m1!4b1!4m6!3m5!1s0x3e5e47ce04828303:0x5f44e793c8bd2ae8!8m2!3d24.4297484!4d54.6040358!16s%2Fg%2F11ghr9s_q3?authuser=0&hl=en&entry=ttu&g_ep=EgoyMDI2MDkzMC4wIKXMDSoASAFQAw%3D%3D",,,,,,,,,
749,keep,,Al Dhafrah Nursery,preschool,Nursery school,Mohammed Bin Zayed City,,5,3,+971 2 555 3375,,,,"https://www.google.com/maps/place/Al+Dhafrah+Nursery/@24.3124667,54.5333638,17z/data=!3m1!4b1!4m6!3m5!1s0x3e5e38c5df917955:0xce974cbe36de0ea4!8m2!3d24.3124667!4d54.5333638!16s%2Fg%2F11bw1p1xcb?authuser=0&hl=en&entry=ttu&g_ep=EgoyMDI2MDkzMC4wIKXMDSoASAFQAw%3D%3D",,,,,,,,,
739,keep,,Avatar Nursery,preschool,Nursery school,Mohammed Bin Zayed City,,4.3,24,+971 50 632 0977,,,,"https://www.google.com/maps/place/Avatar+Nursery/@24.328861,54.546627,17z/data=!3m1!4b1!4m6!3m5!1s0x3e5e39e0feddbf63:0x1cfa852fcc62aec!8m2!3d24.328861!4d54.546627!16s%2Fg%2F11g1y2pj81?authuser=0&hl=en&entry=ttu&g_ep=EgoyMDI2MDkzMC4wIKXMDSoASAFQAw%3D%3D",,,,,,,,,
669,keep,,Blossom Mohammed Bin Zayed City,preschool,Nursery school,Mohammed Bin Zayed City,,4.7,80,+971 800 6877379,,,https://www.theblossomnursery.com/nurseries/blossom-zayed-city-ae-01-011?utm_source=gmb&utm_medium=direct,"https://www.google.com/maps/place/Blossom+Mohammed+Bin+Zayed+City/@24.3705982,54.5625628,17z/data=!3m1!4b1!4m6!3m5!1s0x3e5e47d60a659295:0x9e2b847949ea6084!8m2!3d24.3705982!4d54.5625628!16s%2Fg%2F11flwxx2dk?authuser=0&hl=en&entry=ttu&g_ep=EgoyMDI2MDkzMC4wIKXMDSoASAFQAw%3D%3D",45 days,4 years,British (EYFS); Reggio Emilia,,Ages: 45 days to 4 years (FS1),We combine the British EYFS framework with the Reggio Emilia philosophy,,https://www.theblossomnursery.com/nurseries/blossom-zayed-city-ae-01-011,
717,keep,,Dazzling Stars Nursery,preschool,Kindergarten,Mohammed Bin Zayed City,,4.5,103,+971 56 484 0455,,,,"https://www.google.com/maps/place/Dazzling+Stars+Nursery/@24.3090292,54.548288,17z/data=!3m1!4b1!4m6!3m5!1s0x3e5e399177e43c83:0x7a03cf19f1b7354d!8m2!3d24.3090292!4d54.548288!16s%2Fg%2F11gxxhjb29?authuser=0&hl=en&entry=ttu&g_ep=EgoyMDI2MDkzMC4wIKXMDSoASAFQAw%3D%3D",,,,,,,,,
594,keep,,Early Wish,preschool,Kindergarten,Mohammed Bin Zayed City,,4.9,60,+971 56 212 8461,,,https://www.facebook.com/profile.php?id=61550045439994&mibextid=ZbWKwL,"https://www.google.com/maps/place/Early+Wish/@24.3195132,54.5375722,17z/data=!3m1!4b1!4m6!3m5!1s0x3e5e3912bba77deb:0x6385aad2088e0807!8m2!3d24.3195132!4d54.5375722!16s%2Fg%2F11vd6tvpg1?authuser=0&hl=en&entry=ttu&g_ep=EgoyMDI2MDkzMC4wIKXMDSoASAFQAw%3D%3D",,,,,,,,,
596,keep,,Kids Asia Early Learning Centre,preschool,Preschool,Mohammed Bin Zayed City,,,0,+971 50 310 3690,info@kidsasiapreschool.com,,https://www.kidsasiapreschool.com/,"https://www.google.com/maps/place/Kids+Asia+Early+Learning+Centre/@24.3433576,54.5304894,17z/data=!3m1!4b1!4m6!3m5!1s0x3e5e4703c753b351:0x2644850a06402054!8m2!3d24.3433576!4d54.5304894!16s%2Fg%2F11zksw12mm?authuser=0&hl=en&entry=ttu&g_ep=EgoyMDI2MDkzMC4wIKXMDSoASAFQAw%3D%3D",8 months,,,,AGE: 8 months - 1.5 yrs ... AGE: 2.5 - 3.5 yrs,developmentally appropriate curriculum (no named framework),,https://www.kidsasiapreschool.com/,top age unclear
702,keep,,"Kids Fantasy Nursery ,MBZ",preschool,Nursery school,Mohammed Bin Zayed City,,3.2,20,+971 50 679 5692,info@kidsfantasynursery.com,,https://kidsfantasynursery.com/,"https://www.google.com/maps/place/Kids+Fantasy+Nursery+,MBZ/@24.367976,54.5402755,17z/data=!3m1!4b1!4m6!3m5!1s0x3e5e470008989173:0x8c7e483bc81fb75b!8m2!3d24.367976!4d54.5402755!16s%2Fg%2F11ln8dhqs3?authuser=0&hl=en&entry=ttu&g_ep=EgoyMDI2MDkzMC4wIKXMDSoASAFQAw%3D%3D",45 days,4 years,British (EYFS),ADEK,babies and children from 45 days to 4 years,"follows a curriculum based on the British National Curriculum EYFS enhanced with Arabic, Islamic and French",Kids Fantasy Nursery is outstanding nursery rated by ADEK,https://kidsfantasynursery.com/,
692,keep,,Little Helpers Nursery - MBZ Branch - حضانة ليتل هيلبرز,preschool,Nursery school,Mohammed Bin Zayed City,,4.4,37,+971 2 445 5344,khalifabranch@littlehelpersnursery.ae,info@littlehelpersnursery.ae,http://www.littlehelpersnursery.ae/,"https://www.google.com/maps/place/Little+Helpers+Nursery+-+MBZ+Branch+-+%D8%AD%D8%B6%D8%A7%D9%86%D8%A9+%D9%84%D9%8A%D8%AA%D9%84+%D9%87%D9%8A%D9%84%D8%A8%D8%B1%D8%B2%E2%80%AD/@24.3623472,54.5482735,17z/data=!3m1!4b1!4m6!3m5!1s0x3e5e47b43efa42cb:0x57caa039e7dfd109!8m2!3d24.3623472!4d54.5482735!16s%2Fg%2F11g4lfx85q?authuser=0&hl=en&entry=ttu&g_ep=EgoyMDI2MDkzMC4wIKXMDSoASAFQAw%3D%3D",45 days,4 years,British (EYFS),,"children, from the age of 45 days to 4 years",based on the Early Years Foundation Stage (EYFS),,http://www.littlehelpersnursery.ae/,
746,keep,,Little Sparks Preschool UAE,preschool,Preschool,Mohammed Bin Zayed City,,5,16,+971 50 206 4253,littlesparksuae@gmail.com,,http://www.littlesparksuae.net/,"https://www.google.com/maps/place/Little+Sparks+Preschool+UAE/@24.3188309,54.53812,17z/data=!3m1!4b1!4m6!3m5!1s0x3e5e394e614c7a1d:0xe1fbd9257e24e8bf!8m2!3d24.3188309!4d54.53812!16s%2Fg%2F11x37bkb7h?authuser=0&hl=en&entry=ttu&g_ep=EgoyMDI2MDkzMC4wIKXMDSoASAFQAw%3D%3D",,,Montessori,,,Montessori based Curriculum,,http://www.littlesparksuae.net/,also tuition classes
803,keep,,LIVERPOOL NURSERRY,preschool,Education center,Mohammed Bin Zayed City,,4.8,9,+971 56 541 8472,,,,"https://www.google.com/maps/place/LIVERPOOL+NURSERRY/@24.3459276,54.5490713,17z/data=!3m1!4b1!4m6!3m5!1s0x3e5e4708487f95ff:0x12adebc8e606f0e2!8m2!3d24.3459276!4d54.5490713!16s%2Fg%2F11vjk0pm51?entry=ttu&g_ep=EgoyMDI2MTAwNC4wIKXMDSoASAFQAw%3D%3D",,,,,,,,,
670,keep,,Maplewood Canadian International Nursery,preschool,Nursery school,Mohammed Bin Zayed City,,4.7,27,+971 50 640 9971,,,https://mymaplewoodnursery.com/,"https://www.google.com/maps/place/Maplewood+Canadian+International+Nursery/@24.3420601,54.5334676,17z/data=!3m1!4b1!4m6!3m5!1s0x3e5e47db4f416467:0x40604c4b264ca94f!8m2!3d24.3420601!4d54.5334676!16s%2Fg%2F11sfphg_d4?authuser=0&hl=en&entry=ttu&g_ep=EgoyMDI2MDkzMC4wIKXMDSoASAFQAw%3D%3D",6 months,4 years,Canadian,,6 months - 4 years,Canadian Curriculum,,https://mymaplewoodnursery.com/,publishes fees (2026-27)
644,keep,,Noah's Ark Nursery BR1 - MBZ,preschool,Nursery school,Mohammed Bin Zayed City,,4.8,96,+971 2 559 1743,,,http://www.noahsarknurseryad.com/,"https://www.google.com/maps/place/Noah's+Ark+Nursery+BR1+-+MBZ/@24.3559752,54.5557145,17z/data=!3m1!4b1!4m6!3m5!1s0x3e5e47703a236bad:0x7aad96cf49f8966b!8m2!3d24.3559752!4d54.5557145!16s%2Fg%2F11b6__23gn?authuser=0&hl=en&entry=ttu&g_ep=EgoyMDI2MDkzMC4wIKXMDSoASAFQAw%3D%3D",,,,,,,,,
700,keep,,Piccadilly Nursery,preschool,Nursery school,Mohammed Bin Zayed City,,4.6,62,+971 2 553 7956,piccadilly.mbz@gmail.com,,http://www.piccadillynursery.com/,"https://www.google.com/maps/place/Piccadilly+Nursery/@24.3431516,54.5431237,17z/data=!3m1!4b1!4m6!3m5!1s0x3e5e38912e8a8267:0x2883b4653f1af1ec!8m2!3d24.3431516!4d54.5431237!16s%2Fg%2F11b6cwf4zw?authuser=0&hl=en&entry=ttu&g_ep=EgoyMDI2MDkzMC4wIKXMDSoASAFQAw%3D%3D",,,British (EYFS),,,The Early Year Foundation Stage (EYFS) has set standards ... EYFS learning and development requirements,,http://www.piccadillynursery.com/,"publishes fees (AED 26,250 a year, 5 days)"
709,keep,,Redwood Montessori Nursery - MBZ City,preschool,Preschool,Mohammed Bin Zayed City,,4.9,57,+971 800 24453,register@theredwoodnursery.com,"info.tilalalghaf@theredwoodnursery.com, info.noya@theredwoodnursery.com, info.mbz@theredwoodnursery.com, info.saadiyat.island@theredwoodnursery.com ...",https://www.theredwoodnursery.com/,"https://www.google.com/maps/place/Redwood+Montessori+Nursery+-+MBZ+City/@24.3705621,54.5317968,17z/data=!3m1!4b1!4m6!3m5!1s0x3e5e47062c9d21f9:0x393c6d73f8a6de18!8m2!3d24.3705621!4d54.5317968!16s%2Fg%2F11y92cvb3r?authuser=0&hl=en&entry=ttu&g_ep=EgoyMDI2MDkzMC4wIKXMDSoASAFQAw%3D%3D",3 months,6 years,Montessori,,Age Groups (3 months to 6 years),Redwood nurseries follow the authentic Montessori method,,https://www.theredwoodnursery.com/,same chain site as S19
737,keep,,Riverwood Nursery,preschool,Nursery school,Mohammed Bin Zayed City,,4.6,76,+971 50 409 8559,,,https://wa.me/971507985520?text=I%20want%20to%20enrol%20my%20child%20at%20Riverwood%20Nursery,"https://www.google.com/maps/place/Riverwood+Nursery/@24.3383289,54.5532818,17z/data=!3m1!4b1!4m6!3m5!1s0x3e5e389ca210e9c9:0xcfd0d4fe7dfa7527!8m2!3d24.3383289!4d54.5532818!16s%2Fg%2F11btxjjwfx?authuser=0&hl=en&entry=ttu&g_ep=EgoyMDI2MDkzMC4wIKXMDSoASAFQAw%3D%3D",,,,,,,,,
707,keep,,Second Home Nursery School,preschool,Nursery school,Mohammed Bin Zayed City,,4.2,13,+971 2 553 6565,,,,"https://www.google.com/maps/place/Second+Home+Nursery+School/@24.356506,54.561314,17z/data=!3m1!4b1!4m6!3m5!1s0x3e5e389b331844fd:0xe43ea9d1f5684384!8m2!3d24.356506!4d54.561314!16s%2Fg%2F11b700lkxc?authuser=0&hl=en&entry=ttu&g_ep=EgoyMDI2MDkzMC4wIKXMDSoASAFQAw%3D%3D",,,,,,,,,
747,keep,,Stanford Nursery Mohamed Ben Zayed Branch - حضانة ستانفورد فرع محمد بن زايد,preschool,Nursery school,Mohammed Bin Zayed City,,4.7,186,+971 58 105 6961,info@stanfordnursery.com,,https://stanfordnursery.com/,"https://www.google.com/maps/place/Stanford+Nursery+Mohamed+Ben+Zayed+Branch+-+%D8%AD%D8%B6%D8%A7%D9%86%D8%A9+%D8%B3%D8%AA%D8%A7%D9%86%D9%81%D9%88%D8%B1%D8%AF+%D9%81%D8%B1%D8%B9+%D9%85%D8%AD%D9%85%D8%AF+%D8%A8%D9%86+%D8%B2%D8%A7%D9%8A%D8%AF%E2%80%AD/@24.3079565,54.5362393,17z/data=!3m1!4b1!4m6!3m5!1s0x3e5e38c4d209e317:0xffbf8c9a9bd502f2!8m2!3d24.3079565!4d54.5362393!16s%2Fg%2F11c57yd2l0?authuser=0&hl=en&entry=ttu&g_ep=EgoyMDI2MDkzMC4wIKXMDSoASAFQAw%3D%3D",,,British (EYFS),,,منهج EYFS البريطاني المعتمد (accredited British EYFS curriculum),,https://stanfordnursery.com/,'Al Dana nursery Baniyas' uses the Stanford Nursery website
736,keep,,Teddy Bear Nursery - MBZ City,preschool,Nursery school,Mohammed Bin Zayed City,,4.8,42,+971 50 701 7636,enquiries@teddybearnurseries.com,admissions@teddybearnursery.net,https://teddybearnurseries.com/,"https://www.google.com/maps/place/Teddy+Bear+Nursery+-+MBZ+City/@24.3345365,54.5734168,17z/data=!3m1!4b1!4m6!3m5!1s0x3e5e39b7ebec24a3:0xc5ef809e6057bde5!8m2!3d24.3345365!4d54.5734168!16s%2Fg%2F11f6pn9g0q?authuser=0&hl=en&entry=ttu&g_ep=EgoyMDI2MDkzMC4wIKXMDSoASAFQAw%3D%3D",45 days,4 years,American,ADEK,we provide children from 45 days to four years old,The Creative Curriculum© (American early-years curriculum),We are routinely assessed by ADEK inspectors and Civil Defense.,https://teddybearnurseries.com/,part of Liwa Education
643,keep,,Vision Nursery,preschool,Nursery school,Mohammed Bin Zayed City,,4.9,230,+971 55 445 5872,admission@visionnursery.com,,http://www.visionnursery.com/,"https://www.google.com/maps/place/Vision+Nursery/@24.3405251,54.5524254,17z/data=!3m1!4b1!4m6!3m5!1s0x3e5e389d0464cc4f:0xdff515942e707e87!8m2!3d24.3405251!4d54.5524254!16s%2Fg%2F11b6t79lg0?authuser=0&hl=en&entry=ttu&g_ep=EgoyMDI2MDkzMC4wIKXMDSoASAFQAw%3D%3D",2 years,4 years,British (EYFS),,specialized in efficacious early-education of children aged between 2 to 4 years,the Early Years Foundation Stage (EYFS) Framework being adopted as the soul of its curriculum,,http://www.visionnursery.com/,
609,keep,,Whizzy Wonders Daycare Centre,daycare,Day care center,Mohammed Bin Zayed City,,5,20,+971 55 207 3703,whizzywonders1@gmail.com,,https://whizzywonderuae.com/,"https://www.google.com/maps/place/Whizzy+Wonders+Daycare+Centre/@24.3407971,54.5359735,17z/data=!3m1!4b1!4m6!3m5!1s0x3e5e478219ae589b:0x2d461b2081ed259f!8m2!3d24.3407971!4d54.5359735!16s%2Fg%2F11xh630x21?authuser=0&hl=en&entry=ttu&g_ep=EgoyMDI2MDkzMC4wIKXMDSoASAFQAw%3D%3D",40 days,5 years,,,We accept children from 40 days onwards ... (4 - 5 years),,,https://whizzywonderuae.com/,also after-school tuition
607,keep,,Wonder Bees Day Care & Preschool (Shabiya 12),daycare,Day care center,Mohammed Bin Zayed City,,5,6,+971 54 141 2448,,,,"https://www.google.com/maps/place/Wonder+Bees+Day+Care+%26+Preschool+(Shabiya+12)/@24.3203853,54.5362465,17z/data=!3m1!4b1!4m6!3m5!1s0xd2cf4cd972dc9f5:0x49198cdfca333f04!8m2!3d24.3203853!4d54.5362465!16s%2Fg%2F11zx15lq_l?authuser=0&hl=en&entry=ttu&g_ep=EgoyMDI2MDkzMC4wIKXMDSoASAFQAw%3D%3D",,,,,,,,,
714,keep,,حضانة رين بوو Rainbow Nursery,preschool,Nursery school,Mohammed Bin Zayed City,,4.6,39,+971 58 688 8240,,,,"https://www.google.com/maps/place/%D8%AD%D8%B6%D8%A7%D9%86%D8%A9+%D8%B1%D9%8A%D9%86+%D8%A8%D9%88%D9%88+Rainbow+Nursery%E2%80%AD/@24.3178436,54.5462585,17z/data=!3m1!4b1!4m6!3m5!1s0x3e5e38ea548e54ef:0x660793edafa8a9d4!8m2!3d24.3178436!4d54.5462585!16s%2Fg%2F11b8dhrcvv?authuser=0&hl=en&entry=ttu&g_ep=EgoyMDI2MDkzMC4wIKXMDSoASAFQAw%3D%3D",,,,,,,,,
751,keep,,حضانة سبونج بوب,preschool,Nursery school,Mohammed Bin Zayed City,,4.2,38,+971 2 551 9955,,,http://www.spongebopnursery.com/,"https://www.google.com/maps/place/%D8%AD%D8%B6%D8%A7%D9%86%D8%A9+%D8%B3%D8%A8%D9%88%D9%86%D8%AC+%D8%A8%D9%88%D8%A8%E2%80%AD/@24.3170018,54.5698884,17z/data=!3m1!4b1!4m6!3m5!1s0x3e5e3859e0e66085:0xab82e7de27a00d8f!8m2!3d24.3170018!4d54.5698884!16s%2Fg%2F11b75pm745?authuser=0&hl=en&entry=ttu&g_ep=EgoyMDI2MDkzMC4wIKXMDSoASAFQAw%3D%3D",,,,,,,,,
711,keep,,حضانة طفلي My Baby Nursery,preschool,Nursery school,Mohammed Bin Zayed City,,4.7,140,+971 55 396 4660,info@mybabynursery.ae,,https://mybabynursery.ae/,"https://www.google.com/maps/place/%D8%AD%D8%B6%D8%A7%D9%86%D8%A9+%D8%B7%D9%81%D9%84%D9%8A+My+Baby+Nursery%E2%80%AD/@24.3293726,54.540826,17z/data=!3m1!4b1!4m6!3m5!1s0x3e5e38bcfe3aee27:0x4cc9113030a081b6!8m2!3d24.3293726!4d54.540826!16s%2Fg%2F11bbwlzbk8?authuser=0&hl=en&entry=ttu&g_ep=EgoyMDI2MDkzMC4wIKXMDSoASAFQAw%3D%3D",,,British (EYFS),,,There are 7 areas of learning and development that shape the educational program in Early Years Foundation Stage settings.,,https://mybabynursery.ae/,EYFS evidence is indirect
668,keep,,Avatar kindergarten,preschool,Preschool,Musaffah,,5,13,+971 58 282 3082,,,,"https://www.google.com/maps/place/Avatar+kindergarten/@24.3447537,54.5358251,17z/data=!3m1!4b1!4m6!3m5!1s0x3e5e47f6d0c67035:0xf6b0dabec7c64aa9!8m2!3d24.3447537!4d54.5358251!16s%2Fg%2F11kqh89lst?authuser=0&hl=en&entry=ttu&g_ep=EgoyMDI2MDkzMC4wIKXMDSoASAFQAw%3D%3D",,,,,,,,,
611,keep,,Best Kids Pre-School,preschool,Preschool,Musaffah,,4.9,37,+971 55 746 6715,,,http://www.bestkidscentre.ae/,"https://www.google.com/maps/place/Best+Kids+Pre-School/@24.3369973,54.5323227,17z/data=!3m1!4b1!4m6!3m5!1s0x3e5e3935f6cc2143:0xfb064c6b7fecaeb8!8m2!3d24.3369973!4d54.5323227!16s%2Fg%2F11kb5b508l?authuser=0&hl=en&entry=ttu&g_ep=EgoyMDI2MDkzMC4wIKXMDSoASAFQAw%3D%3D",,,,,,,,,
666,keep,,"Brighten Up - Pre-school, Daycare, Learning Center, After-school",daycare,Day care center,Musaffah,,5,8,+971 54 381 2141,,,http://www.brightenup.ae/,"https://www.google.com/maps/place/Brighten+Up+-+Pre-school,+Daycare,+Learning+Center,+After-school/@24.34023,54.5318407,17z/data=!3m1!4b1!4m6!3m5!1s0x3e5e4795bf73b01d:0x697e7d9793d16854!8m2!3d24.34023!4d54.5318407!16s%2Fg%2F11y312k52b?authuser=0&hl=en&entry=ttu&g_ep=EgoyMDI2MDkzMC4wIKXMDSoASAFQAw%3D%3D",,,,,,,,,
667,keep,,"Brighten Up - Pre-school, Daycare, Learning Center, After-school",daycare,Day care center,Musaffah,,5,2,+971 54 381 2141,,,https://www.brightenup.ae/,"https://www.google.com/maps/place/Brighten+Up+-+Pre-school,+Daycare,+Learning+Center,+After-school/@24.3301982,54.5353066,17z/data=!3m1!4b1!4m6!3m5!1s0x3e5e39b5246853e9:0xdba22153d03a3a5a!8m2!3d24.3301982!4d54.5353066!16s%2Fg%2F11x8jvlzmt?authuser=0&hl=en&entry=ttu&g_ep=EgoyMDI2MDkzMC4wIKXMDSoASAFQAw%3D%3D",,,,,,,,,
750,keep,,"GENTLE HUG Preschool, Day Care & After-school - Shabiya ME12",daycare,Day care center,Musaffah,,5,8,+971 52 861 2395,,,https://www.instagram.com/gentlehuguae/,"https://www.google.com/maps/place/GENTLE+HUG+Preschool,+Day+Care+%26+After-school+-+Shabiya+ME12/@24.3189888,54.5370417,17z/data=!3m1!4b1!4m6!3m5!1s0xac9d7159bf5f8879:0x14f8be8e046af784!8m2!3d24.3189888!4d54.5370417!16s%2Fg%2F11wx6yzcnh?authuser=0&hl=en&entry=ttu&g_ep=EgoyMDI2MDkzMC4wIKXMDSoASAFQAw%3D%3D",,,,,,,,,
603,keep,,Happy Zone Daycare,daycare,Day care center,Musaffah,,4.8,31,+971 58 565 1918,,,,"https://www.google.com/maps/place/Happy+Zone+Daycare/@24.3336602,54.5308815,17z/data=!3m1!4b1!4m6!3m5!1s0xab979cb88c7496bb:0xb2d20a73feeec9ab!8m2!3d24.3336602!4d54.5308815!16s%2Fg%2F11lmnzlgs0?authuser=0&hl=en&entry=ttu&g_ep=EgoyMDI2MDkzMC4wIKXMDSoASAFQAw%3D%3D",,,,,,,,,
804,keep,,Kidcomfy,preschool,Education center,Musaffah,,5,6,+971 50 697 3919,,,,"https://www.google.com/maps/place/Kidcomfy/@24.3318779,54.5341804,17z/data=!3m1!4b1!4m6!3m5!1s0x3e5e39eaef318659:0xc0d65d44d3421f1b!8m2!3d24.3318779!4d54.5341804!16s%2Fg%2F11z95fpknn?entry=ttu&g_ep=EgoyMDI2MTAwNC4wIKXMDSoASAFQAw%3D%3D",,,,,,,,,
599,keep,,Kiddi World Preschool & Day Care,daycare,Preschool,Musaffah,,4.8,43,+971 56 660 3282,info@kiddiworld.co,,http://www.kiddiworld.co/,"https://www.google.com/maps/place/Kiddi+World+Preschool+%26+Day+Care/@24.3403078,54.5330935,17z/data=!3m1!4b1!4m6!3m5!1s0x3e5e4776b64191c5:0x476dddfe05903345!8m2!3d24.3403078!4d54.5330935!16s%2Fg%2F11wx0lxpn3?authuser=0&hl=en&entry=ttu&g_ep=EgoyMDI2MDkzMC4wIKXMDSoASAFQAw%3D%3D",6 months,6 years,Montessori; British (EYFS),,we welcome children from 6 months to 6 years,We follow a balanced blend of Montessori and EYFS,,http://www.kiddiworld.co/,another page shows a '3 Months - 2 Years' group; also tuition and activity club
602,keep,,My Little Peanut (Shabiya ME10),daycare,Day care center,Musaffah,,5,34,+971 52 996 2265,mylittlepeanutuae@gmail.com,,https://www.mylittlepeanutuae.com/,"https://www.google.com/maps/place/My+Little+Peanut+(Shabiya+ME10)/@24.3359136,54.5304521,17z/data=!3m1!4b1!4m6!3m5!1s0x3e5e3964567e0f05:0x66ca4405b84cab38!8m2!3d24.3359136!4d54.5304521!16s%2Fg%2F11w_h51f4b?authuser=0&hl=en&entry=ttu&g_ep=EgoyMDI2MDkzMC4wIKXMDSoASAFQAw%3D%3D",,,,,,,,,
605,keep,,My little Peanut (Shabiya ME12),daycare,Day care center,Musaffah,,5,36,+971 50 560 2816,mylittlepeanutuae@gmail.com,,https://www.mylittlepeanutuae.com/,"https://www.google.com/maps/place/My+little+Peanut+(Shabiya+ME12)/@24.3186639,54.5385531,17z/data=!3m1!4b1!4m6!3m5!1s0x3e5e39b4063f68e3:0x1ff38d692f17be3b!8m2!3d24.3186639!4d54.5385531!16s%2Fg%2F11vz1837r0?authuser=0&hl=en&entry=ttu&g_ep=EgoyMDI2MDkzMC4wIKXMDSoASAFQAw%3D%3D",,,,,,,,,
662,keep,,"Tiny Treasures preschool, Nursery, KG1, KG2 and daycare. Best preschool in Shabiya 12",daycare,Preschool,Musaffah,,4.9,32,+971 50 549 7177,info@tinytreasuresuae.com,,https://tinytreasuresuae.com/home/,"https://www.google.com/maps/place/Tiny+Treasures+preschool,+Nursery,+KG1,+KG2+and+daycare.+Best+preschool+in+Shabiya+12/@24.3188387,54.5376527,17z/data=!3m1!4b1!4m6!3m5!1s0x3e5e39b171a89a07:0xa28bcb9eb1964af2!8m2!3d24.3188387!4d54.5376527!16s%2Fg%2F11yhfrg5pp?authuser=0&hl=en&entry=ttu&g_ep=EgoyMDI2MDkzMC4wIKXMDSoASAFQAw%3D%3D",,,,,,,,,
658,keep,,Blossom Nursery Rabdan,preschool,Nursery school,Rabdan,,4.7,27,+971 800 6877379,,,https://www.theblossomnursery.com/nurseries/blossom-rabdan?utm_source=gmb&utm_medium=direct,"https://www.google.com/maps/place/Blossom+Nursery+Rabdan/@24.4063195,54.5144132,17z/data=!3m1!4b1!4m6!3m5!1s0x3e5e4151bf56c6bb:0xc45bcd3f0e905000!8m2!3d24.4063195!4d54.5144132!16s%2Fg%2F11b5yrb81n?authuser=0&hl=en&entry=ttu&g_ep=EgoyMDI2MDkzMC4wIKXMDSoASAFQAw%3D%3D",45 days,4 years,British (EYFS); Reggio Emilia,,Ages: 45 days to 4 years (FS1),We combine the British EYFS framework with the Reggio Emilia philosophy,,https://www.theblossomnursery.com/nurseries/blossom-rabdan,
641,keep,,Maple Bear Nursery Rabdan ITC,preschool,Nursery school,Rabdan,,5,1,+971 56 549 3353,admissions@maplebeargulfschools.com,hr@maplebeargulfschools.com,https://www.maplebeargulfschools.com/our-location/abu-dhabi/nursery-itc/?utm_source=google&utm_medium=GMB,"https://www.google.com/maps/place/Maple+Bear+Nursery+Rabdan+ITC/@24.413723,54.4919868,17z/data=!3m1!4b1!4m6!3m5!1s0x3e5e4309783c3f2f:0xc9e6c78151616a25!8m2!3d24.413723!4d54.4919868!16s%2Fg%2F11kbj2qwdz?authuser=0&hl=en&entry=ttu&g_ep=EgoyMDI2MDkzMC4wIKXMDSoASAFQAw%3D%3D",45 days,6 years,Canadian,,Supporting holistic growth from ages 45 days to 6 years,Globally recognized Canadian curriculum,,https://www.maplebeargulfschools.com/our-location/abu-dhabi/nursery-itc/,
638,keep,,Orange Seeds Nursery - Mangrove Village,preschool,Nursery school,Rabdan,,4.9,46,+971 2 550 0255,,,http://www.orangeseedsnursery.com/,"https://www.google.com/maps/place/Orange+Seeds+Nursery+-+Mangrove+Village/@24.3908857,54.4929848,17z/data=!3m1!4b1!4m6!3m5!1s0x3e5e41c3225aa1a5:0x38653e5372b336de!8m2!3d24.3908857!4d54.4929848!16s%2Fg%2F11h0_gyvbb?authuser=0&hl=en&entry=ttu&g_ep=EgoyMDI2MDkzMC4wIKXMDSoASAFQAw%3D%3D",4 months,6 years,British (EYFS); Montessori,,We Welcome Children Aged 4 Months To 6 Years (orangeseedsnursery.com),"a Montessori-inspired, British curriculum nursery",,https://orangeseedsnursery.com/,details from the chain site (same as Al Manhal)
637,keep,,حضانه عالم سمسم,preschool,Nursery school,Rabdan,,4.7,65,+971 50 915 2777,,,https://instagram.com/sesame.ad?igshid=ijszjngdossf,"https://www.google.com/maps/place/%D8%AD%D8%B6%D8%A7%D9%86%D9%87+%D8%B9%D8%A7%D9%84%D9%85+%D8%B3%D9%85%D8%B3%D9%85%E2%80%AD/@24.3947459,54.4983039,17z/data=!3m1!4b1!4m6!3m5!1s0x3e5e416a3cd1c513:0x31c3eec4e7890a16!8m2!3d24.3947459!4d54.4983039!16s%2Fg%2F11bwgw0g9y?authuser=0&hl=en&entry=ttu&g_ep=EgoyMDI2MDkzMC4wIKXMDSoASAFQAw%3D%3D",,,,,,,,,
671,keep,,Odyssey Nursery - Saadiyat Island (Formerly Yellow Submarine Nursery),preschool,Preschool,Saadiyat Island,,5,18,+971 800 24453,info@odysseynursery.com,"register@odysseynursery.com, info-alsaadiyat@odysseynursery.com, info-westyas@odysseynursery.com, info-alzeina@odysseynursery.com ...",https://www.odysseynursery.com/,"https://www.google.com/maps/place/Odyssey+Nursery+-+Saadiyat+Island+(Formerly+Yellow+Submarine+Nursery)/@24.5386875,54.4251875,17z/data=!3m1!4b1!4m6!3m5!1s0x3e5e674193c6f235:0x1f2f961d7a4a3c59!8m2!3d24.5386875!4d54.4251875!16s%2Fg%2F11qzk2gf1s?authuser=0&hl=en&entry=ttu&g_ep=EgoyMDI2MDkzMC4wIKXMDSoASAFQAw%3D%3D",3 months,4 years,Reggio Emilia,,Age Groups (3 months to 6 years) ... Foundation 2 (4-6 Years): This age group is applicable to Dubai branches only.,"At Odyssey, we follow the Reggio Emilia approach",,https://www.odysseynursery.com/,
645,keep,,Redwood Montessori Nursery - Saadiyat Island - Abu Dhabi,preschool,Preschool,Saadiyat Island,,4.8,59,+971 800 24453,info.mushrif@theredwoodnursery.com,"register@theredwoodnursery.com, info.tilalalghaf@theredwoodnursery.com, info.noya@theredwoodnursery.com, info.mbz@theredwoodnursery.com ...",http://www.theredwoodnursery.com/,"https://www.google.com/maps/place/Redwood+Montessori+Nursery+-+Saadiyat+Island+-+Abu+Dhabi/@24.5494991,54.4498894,17z/data=!3m1!4b1!4m6!3m5!1s0x3e5e5db28cf1e66b:0x70a2897fcc8e4192!8m2!3d24.5494991!4d54.4498894!16s%2Fg%2F11bx5prfh7?authuser=0&hl=en&entry=ttu&g_ep=EgoyMDI2MDkzMC4wIKXMDSoASAFQAw%3D%3D",3 months,6 years,Montessori,,Age Groups (3 months to 6 years),Redwood nurseries follow the authentic Montessori method,,http://www.theredwoodnursery.com/,chain site: branch emails info.<branch>@theredwoodnursery.com; 'KHDA approved advanced Montessori' is the Dubai programme
722,keep,,Al Dana Private Nursery - Shakhbout Branch,preschool,Nursery school,Shakhbout City,,4.5,94,+971 600 575752,,,http://www.aldananurseries.com/,"https://www.google.com/maps/place/Al+Dana+Private+Nursery+-+Shakhbout+Branch/@24.3659836,54.6478741,17z/data=!3m1!4b1!4m6!3m5!1s0x3e5e37d5f898f031:0x9bcedaa6b686d8bb!8m2!3d24.3659836!4d54.6478741!16s%2Fg%2F11cjj1b8mf?authuser=0&hl=en&entry=ttu&g_ep=EgoyMDI2MDkzMC4wIKXMDSoASAFQAw%3D%3D",,,,,,,,,
731,keep,,Children's House Montessori - Shakhbout City,preschool,Nursery school,Shakhbout City,,5,5,+971 2 622 7414,,,https://thechildrenshousemontessori.com/,"https://www.google.com/maps/place/Children's+House+Montessori+-+Shakhbout+City/@24.3739875,54.6280081,17z/data=!3m1!4b1!4m6!3m5!1s0x3e5e494a6b87ff01:0x131ee56de3de7fdd!8m2!3d24.3739875!4d54.6280081!16s%2Fg%2F11xycq8gd3?authuser=0&hl=en&entry=ttu&g_ep=EgoyMDI2MDkzMC4wIKXMDSoASAFQAw%3D%3D",45 days,5 years,Montessori,,aged between 45 days and 15 months ... the children aged from 2.6 years to 5 years,follows the Montessori philosophy,,https://thechildrenshousemontessori.com/,site text describes the Khalifa City branch
719,keep,,IQ Kids Nursery Shakhbout Branch حضانه اي كيو كيدز -فرع شخبوط,preschool,Kindergarten,Shakhbout City,,4.8,80,+971 54 422 7050,info@iqkidsnursery.org,,https://iqkidsnursery.org/app/,"https://www.google.com/maps/place/IQ+Kids+Nursery+Shakhbout+Branch+%D8%AD%D8%B6%D8%A7%D9%86%D9%87+%D8%A7%D9%8A+%D9%83%D9%8A%D9%88+%D9%83%D9%8A%D8%AF%D8%B2+-%D9%81%D8%B1%D8%B9+%D8%B4%D8%AE%D8%A8%D9%88%D8%B7%E2%80%AD/@24.3709474,54.6453198,17z/data=!3m1!4b1!4m6!3m5!1s0x3e5e492756848833:0x61a8b98f61ac6e33!8m2!3d24.3709474!4d54.6453198!16s%2Fg%2F11v4l57rtm?authuser=0&hl=en&entry=ttu&g_ep=EgoyMDI2MDkzMC4wIKXMDSoASAFQAw%3D%3D",,,British (EYFS),,,a unique curriculum following aspects of the theory of Haward Gardner merged with the EYFS Framework,,https://iqkidsnursery.org/app/,
725,keep,,Little Rainbow Nursery,preschool,Kindergarten,Shakhbout City,,4.2,32,+971 50 430 9430,,,https://www.instagram.com/little_rainbow_nursery/,"https://www.google.com/maps/place/Little+Rainbow+Nursery/@24.3799539,54.6381679,17z/data=!3m1!4b1!4m6!3m5!1s0x3e5e483b95141ad1:0xa9f43b067f5ec887!8m2!3d24.3799539!4d54.6381679!16s%2Fg%2F11cs0mnp7k?authuser=0&hl=en&entry=ttu&g_ep=EgoyMDI2MDkzMC4wIKXMDSoASAFQAw%3D%3D",,,,,,,,,
729,keep,,"Small Stars Nursery , حضانة النجوم الصغيرة",preschool,Nursery school,Shakhbout City,,4.6,63,+971 52 215 2666,,,,"https://www.google.com/maps/place/Small+Stars+Nursery+,+%D8%AD%D8%B6%D8%A7%D9%86%D8%A9+%D8%A7%D9%84%D9%86%D8%AC%D9%88%D9%85+%D8%A7%D9%84%D8%B5%D8%BA%D9%8A%D8%B1%D8%A9%E2%80%AD/@24.3771837,54.6463297,17z/data=!3m1!4b1!4m6!3m5!1s0x3e5e49ea0bfae7b1:0x5b83060b1afc692d!8m2!3d24.3771837!4d54.6463297!16s%2Fg%2F11fs7v2w6k?authuser=0&hl=en&entry=ttu&g_ep=EgoyMDI2MDkzMC4wIKXMDSoASAFQAw%3D%3D",,,,,,,,,
734,keep,,"Stanford Nursery, Shakhbout Branch-حضانة ستانفورد فرع شخبوط",preschool,Nursery school,Shakhbout City,,4.9,10,+971 58 105 6960,info@stanfordnursery.com,,https://www.stanfordnursery.com/,"https://www.google.com/maps/place/Stanford+Nursery,+Shakhbout+Branch-%D8%AD%D8%B6%D8%A7%D9%86%D8%A9+%D8%B3%D8%AA%D8%A7%D9%86%D9%81%D9%88%D8%B1%D8%AF+%D9%81%D8%B1%D8%B9+%D8%B4%D8%AE%D8%A8%D9%88%D8%B7%E2%80%AD/@24.3660159,54.6478981,17z/data=!3m1!4b1!4m6!3m5!1s0x3e5e3705ff40a6cd:0x6cd558fab3bde31e!8m2!3d24.3660159!4d54.6478981!16s%2Fg%2F11ys2cknfp?authuser=0&hl=en&entry=ttu&g_ep=EgoyMDI2MDkzMC4wIKXMDSoASAFQAw%3D%3D",,,British (EYFS),,,منهج EYFS البريطاني المعتمد (accredited British EYFS curriculum),,https://www.stanfordnursery.com/,
673,keep,,Blossom Nursery - Yas Water's Edge,preschool,Nursery school,Yas Island,,4.9,56,+971 800 6877379,,,https://www.theblossomnursery.com/nurseries/blossom-waters-edge?utm_source=gmb&utm_medium=direct,"https://www.google.com/maps/place/Blossom+Nursery+-+Yas+Water's+Edge/@24.4819863,54.6183753,17z/data=!3m1!4b1!4m6!3m5!1s0x3e5e4fc7242ed3a7:0xe0d534c05405601!8m2!3d24.4819863!4d54.6183753!16s%2Fg%2F11q9m8v_78?authuser=0&hl=en&entry=ttu&g_ep=EgoyMDI2MDkzMC4wIKXMDSoASAFQAw%3D%3D",45 days,4 years,British (EYFS); Reggio Emilia,,Ages: 45 days to 4 years (FS1),We combine the British EYFS framework with the Reggio Emilia philosophy,,https://www.theblossomnursery.com/nurseries/blossom-waters-edge,
672,keep,,Earth Child Playgroup,preschool,Playgroup,Yas Island,,5,8,+971 54 741 4479,robyn@earthchildplaygroup.com,,https://earthchildplaygroup.com/,"https://www.google.com/maps/place/Earth+Child+Playgroup/@24.4958385,54.6040121,17z/data=!3m1!4b1!4m6!3m5!1s0x3e5e45b24150b6ed:0xd885d9874e5bc7ef!8m2!3d24.4958385!4d54.6040121!16s%2Fg%2F11vt6047n1?authuser=0&hl=en&entry=ttu&g_ep=EgoyMDI2MDkzMC4wIKXMDSoASAFQAw%3D%3D",,,Reggio Emilia,,,Deeply Inspired By The Reggio Emilia Philosophy,,https://earthchildplaygroup.com/,morning playgroup (8am-12pm); publishes monthly fees
674,keep,,Maple Bear Nursery Yas Island,preschool,Nursery school,Yas Island,,5,20,+971 54 346 0313,admissions@maplebeargulfschools.com,hr@maplebeargulfschools.com,http://maplebeargulfschools.com/our-location/abu-dhabi/nursery-yas-island/,"https://www.google.com/maps/place/Maple+Bear+Nursery+Yas+Island/@24.4884109,54.6065541,17z/data=!3m1!4b1!4m6!3m5!1s0x3e5e452b2b5ddc21:0x29194f271c171dda!8m2!3d24.4884109!4d54.6065541!16s%2Fg%2F11xtk0f54c?authuser=0&hl=en&entry=ttu&g_ep=EgoyMDI2MDkzMC4wIKXMDSoASAFQAw%3D%3D",45 days,6 years,Canadian,,Supporting holistic growth from ages 45 days to 6 years,Globally recognized Canadian curriculum,,http://maplebeargulfschools.com/our-location/abu-dhabi/nursery-yas-island/,
676,keep,,Redwood Montessori Nursery - Noya Yas Island,preschool,Preschool,Yas Island,,4.6,18,+971 800 24453,info.noya@theredwoodnursery.com,"register@theredwoodnursery.com, info.tilalalghaf@theredwoodnursery.com, info.mbz@theredwoodnursery.com, info.saadiyat.island@theredwoodnursery.com ...",https://www.theredwoodnursery.com/,"https://www.google.com/maps/place/Redwood+Montessori+Nursery+-+Noya+Yas+Island/@24.4995199,54.6246189,17z/data=!3m1!4b1!4m6!3m5!1s0x3e5e4f27ae79d61f:0x5ca36163510e4905!8m2!3d24.4995199!4d54.6246189!16s%2Fg%2F11y8vypm_t?authuser=0&hl=en&entry=ttu&g_ep=EgoyMDI2MDkzMC4wIKXMDSoASAFQAw%3D%3D",3 months,6 years,Montessori,,Age Groups (3 months to 6 years),Redwood nurseries follow the authentic Montessori method,,https://www.theredwoodnursery.com/,same chain site as S19
748,keep,,Al Qanadil Al Modeea Nursery,preschool,Nursery school,,,4,7,+971 50 700 7112,,,,"https://www.google.com/maps/place/Al+Qanadil+Al+Modeea+Nursery/@24.3142218,54.5524396,17z/data=!3m1!4b1!4m6!3m5!1s0x3e5e38efb3f7398b:0x35c51e78f895f32a!8m2!3d24.3142218!4d54.5524396!16s%2Fg%2F11bw46vnys?authuser=0&hl=en&entry=ttu&g_ep=EgoyMDI2MDkzMC4wIKXMDSoASAFQAw%3D%3D",,,,,,,,,
494,keep,,Bright Beginnings Nursery - Mehairba Branch,preschool,Nursery school,,,4.9,48,+971 2 445 5339,mehairba@brightbeginnings.ae,"saadiyat@brightbeginnings.ae, mushrif@brightbeginnings.ae, careers@brightbeginnings.ae",https://www.brightbeginnings.ae/,"https://www.google.com/maps/place/Bright+Beginnings+Nursery+-+Mehairba+Branch/@24.4404156,54.3679181,17z/data=!3m1!4b1!4m6!3m5!1s0x3e5e68be2f945539:0xd94debdcc0e31225!8m2!3d24.4404156!4d54.3679181!16s%2Fg%2F11bbwxm1x2?authuser=0&hl=en&entry=ttu&g_ep=EgoyMDI2MDkzMC4wIKXMDSoASAFQAw%3D%3D",28 days,4 years,British (EYFS),ADEK,We care for children from 4 weeks to 4 years of age.,Two frameworks shape the Bright Beginnings curriculum: the Early Years Foundation Stage in the UK and the Early Years Learning Framework for Australia.,"Our experienced, ADEK-approved teaching staff",https://www.brightbeginnings.ae/,4 weeks entered as 28 days
654,keep,,Bright Beginnings Nursery - Saadiyat Branch,preschool,Nursery school,,,4.9,52,+971 2 878 4378,saadiyat@brightbeginnings.ae,"mehairba@brightbeginnings.ae, mushrif@brightbeginnings.ae, careers@brightbeginnings.ae",https://www.brightbeginnings.ae/,"https://www.google.com/maps/place/Bright+Beginnings+Nursery+-+Saadiyat+Branch/@24.5203891,54.4360097,17z/data=!3m1!4b1!4m6!3m5!1s0x3e5e5d877a10b435:0xf36a580fc8e2f60e!8m2!3d24.5203891!4d54.4360097!16s%2Fg%2F11cs3qjfdh?authuser=0&hl=en&entry=ttu&g_ep=EgoyMDI2MDkzMC4wIKXMDSoASAFQAw%3D%3D",28 days,4 years,British (EYFS),ADEK,We care for children from 4 weeks to 4 years of age.,Two frameworks shape the Bright Beginnings curriculum: the Early Years Foundation Stage in the UK and the Early Years Learning Framework for Australia.,"Our experienced, ADEK-approved teaching staff",https://www.brightbeginnings.ae/,4 weeks entered as 28 days
682,keep,,British Orchard Nursery,preschool,Kindergarten,,,4.8,210,+971 2 575 2565,info@britishorchardnursery.com,"jbr@britishorchardnursery.com, mirdif@britishorchardnursery.com, mbz@britishorchardnursery.com, altwar@britishorchardnursery.com ...",https://britishorchardnursery.com/,"https://www.google.com/maps/place/British+Orchard+Nursery/@24.3590443,54.5471279,17z/data=!3m1!4b1!4m6!3m5!1s0x3e5e47738cd334db:0xdf5cc9aafe285ef4!8m2!3d24.3590443!4d54.5471279!16s%2Fg%2F11q7zf948c?authuser=0&hl=en&entry=ttu&g_ep=EgoyMDI2MDkzMC4wIKXMDSoASAFQAw%3D%3D",45 days,5 years,British (EYFS),ADEK,We accept children from 45 days to 5 years old,BON follows the EYFS (British) curriculum,'ADEK' listed on the site (logo/accreditation line only),https://britishorchardnursery.com/,same chain site as S4
619,keep,,Butterfly Child Care& Development,daycare,Day care center,,,5,10,+971 55 972 1422,,,https://butterflychildcare.ae/services/,"https://www.google.com/maps/place/Butterfly+Child+Care%26+Development/@24.3868306,54.5586204,11z/data=!3m1!4b1!4m6!3m5!1s0xaaf19592d4152b73:0x2bf19bd8d82af1d3!8m2!3d24.3868306!4d54.5586204!16s%2Fg%2F11x8s09nnl?authuser=0&hl=en&entry=ttu&g_ep=EgoyMDI2MDkzMC4wIKXMDSoASAFQAw%3D%3D",,,,,,,,,
642,keep,,Children's House Montessori – Al Muzoun,preschool,Nursery school,,,,0,+971 2 442 1257,,,,"https://www.google.com/maps/place/Children's+House+Montessori+%E2%80%93+Al+Muzoun/@24.3989733,54.4708409,17z/data=!3m1!4b1!4m6!3m5!1s0x3e5e417f51f41e69:0x320dc2323b6beb70!8m2!3d24.3989733!4d54.4708409!16s%2Fg%2F11zy2z7dts?authuser=0&hl=en&entry=ttu&g_ep=EgoyMDI2MDkzMC4wIKXMDSoASAFQAw%3D%3D",45 days,5 years,Montessori,,aged between 45 days and 15 months ... from 2.6 years to 5 years (thechildrenshousemontessori.com),follows the Montessori philosophy,,https://www.thechildrenshousemontessori.com/,no reviews on Google; details from the chain site
503,keep,,Chubby Cheeks Nursery Mushrif,preschool,Nursery school,,,4.7,321,+971 2 584 1128,contact@chubbycheeksnursery.com,,http://www.ccn.ae/,"https://www.google.com/maps/place/Chubby+Cheeks+Nursery+Mushrif/@24.4466305,54.4114539,17z/data=!3m1!4b1!4m6!3m5!1s0x3e5e69f11c53b171:0x1cc72d2f98df33f2!8m2!3d24.4466305!4d54.4114539!16s%2Fg%2F11hdjfzz8c?authuser=0&hl=en&entry=ttu&g_ep=EgoyMDI2MDkzMC4wIKXMDSoASAFQAw%3D%3D",,,British (EYFS),,,Chubby Cheeks Nursery follows the British Early Years Foundation Stage,,http://www.ccn.ae/,ages on the site are for Dubai branches only (45 days to 5 years)
581,keep,,"CRAYONS PRE SCHOOL , ABU DHABI",preschool,Education center,,,4.6,54,+971 2 675 6971,,,http://crayonspreschool.net/,"https://www.google.com/maps/place/CRAYONS+PRE+SCHOOL+,+ABU+DHABI/@24.3539913,53.9485752,8z/data=!3m1!4b1!4m6!3m5!1s0x3e5e6743e477fa67:0xfd0ef1648617f6d3!8m2!3d24.3539913!4d53.9485752!16s%2Fg%2F11kq3rz4ql?authuser=0&hl=en&entry=ttu&g_ep=EgoyMDI2MDkzMC4wIKXMDSoASAFQAw%3D%3D",,,,,,,,,
631,keep,,Falcon British Nursery,preschool,Nursery school,,,4.7,79,+971 2 444 8814,info@falconbritishnursery.com,registrar@falconbritishnursery.com,http://www.falconbritishnursery.com/,"https://www.google.com/maps/place/Falcon+British+Nursery/@24.4128692,54.4716238,17z/data=!3m1!4b1!4m6!3m5!1s0x3e5e422e0de2e773:0x578242392b8fd431!8m2!3d24.4128692!4d54.4716238!16s%2Fg%2F11b6bw_l3h?authuser=0&hl=en&entry=ttu&g_ep=EgoyMDI2MDkzMC4wIKXMDSoASAFQAw%3D%3D",,,,,,"'Trilingual - English, French and Arabic' (curriculum not named in the passages)",,http://www.falconbritishnursery.com/,"publishes fees (term fees AED 7,900-12,664)"
703,keep,,Kid's Island Nursery,preschool,Preschool,,,4.7,42,+971 56 669 3942,,,https://www.facebook.com/Kids-Island-Nursery-171778723011689/,"https://www.google.com/maps/place/Kid's+Island+Nursery/@24.3502494,54.5525479,17z/data=!3m1!4b1!4m6!3m5!1s0x3e5e4764fb625bad:0xf507e57685b1db5!8m2!3d24.3502494!4d54.5525479!16s%2Fg%2F11bx9xhbdp?authuser=0&hl=en&entry=ttu&g_ep=EgoyMDI2MDkzMC4wIKXMDSoASAFQAw%3D%3D",,,,,,,,,
706,keep,,Kids Fantasy Nursery,preschool,Nursery school,,,,0,+971 56 844 1432,info@kidsfantasynursery.com,,https://kidsfantasynursery.com/,"https://www.google.com/maps/place/Kids+Fantasy+Nursery/@24.3868306,54.5586204,11z/data=!3m1!4b1!4m6!3m5!1s0xad290d548a3dfc03:0x50be7634492024b2!8m2!3d24.3868306!4d54.5586204!16s%2Fg%2F11ltm9ys4y?authuser=0&hl=en&entry=ttu&g_ep=EgoyMDI2MDkzMC4wIKXMDSoASAFQAw%3D%3D",45 days,4 years,British (EYFS),ADEK,babies and children from 45 days to 4 years,"follows a curriculum based on the British National Curriculum EYFS enhanced with Arabic, Islamic and French",Kids Fantasy Nursery is outstanding nursery rated by ADEK,https://kidsfantasynursery.com/,
795,keep,,Kids Fantasy Nursery Branch AD Port,preschool,Kindergarten,,,5,4,,info@kidsfantasynursery.com,,,"https://www.google.com/maps/place/Kids+Fantasy+Nursery+Branch+AD+Port/@24.5166537,54.3831548,17z/data=!3m1!4b1!4m6!3m5!1s0x3e5e670000fb995b:0x61a54d86aa901120!8m2!3d24.5166537!4d54.3831548!16s%2Fg%2F11wbtg249c?authuser=0&hl=en&entry=ttu&g_ep=EgoyMDI2MTAwNC4wIKXMDSoASAFQAw%3D%3D",45 days,4 years,British (EYFS),ADEK,babies and children from 45 days to 4 years (kidsfantasynursery.com),follows a curriculum based on the British National Curriculum EYFS,Kids Fantasy Nursery is outstanding nursery rated by ADEK,https://kidsfantasynursery.com/,no website on Google; details from the chain site
675,keep,,Odyssey Nursery West Yas,preschool,Preschool,,,5,18,+971 800 24453,info-westyas@odysseynursery.com,,https://www.yellowsubmarine.ae/,"https://www.google.com/maps/place/Odyssey+Nursery+West+Yas/@24.4931152,54.5864555,17z/data=!3m1!4b1!4m6!3m5!1s0x3e5e45fbaa86a1d5:0x9a22462c7471162c!8m2!3d24.4931152!4d54.5864555!16s%2Fg%2F11t4_j59_b?authuser=0&hl=en&entry=ttu&g_ep=EgoyMDI2MDkzMC4wIKXMDSoASAFQAw%3D%3D",3 months,4 years,Reggio Emilia,,Age Groups (3 months to 6 years); 4-6 is for Dubai branches only (odysseynursery.com),"At Odyssey, we follow the Reggio Emilia approach",,https://www.odysseynursery.com/,Google's website link (yellowsubmarine.ae) is dead; details from the Odyssey site
797,keep,,Oryx Nursery,preschool,Nursery school,,,3.5,6,+971 2 621 7337,,,,"https://www.google.com/maps/place/Oryx+Nursery/@24.5107699,54.3769866,17z/data=!3m1!4b1!4m6!3m5!1s0x3e5e66f034519b71:0x75cc2057bc8366ad!8m2!3d24.5107699!4d54.3769866!16s%2Fg%2F11b75fmh9n?authuser=0&hl=en&entry=ttu&g_ep=EgoyMDI2MTAwNC4wIKXMDSoASAFQAw%3D%3D",,,,,,,,,
801,keep,,Play & Learn,preschool,,,,5,2,+971 2 681 5990,,,,"https://www.google.com/maps/place/Play+%26+Learn/@24.475885,54.321941,11z/data=!3m1!4b1!4m6!3m5!1s0x3e5e65b9d2591ee3:0x7efeed1565c02765!8m2!3d24.475885!4d54.321941!16s%2Fg%2F11bbwllxby?authuser=0&hl=en&entry=ttu&g_ep=EgoyMDI2MTAwNC4wIKXMDSoASAFQAw%3D%3D",,,,,,,,,
661,keep,,Redwood Center of Excellence - Al Jubail Island,preschool,Preschool,,,4.9,8,+971 800 24453,info@redwoodcoe.com,,https://www.redwoodcoe.com/redwood-center-of-excellence-to-open-in-jubail-island-abu-dhabi/,"https://www.google.com/maps/place/Redwood+Center+of+Excellence+-+Al+Jubail+Island/@24.5346581,54.4813599,17z/data=!3m1!4b1!4m6!3m5!1s0x3e5e5d3e0811645f:0x5a2c306afab2562a!8m2!3d24.5346581!4d54.4813599!16s%2Fg%2F11x7xznywp?authuser=0&hl=en&entry=ttu&g_ep=EgoyMDI2MDkzMC4wIKXMDSoASAFQAw%3D%3D",45 days,6 years,IB; British (EYFS),,45 Days - 12 months ... 4-6 Years,the first independent pre-school in the U.A.E. to offer the ... IB Primary Years Programme; Through our unique Emergent and EYFS foundation based framework,,https://www.redwoodcoe.com/redwood-center-of-excellence-to-open-in-jubail-island-abu-dhabi/,the website link is a news post about the Jubail Island opening
540,keep,,Redwood Montessori Nursery - Al Marina,preschool,Nursery school,,,5,20,+971 800 24453,info.alnahyan@theredwoodnursery.com,"register@theredwoodnursery.com, info.tilalalghaf@theredwoodnursery.com, info.noya@theredwoodnursery.com, info.mbz@theredwoodnursery.com ...",https://www.theredwoodnursery.com/,"https://www.google.com/maps/place/Redwood+Montessori+Nursery+-+Al+Marina/@24.4750255,54.317395,17z/data=!3m1!4b1!4m6!3m5!1s0x3e5e659d92fda08f:0x28d21bf3dc9dba74!8m2!3d24.4750255!4d54.317395!16s%2Fg%2F11vdw0q9lh?authuser=0&hl=en&entry=ttu&g_ep=EgoyMDI2MDkzMC4wIKXMDSoASAFQAw%3D%3D",3 months,6 years,Montessori,,Age Groups (3 months to 6 years),Redwood nurseries follow the authentic Montessori method,,https://www.theredwoodnursery.com/,same chain site as S19
741,keep,,Smart Leaders Kids Nursery,preschool,Nursery school,,,4.7,82,+971 56 997 4326,,,,"https://www.google.com/maps/place/Smart+Leaders+Kids+Nursery/@24.3142022,54.566616,17z/data=!3m1!4b1!4m6!3m5!1s0x3e5e3857dd4be75f:0x7573bb022cfbe993!8m2!3d24.3142022!4d54.566616!16s%2Fg%2F11b66c1gpc?authuser=0&hl=en&entry=ttu&g_ep=EgoyMDI2MDkzMC4wIKXMDSoASAFQAw%3D%3D",,,,,,,,,
757,keep,,حضانة اي كيو كيدز فرع الشامخة IQ Kids Nursery Shamkah Branch,preschool,Nursery school,,,4.7,150,+971 2 641 1422,info@iqkidsnursery.org,,https://www.iqkidsnursery.org/,"https://www.google.com/maps/place/%D8%AD%D8%B6%D8%A7%D9%86%D8%A9+%D8%A7%D9%8A+%D9%83%D9%8A%D9%88+%D9%83%D9%8A%D8%AF%D8%B2+%D9%81%D8%B1%D8%B9+%D8%A7%D9%84%D8%B4%D8%A7%D9%85%D8%AE%D8%A9+IQ+Kids+Nursery+Shamkah+Branch%E2%80%AD/@24.3579571,54.6994309,17z/data=!3m1!4b1!4m6!3m5!1s0x3e5e3560856ec005:0x8bc691de57a2695e!8m2!3d24.3579571!4d54.6994309!16s%2Fg%2F11llhpvpp8?authuser=0&hl=en&entry=ttu&g_ep=EgoyMDI2MDkzMC4wIKXMDSoASAFQAw%3D%3D",,,British (EYFS),,,a unique curriculum following aspects of the theory of Haward Gardner merged with the EYFS Framework,,https://www.iqkidsnursery.org/,
