listing_ids,names,areas,website,ages_from,ages_to,curriculum,licensed_by,fees_from_aed,fees_to_aed,fees_note,source,check,fees_to_check,evidence_ages,evidence_curriculum,evidence_licence
1,Spectrum Nursery,Abu Hail,http://www.spectrumnursery.com/,2 years,5 years,British (EYFS),,,,,https://spectrumnursery.com/fs2-kg1.php,corrected by hand,,"Our Toddler Program welcomes children aged 2 to 3 years into a warm, nurturing space where they learn to express themselves, build confidence and form",British (EYFS): Spectrum Nursery implements a unified early childhood curriculum that integrates the developmental domains of ,
2,Tiny Tots Nursery,Abu Hail,https://www.tinytotsdubai.com/,,,,,,,,,,,,,
3,Pioneer Children Nursery,Abu Hail,https://pioneernursery.ae/book-a-tour/,1 year,5 years,British (EYFS),,,,,https://pioneernursery.ae/book-a-tour/,,,"FS1 & FS2 (1-5 Years Old) // At Pioneer Children Nursery in Abu Hail, we welcome children aged 1-4 years old. Where we provide Foundation Stage 1 (FS1), also known as pre-kg, unde",British (EYFS): British Early Years Foundation Stage (EYFS),
5,First Choice Nursery,Abu Hail,https://firstchoicenursery.ae/,2 years,5 years,Indian,KHDA,,,,https://firstchoicenursery.ae/admission/,,,"Children are usually admitted between the ages of 2 to 5 years, depending on the program.","Indian: As the first Indian curriculum nursery in Dubai approved by KHDA, we are committed to delivering high-quality ",KHDA Approved
7,The Curiosity Montessori Nursery,Al Mamzar,https://thecuriosity.ae/,,,British (EYFS); Montessori,,,,,https://thecuriosity.ae/,,,,British (EYFS): Montessori + EYFS // Montessori: Montessori + EYFS,
8,Aga Khan Early Learning Centre,Oud Metha,https://akelcdubai.org/,,,British (EYFS),,,,,https://akelcdubai.org/,,,,"British (EYFS): British EYFS Nursery Schools in Oud Metha, Dubai - AKELC",
9 87 101 181 184,"Kinderville Early Learning Center, Dubai Courts | Kinderville Early Learning Center, Dubai Karama | Kinderville Early Learning Centre, Dubai Healthcare City | Kinderville Early Learning Centre, Dubai Investments Park | Kinderville Nursery, Al Wasl 51","Al Garhoud, Al Karama, Dubai Healthcare City, Dubai Investment Park, Jumeirah",https://kinderville.com/ae,,,,,,,,,,,,,
10,Paddington Park Early Childhood Center,Arjan,https://paddingtonparkdubai.com/,45 days,5 years,British (EYFS),KHDA,,,,https://paddingtonparkdubai.com/,corrected by hand,,The very beginning 1-2 years old // Typical Day Schedule for 1-5 years old group,British (EYFS): British Curriculum,
11,Beginnings Montessori Nursery,Al Mamzar,https://beginningsschools.com/,2 months,6 years,Montessori,,,,,https://beginningsschools.com/,,,"Montessori, nature, Arabic and Islamic learning come together in a boutique early-years environment for children from 2 months to 6 years.","Montessori: Beginnings Forest Montessori in Muhaisnah, Dubai",
13 79 429,Little Wonders Nursery Bur Dubai | Little Wonders Nursery DIP Branch | Little Wonders Nursery ECC Mamzar Al Nahda,"Al Mamzar, Al Mankhool, Dubai Investment Park",https://littlewondersecc.com/,45 days,5 years,British (EYFS),KHDA,,,,https://littlewondersecc.com/about-us/,,,Accepting Children from 45 days to 5 years,"British (EYFS): Little Wonders is a KHDA Approved EYFS curriculum nursery that encourages kids to learn through fun, creative,","Little Wonders is a KHDA Approved EYFS curriculum nursery that encourages kids to learn through fun, creative, interactive, and playful methods."
14,"Kidz Mate Nursery - Al Mamzar, Dubai",Al Mamzar,http://www.kidz-mate.com/,,,,,,,website did not load: Page.goto: net::ERR_EMPTY_RESPONSE at http://www.kidz-mate.com/,,,,,,
15,Wonder Cubs Nursery,Al Mamzar,http://wondercubsnursery.com/,,,,,,,website did not load: Page.goto: net::ERR_NAME_NOT_RESOLVED at http://wondercubsnursery.com/,,,,,,
17,Little Hearts Nursery,Al Mamzar,http://www.littleheartsdubai.com/,45 days,6 years,British (EYFS); Montessori; Reggio Emilia,KHDA,,,,https://www.littleheartsdubai.com/,,,Providing quality education for children aged 45 days to 6 years old in UAE // KHDA Approved Nursery For Year Group 45 Days To 6 Years,British (EYFS): BRITISH EYFS CURRICULUM // Montessori: Little Hearts Nursery follows the British Early Years Foundation Stage curriculum delivered using best practic // Reggio Emilia: Little Hearts Nursery follows the British Early Years Foundation Stage curriculum delivered using best practic,KHDA Approved Nursery For Year Group 45 Days To 6 Years
18 190 236 349 428,Chubby Cheeks Nursery | Chubby Cheeks Nursery Al Twar | Chubby Cheeks Nursery Discovery Gardens,"Al Nahda, Al Twar, Discovery Gardens, Dubai Investment Park, Dubailand",http://www.chubbycheeksnursery.com/,45 days,5 years,British (EYFS),,,,,https://www.chubbycheeksnursery.com/,,,Chubby Cheeks Nursery accepts children from the age of 45 days to 5 years in Dubai branches.,"British (EYFS): Chubby Cheeks Nursery is an Award Winning, British Curriculum Nursery with 26 conveniently located branches in",
20,Singing Birds Nursery,Al Nahda,https://www.singingbirdsnursery.ae/,45 days,6 years,British (EYFS); Montessori; Reggio Emilia,,,,,https://www.singingbirdsnursery.ae/About/,,,Singing Birds Nursery is a bespoke British nursery in the heart of Al Nahda 1 that has been providing provided consistent premium care and education t,British (EYFS): We are the first international nursery to gain the curiosity approach accreditation and this is used alongside // Montessori: We offer preschool and playschool services based on leading educational practitioners such as Maria Montessori // Reggio Emilia: We offer preschool and playschool services based on leading educational practitioners such as Maria Montessori,
21,ORCHID NURSERY,Hor Al Anz,https://orchidnursery.ae/,,,British (EYFS),,,,,https://orchidnursery.ae/,,,,British (EYFS): our curriculum is in compliance with the framework within the Early Years Foundation Stage,
23,World Nursery,Al Twar,http://www.worldnurserydubai.com/,45 days,5 years,British (EYFS),KHDA,,,,https://worldnurserydubai.com/,,,"Located in the peaceful, family-friendly community of Al Twar, our nursery provides a safe, creative, and development-focused learning environment for // At World Nursery, we welcome children aged 45 days to 5 years, offering flexible enrolment throughout the academic year.","British (EYFS): World Nursery follows the Early Years Foundation Stage (EYFS) curriculum, having a systematic and disciplined ",
24,British Orchard Nursery - Al Twar,Al Twar,http://britishorchardnursery.com/,45 days,5 years,British (EYFS),KHDA,,,,https://britishorchardnursery.com/,,,We accept children from 45 days to 5 years old,"British (EYFS): Foundation Stage focuses on EYFS structured learning, school readiness, languages, STEM, and critical thinking",Her leadership capabilities allow work in close liaison with MOE/KHDA and ensure BON is fully compliant with all requirements.Ms.
25,Little Circle Early Childhood Centre,Al Twar,https://littlecirclenursery.ae/,2 years,5 years,British (EYFS); Montessori; Reggio Emilia,,,,,https://littlecirclenursery.ae/,,,"Our early years programme is designed for children aged 2–5 years, following the EYFS framework and enriched through Montessori principles and a Reggi","British (EYFS): Our curriculum is guided by the Early Years Foundation Stage (EYFS), providing children with meaningful, age-a // Montessori: Our early years programme is designed for children aged 2–5 years, following the EYFS framework and enriched t // Reggio Emilia: Our early years programme is designed for children aged 2–5 years, following the EYFS framework and enriched t",
26,Chubby Cheeks Nursery - MOCD,Al Qusais,http://www.ccn.ae/mocd,,,,,,,,,,,,,
27,Twinkling Stars Early Childhood Center,Muhaisnah,https://www.twinklingstarsnursery.com/,45 days,5 years,British (EYFS),KHDA,,,,https://twinklingstarsnursery.com/child-safeguarding-policy-and-procedures/admissions-policy/,corrected by hand,,Toddlers 13 months – 34 months // KG1/FS2 48 months – 60 months,British (EYFS): Each child will be assessed on age appropriate developmental matter of EYFS,adhere strictly to the KHDA Inclusion Guidelines. We ensure that all applications
28,Little Lambs Nursery | Al Nahda1 | Dubai,Al Nahda,https://www.nurserylittlelambs.com/branches,45 days,5 years,British (EYFS),,,,,https://www.nurserylittlelambs.com/curriculum,,,Little Lambs Nursery is aimed at supporting the learning and development of children from 45 days to 5 years through the Early years foundation stage ,"British (EYFS): We are very proud to welcome you to Little Lambs Nursery, Dubai, a British curriculum nursery (EYFS), located ",
29,Green Leaves Early Childhood Center,,https://greenleavesnursery.com/,45 days,5 years,British (EYFS),,,,,https://greenleavesnursery.com/,,,"Green Leaves Nursery, located in the Deira Enrichment Project, Dubai, provides exceptional early years education and care for children aged 45 days to // Green Leaves Nursery is an Early Childhood Center in Deira, Dubai, providing quality early years education and care for children aged 45 days to 5 yea",British (EYFS): Our early years program offers a captivating British EYFS curriculum for children aged 0-5 in Dubai. It emphas,
30,Chubby Cheeks Nursery New Nahda,Al Nahda,https://www.cccn.ae/,,,,,,,website did not load: Page.goto: net::ERR_NAME_NOT_RESOLVED at https://www.cccn.ae/,,,,,,
31,Kids Planet Montessori,Al Qusais,http://www.kidsplanetmontessori.com/,,,,,,,"website did not load: Page.goto: Navigation to ""http://www.kidsplanetmontessori.com/"" is interrupted b",,,,,,
32,Wonder whiz kids Nursery,Al Nahda,https://wonderwhizkids.in/,,,,,,,"website did not load: Page.goto: Navigation to ""https://wonderwhizkids.in/"" is interrupted by another ",,,,,,
33,Mom Nursery,Al Nahda,http://rusellcastillo4.wixsite.com/momnursery,,,,,,,"website did not load: Page.goto: Navigation to ""http://rusellcastillo4.wixsite.com/momnursery"" is inte",,,,,,
34,Circle Time - Al Nahda Branch,Al Nahda,http://circletimeuae.com/,,,,,,,"website did not load: Page.goto: Navigation to ""http://circletimeuae.com/"" is interrupted by another n",,,,,,
35,Pristine Rainbow Nursery - Al Nahda 2 Dubai,Al Nahda,http://www.pristinerainbow.com/,,,,,,,"website did not load: Page.goto: Navigation to ""http://www.pristinerainbow.com/"" is interrupted by ano",,,,,,
37,Mothers Pride Early Learning Centre | Kids nursery Deira,Port Saeed,http://www.mothersprideelc.com/,,,,,,,website did not load: Page.goto: net::ERR_CONNECTION_REFUSED at http://www.mothersprideelc.com/,,,,,,
38,Blossom Dubai Chambers,Port Saeed,https://www.theblossomnursery.com/nurseries/blossom-dubai-chambers,45 days,5 years,British (EYFS); Reggio Emilia,,,,,https://www.theblossomnursery.com/nurseries/blossom-dubai-chambers,,,"Ages: 45 days to 5 years (FS2) // We welcome children from 45 days to 5 years old, offering nursery and preschool programs that combine emotional, cognitive, and physical development w",British (EYFS): We combine the British EYFS framework with the Reggio Emilia philosophy and the latest research in early child // Reggio Emilia: We combine the British EYFS framework with the Reggio Emilia philosophy and the latest research in early child,
40,Best Kidz Nursery DIFC,DIFC,https://www.bestkidznursery.com/,45 days,5 years,,KHDA,,,,https://www.bestkidznursery.com/,corrected by hand,,45 days – 2 years,,Our team of educators' hail from different nationalities. They are fully qualified in Early Years Education and are approved by the Dubai Education Au
41,Super Kids Nursery,Mirdif,https://www.superkidsnursery.com/,45 days,5 years,British (EYFS); Montessori,,,,,https://www.superkidsnursery.com/,corrected by hand,,2 years to 3 years. // 2 years to 3 years,"British (EYFS): A High Quality British Curriculum Nursery // Montessori: We follow a play-based, EYFS-inspired curriculum, enriched with Montessori-style practical life activities, re",
42,Blue Bird Nursery - Nad Al Hammar,Nad Al Hamar,http://www.bluebirdnursery.ae/,,,,,,,fees not published (ask the nursery),,,,,,
43,Hummingbird Nursery DIFC,DIFC,http://hummingbird.ae/,45 days,3 years,British (EYFS),,,,,https://hummingbird.ae/hummingbird-nursery-difc/,corrected by hand,,"We are accepting children from 45 days to 3 years old. // We are accepting children from 45 days to 5 years old, with a dedicated Baby Care team and FS classes available.","British (EYFS): We follow the Early Years Foundation Stage (EYFS) curriculum, which lays the foundation for a lifetime of lear",
44,Hummingbird Nursery (Dafza Branch) - Dubai,Al Twar,https://www.hummingbird.ae/,45 days,5 years,British (EYFS),,,,,https://hummingbird.ae/hummingbird-nursery-difc/,,,"We are accepting children from 45 days to 3 years old. // We are accepting children from 45 days to 5 years old, with a dedicated Baby Care team and FS classes available.","British (EYFS): We follow the Early Years Foundation Stage (EYFS) curriculum, which lays the foundation for a lifetime of lear",
45,Leads Early Childhood Center,Nad Al Hamar,http://www.leadsnursery.com/,,,British (EYFS); Reggio Emilia,KHDA,,,,https://www.leadsnursery.com/,,,,"British (EYFS): EYFS Curriculum: We follow the Early Years Foundation Stage (EYFS) framework, emphasizing holistic development // Reggio Emilia: How the Reggio Emilia approach together with the UK Early Years Foundation Stage will complement each other to",Timing ( 5 days a week ) Approved KHDA Fees
46,Alphabet Street Nursery,Al Manara,http://www.alphabetstreetnursery.com/,,,,,,,,,,,,,
49,Little Kingdom Early Childhood Centre,Al Mankhool,http://www.littlekingdomecc.com/,4 months,4 years,British (EYFS),KHDA,,,,https://www.littlekingdomecc.com/,,,At Little Kingdrom our VISION is to provide Early Years Childcare and Education for children between the ages of 4 months up to 4 years for the first ,British (EYFS): LKECC is a KHDA approved Early Childhood Center providing EYFS British Curriculum in AI Mankhool. The center i,LKECC is a KHDA approved Early Childhood Center providing EYFS British Curriculum in AI Mankhool. The center is equipped with friendly and qualified s
50,Bunnys Early Childhood Center,Al Qusais,http://www.bunnysecc.ae/,45 days,5 years,British (EYFS),,,,,https://www.bunnysecc.ae/,corrected by hand,,2 YEARS TO 3 YEARS // 4 YEARS TO 5 YEARS,British (EYFS): EYFS in Dubai,
51,Great Minds Early Childhood Centre,Al Wasl,http://www.greatminds.ae/,1 year,6 years,Montessori,,,,,https://greatminds.ae/,corrected by hand,,The Butterflies Montessori class is aimed for children aged 1 to 2 years old. // Welcome to Beetles Class aimed for children aged 2 years to 3 years old.,Montessori: Montessori Nursery in Dubai,
52,Al Fajr Early Childhood Center,Al Barsha,https://www.alfajrecc.com/,45 days,4 years,British (EYFS); Montessori,,,,,https://alfajrecc.com/frequently-asked-questions/,,,"We welcome children from 45 days old up to 4 years and 11 months at the time of enrolment, through FS2.","British (EYFS): British Curriculum // Montessori: Hands-On, Montessori-Inspired Learning blended with EYFS",
53,THE HOUSE OF LEARNING - Early Childhood Center,Dubai Marina,https://www.thehouseoflearning.me/,45 days,5 years,British (EYFS),,,,,https://www.thehouseoflearning.me/,,,"Offering premium EYFS education for children from 45 days to 5 years // We cater to children from as young as 45 days up to 5 years old, offering a continuum of care as your child grows and develops.",British (EYFS): Offering premium EYFS education for children from 45 days to 5 years,
54,Safa Early Learning Centre- Branch,Al Satwa,http://www.safaelc.ae/,,,British (EYFS),KHDA,,,,https://www.safaelc.ae/,,,,"British (EYFS): A Early Year Setting that follows the EYFS, British Curriculum that promotes a holistic learning environment f",Our centre is approved by KHDA.
55,AIST Royal Early Childhood Center,Umm Suqeim,http://www.aistroyalecc.com/,,,French,KHDA,51730,72660,"half day to full day (8:30am-6pm), 2025-26",https://aistroyalecc.com/,corrected by hand,https://aistroyalecc.com/,,French: Odessa National University named after Mechnikov (English and French Philology),Exams were supervised by Alina Gilmanova (academic quality) and Rita Bustani (KHDA compliance).
56,New Dubai Nursery Early Learning Center,Al Mankhool,http://www.earlyyearsedugrp.com/,2 years,6 years,British (EYFS),,,,,http://www.earlyyearsedugrp.com/,,,"Admissions Starting from Ages 2-6 Now! // Welcome to EYEG, a colourful enchanting world for children aged 2 to 6 years. We provide quality early childhood education along with fun and play.",British (EYFS): Our Early Childhood Education Centre will meet the diverse needs for a wider age range of children focusing on,
57,Marigold Early Learning Centre,Al Satwa,https://marigoldnursery.com/,45 days,5 years,British (EYFS),,,,,https://marigoldnursery.com/,,,"Marigold Early Learning Centre, conveniently located at Al Bada’a (between Jumeirah 1 and Satwa) in Dubai, offers a nurturing and vibrant environment ",British (EYFS): British EYFS Curriculum ensuring high standards of early childhood education.,
58,Little Nest Nursery,Al Jafiliya,http://www.littlenestnursery.ae/,6 months,6 years,British (EYFS),KHDA,,,,https://www.littlenestnursery.ae/about,,,6 Months to 24 Months // 4Years to 6Years,"British (EYFS): Early Years Foundation Stage (EYFS), which is the UK National Curriculum.",KHDA Approved
59,Yellow Kite Nursery (Formerly Kangaroo Kids) | EYFS | British Nursery in Dubai | Kindergarten | Preschool,Al Safa,https://yellowkitenursery.com/,45 days,5 years,British (EYFS); Reggio Emilia; Forest school,KHDA,30513,49689,"2026/27 per term: AED 10,171 (2 days, 7am-1pm) to 16,563 (5 days, 7am-3:30pm); yearly = term fee x 3 (2026-27)",https://yellowkitenursery.com/fee-structure-2/,corrected by hand,https://yellowkitenursery.com/fee-structure-2/ https://yellowkitenursery.com/fee-structure/,"Yellow Kite Nursery is an accredited British nursery in Al Safa 2, Dubai, providing premium early childhood education and care for children aged 45 da","British (EYFS): By combining the British Early Years Foundation Stage (EYFS) curriculum with child-led learning frameworks, we // Reggio Emilia: Reggio Emilia Inspired Learning // Forest school: ✨21yrs of heart-led learning & Forest School 🏡Only Curiosity Approach® British nursery in Dubai 🏆Winner: 2026 ",We want to ensure that we are supporting as many families as possible as well as following all measures that are put in place by the Dubai Knowledge &
60,Happy Steps Childcare LLC,Business Bay,https://www.happystepsuae.com/,,,,,,,,,,,,,
61,Evergreen ELC Nursery,Umm Al Sheif,https://evergreenelc.ae/,1 year,5 years,British (EYFS),,,,,https://evergreenelc.ae/,,,Admissions open · Ages 1-5 // Little Nest (Ages 1–2),British (EYFS): An inquiry-led EYFS nursery with world-class teachers and environment.,
62,Emirates British Nursery - Mirdif Dubai,Mirdif,https://ebnnursery.com/mirdif-nursery/,,,,,,,,,,,,,
63,Belinay Early Learning Center L.L.C,Oud Metha,https://belinayelcdxb.ae/,1 year,4 years,British (EYFS),,,,,https://belinayelcdxb.ae/,,,"WE ACCEPT CHILDREN FROM AGES 1 YEAR TO 4 YEARS // At Belinay Early Learning Centre, we adhere to the UK Early Years Foundation Stage Curriculum to oversee children’s developmental milestones and acade",British (EYFS): EYFS curriculum,
64,Emirates British Nursery - Nursery in Dubai Motor City,Motor City,https://ebnnursery.com/dubai-motor-city-nursery/,,,,,,,,,,,,,
108,Ladybird Early Learning Centre,Jumeirah Village Circle,https://www.ladybirdnursery.ae/,6 months,5 years,British (EYFS); Montessori,KHDA,29850,55650,"2-5 days a week; AED 9,950-18,550 a term (3 terms), 2026-27",https://ladybirdnursery.ae/,,https://ladybirdnursery.ae/ladybird-nursery-jvc-fees/,"Since its founding in 1996, Ladybird Nursery has distinguished itself as one of the best British nurseries in Dubai , providing world-class early chil // Ages from 6 months to 5 years (including FS2)",British (EYFS): Our EYFS nursery curriculum is complemented by diverse early years activities that touch on a child’s physical // Montessori: Montessori Nursery in Jumeirah,"True School Readiness: Just Because Children Can Start School Younger, Doesn’t Mean They Should Recent updates to KHDA age eligibility guidelines mean"
65,Ladybird Nursery Jumeirah,Jumeirah,https://www.ladybirdnursery.ae/,6 months,4 years,British (EYFS); Montessori,KHDA,,,fees on the website are for the JVC branch,https://ladybirdnursery.ae/jumeirah-branch/,corrected by hand,https://ladybirdnursery.ae/ladybird-nursery-jvc-fees/,"Since its founding in 1996, Ladybird Nursery has distinguished itself as one of the best British nurseries in Dubai , providing world-class early chil // Ages from 6 months to 5 years (including FS2)",British (EYFS): Our EYFS nursery curriculum is complemented by diverse early years activities that touch on a child’s physical // Montessori: Montessori Nursery in Jumeirah,"True School Readiness: Just Because Children Can Start School Younger, Doesn’t Mean They Should Recent updates to KHDA age eligibility guidelines mean"
66,Ladybird Nursery Al Barsha,Al Barsha,https://ladybirdnursery.ae/,6 months,5 years,British (EYFS); Montessori,KHDA,,,fees on the website are for the JVC branch,https://ladybirdnursery.ae/,,https://ladybirdnursery.ae/ladybird-nursery-jvc-fees/,"Since its founding in 1996, Ladybird Nursery has distinguished itself as one of the best British nurseries in Dubai , providing world-class early chil // Ages from 6 months to 5 years (including FS2)",British (EYFS): Our EYFS nursery curriculum is complemented by diverse early years activities that touch on a child’s physical // Montessori: Montessori Nursery in Jumeirah,"True School Readiness: Just Because Children Can Start School Younger, Doesn’t Mean They Should Recent updates to KHDA age eligibility guidelines mean"
68,Bright Minds Nursery,Al Jafiliya,https://www.thebrightmindsnursery.com/,,,British (EYFS),KHDA,,,,https://www.thebrightmindsnursery.com/,,,,British (EYFS): British EYFS Excellence,KHDA Licensed
69,Tappy Toes Nursery - Al Karama,Al Karama,https://www.tappytoesnursery.com/nursery-in-karama/,,,British (EYFS),,,,,https://www.tappytoesnursery.com/nursery-in-karama/,,,,British (EYFS): We are a nursery following the British curriculum and adhering to the EYFS framework. Our core belief is in pr,
70 217 318 329 403,Odyssey Nursery - Living Legends - Dubai | Odyssey Nursery - Umm Suqeim - Dubai | Odyssey Nursery City Walk | Odyssey Nursery Jumeirah Beach Residence- Rimal 5 | Odyssey Nursery Meydan District One,"Al Satwa, Dubailand, Jumeirah Beach Residence, Meydan, Umm Suqeim",http://www.odysseynursery.com/,3 months,6 years,Reggio Emilia; French,,,,,https://www.odysseynursery.com/,,,Age Groups (3 months to 6 years),"Reggio Emilia: UAE's Leading Reggio Emilia Inspired Nurseries // French: Your child will receive personalised attention in small class sizes, ensuring their steady progress. There is ",
71 110 176 193 201 219 363 366 406,Chubby Cheeks Nursery Al Quoz | Chubby Cheeks Nursery Barsha Heights | Chubby Cheeks Nursery Furjan | Chubby Cheeks Nursery IMPZ | Chubby Cheeks Nursery International City | Chubby Cheeks Nursery JLT Cluster K | Chubby Cheeks Nursery JVC | Chubby Cheeks Nursery Jaddaf Garhoud | Chubby Cheeks Nursery Marina,"Al Furjan, Al Garhoud, Al Quoz, Barsha Heights, Dubai Marina, Dubai Production City, International City, Jumeirah Lake Towers, Jumeirah Village Triangle",http://www.ccn.ae/,45 days,5 years,British (EYFS),,,,,https://www.chubbycheeksnursery.com/,,,Chubby Cheeks Nursery accepts children from the age of 45 days to 5 years in Dubai branches.,"British (EYFS): Chubby Cheeks Nursery is an Award Winning, British Curriculum Nursery with 26 conveniently located branches in",
72,Little Lambs Nursery | Affordable Nursery in Al Mankhool | Best Nursery in Dubai,Al Mankhool,https://www.nurserylittlelambs.com/,45 days,5 years,British (EYFS),,,,,https://www.nurserylittlelambs.com/,,,Little Lambs Nursery accepts children from 45 days-5 years. // Little Lambs Nursery is aimed at supporting the learning and development of children from 45 days to 5 years through the Early years foundation stage ,British (EYFS): Little Lambs Nursery is an all-rounder nurturing British Curriculum Nursery following the Early Years Foundati,
73,Willow Children's Nursery - One Central,DIFC,https://willowchildrensnursery.com/dubai-nursery-lp/,,,,,,,website did not load: Page.goto: Timeout 30000ms exceeded.,,,,,,
74,Little Diamond Nursery Mina Rashid - Nursery in Mina Rashid,Al Mankhool,https://www.littlediamondnursery.ae/branches/nursery-in-mina-rashid,45 days,5 years,British (EYFS),,,,,https://www.littlediamondnursery.ae/faqs/,,,"Hello Parents, thanks for reaching out to us. Little Diamond Nursery welcomes children from 45 days up to 5 years old, providing age-appropriate care ","British (EYFS): At Little Diamond Nursery Mina Rashid, children thrive in an environment shaped by the British EYFS curriculum",
75,Ora - Nursery of the Future,Jumeirah,https://www.ora.ae/,,,,,,,,,,,,,
77,Blossom Creek Harbour,Dubai Creek Harbour,https://www.theblossomnursery.com/nurseries/blossom-creek-harbour,45 days,5 years,British (EYFS); Reggio Emilia,,,,,https://www.theblossomnursery.com/nurseries/blossom-creek-harbour,,,"Ages: 45 days to 5 years (FS2) // Designed for modern parents who seek a calm, enriching, and flexible environment for their little ones, our centre welcomes children from 45 days to 5",British (EYFS): We combine the British EYFS framework with the Reggio Emilia philosophy and the latest research in early child // Reggio Emilia: We combine the British EYFS framework with the Reggio Emilia philosophy and the latest research in early child,
80,Cambridgeshire Nursery,Al Mankhool,http://www.cambridgeshirenursery.com/,1 year,4 years,British (EYFS),,,,,https://cambridgeshirenursery.com/about/,,,We enrol children from 1-4 years of age.,"British (EYFS): We follow the British Early Years Foundation Stage curriculum, and Howard Gardner theory of multiple intellige",
81,"Pristine Rainbow Nursery - Healthcare City, Oud Metha",Oud Metha,http://pristinerainbow.com/,1 year,5 years,British (EYFS),,,,,https://pristinerainbow.com/,corrected by hand,,"Foundation stage learners from ages of 3 to 5 years old begin their formal educational journey that promotes skills in literacy, numeracy, and social  // Foundation stage learners from ages of 3 to 5 years old begin their formal educational journey that promotes skills in literacy, numeracy, & social de","British (EYFS): For students up to 5 years of age, the UK’s EYFS framework sets the standards for the learning, development an",
82 92 212 254 347 369 436,British Orchard Nursery - DIFC | British Orchard Nursery - DIP Branch | British Orchard Nursery - Dubai Silicon Oasis | British Orchard Nursery - JBR | British Orchard Nursery - Jafiliya | British Orchard Nursery - Media City | British Orchard Nursery - Mirdif,"Al Jafiliya, Al Sufouh, DIFC, Dubai Investment Park, Dubai Silicon Oasis, Jumeirah Beach Residence, Mirdif",http://www.britishorchardnursery.com/,45 days,5 years,British (EYFS),KHDA,,,,https://britishorchardnursery.com/,,,We accept children from 45 days to 5 years old,"British (EYFS): Foundation Stage focuses on EYFS structured learning, school readiness, languages, STEM, and critical thinking",Her leadership capabilities allow work in close liaison with MOE/KHDA and ensure BON is fully compliant with all requirements.Ms.
83,Dazzle Kids Nursery,Al Jaddaf,http://www.dazzlekidsuae.com/,2 years,5 years,British (EYFS),,,,,https://www.dazzlekidsuae.com/,,,"A warm beginning in Al Jaddaf, Dubai. Dazzle Kids Nursery brings British EYFS learning to life for children aged 2–5 through Preschool, FS1 and FS2 pr","British (EYFS): A British EYFS nursery in Al Jaddaf, Dubai, where learning begins with play, curiosity and connection. Explore",
84,Little Diamond Nursery - Al Mankhool,Al Mankhool,http://www.littlediamondnursery.ae/,45 days,5 years,British (EYFS),,,,,https://www.littlediamondnursery.ae/faqs/,,,"Hello Parents, thanks for reaching out to us. Little Diamond Nursery welcomes children from 45 days up to 5 years old, providing age-appropriate care ",British (EYFS): Little Diamond Nursery was established in 2018 and provides a premium quality British EYFS education. We are o,
85,Little Wonders Nursery Dubai JVC,Jumeirah Village Circle,https://www.littlewondersecc.com/,45 days,5 years,British (EYFS),KHDA,,,,https://littlewondersecc.com/about-us/,,,Accepting Children from 45 days to 5 years,"British (EYFS): Little Wonders is a KHDA Approved EYFS curriculum nursery that encourages kids to learn through fun, creative,","Little Wonders is a KHDA Approved EYFS curriculum nursery that encourages kids to learn through fun, creative, interactive, and playful methods."
86 204 281 309 450,British Orchard Nursery | British Orchard Nursery - Expo City (Dubai South) | British Orchard Nursery - Jumeirah | British Orchard Nursery - Liwan | British Orchard Nursery Al Mankhool,"Al Karama, Al Mankhool, Liwan, Umm Suqeim",https://britishorchardnursery.com/,45 days,5 years,British (EYFS),KHDA,,,,https://britishorchardnursery.com/,,,We accept children from 45 days to 5 years old,"British (EYFS): Foundation Stage focuses on EYFS structured learning, school readiness, languages, STEM, and critical thinking",Her leadership capabilities allow work in close liaison with MOE/KHDA and ensure BON is fully compliant with all requirements.Ms.
88,WizKidz Nursery Dubai,Al Jaddaf,https://www.wizkidz.ae/,6 months,5 years,British (EYFS),,,,,https://wizkidz.ae/,,,"At WizKidz Nursery, we’re more than just an Early Childhood Centre—we’re a community that nurtures the hearts and minds of children aged 6 months to 5 // WizKidz Nursery accepts children aged 6 months to 59 months (up to 5 years old).",British (EYFS): EYFS CURRICULUM FRAMEWORK,
89 95 179,Circle Time - Al Karama Branch | Circle Time - International City Branch | Circle Time - Muhaisnah Branch,"Al Karama, International City, Muhaisnah",https://circletimeuae.com/,3 years,5 years,,KHDA,,,,https://circletimeuae.com/,,,Age 3 yrs to 3.5 yrs // CircleTime delivers age-appropriate learning experiences for children aged 3 to 5 years.,,curriculum follows KHDA-aligned learning principles while addressing the needs of Dubai’s diverse community.
91,Maple Bear Nursery Wasl 1,Al Jafiliya,https://www.maplebeargulfschools.com/our-location/dubai/nursery-wasl1/,45 days,6 years,Canadian; French,,,,,https://www.maplebeargulfschools.com/our-curriculum/,,,Supporting holistic growth from ages 45 days to 6 years,"Canadian: The Maple Bear curriculum is written by our team of Canadian educational experts who deliver annual teacher tr // French: With English and French language program, our students are additionally enriched through locally developed Ara",
93,"Daffodils Nursery, Al Jaddaf, Dubai",Al Jaddaf,https://www.daffodilsnursery.ae/,2 years,4 years,British (EYFS),,,,,https://www.daffodilsnursery.ae/,,,2 - 3 Years Old // 3 - 4 Years Old,"British (EYFS): The nursery employs world’s most popular and trusted framework for its children, the British, EYFS, Curriculum",
94 252 305 386,Chubby Cheeks Nursery - Mankhool Bur Dubai | Chubby Cheeks Nursery Arjan | Chubby Cheeks Nursery Business Bay | Chubby Cheeks Nursery Mizhar,"Al Mankhool, Al Mizhar, Arjan, Business Bay",https://www.chubbycheeksnursery.com/,45 days,5 years,British (EYFS),,,,,https://www.chubbycheeksnursery.com/,,,Chubby Cheeks Nursery accepts children from the age of 45 days to 5 years in Dubai branches.,"British (EYFS): Chubby Cheeks Nursery is an Award Winning, British Curriculum Nursery with 26 conveniently located branches in",
96,"The Little Dreamers Nursery - Nursery in Dubai , Jumeirah 3",Jumeirah,https://dreamersnursery.com/,9 months,5 years,British (EYFS),,,,fees not published (ask the nursery),https://dreamersnursery.com/,corrected by hand,https://dreamersnursery.com/fee-structure/,We welcome children from 9 months to 5 years old. At The Little Dreamers Nursery these enrichment nursery activities will vary from time to time. Plea // We welcome all children from 9 months to 5 years old.,"British (EYFS): Welcome to The Little Dreamers Nursery, the 10 times award winning ‘home away from home’ British nursery, loca // Montessori: The Montessori Toy Trap: What Your Child Actually Needs",
97,Happy Feet Nursery - Dubai South,Dubai South,https://happyfeetdubai.com/,45 days,5 years,British (EYFS),,19800,,"3 days a week, mornings; AED 1,650 a month, 2026-27",https://happyfeetdubai.com/fee-structure/,,https://happyfeetdubai.com/fee-structure/,Accepting children from 45 days to 5 years.,"British (EYFS): Welcome to Happy Feet Nursery in Dubai South, located in Expo Village. We welcome children aged 0–5 years, wit",
98 354 397 419,Learn and Fun Nursery (Arjan Branch) | Learn and Fun Nursery (Liwan Branch) | Learn and Fun Nursery - Discovery Gardens | Learn and Fun Nursery Karama,"Al Karama, Arjan, Discovery Gardens, Liwan",https://www.lafnursery.com/,,,,,,,,,,,,,
99,Miles of Smiles Nursery,Oud Metha,https://milesofsmiles.ae/oud-metha/,45 days,5 years,British (EYFS),KHDA,,,,https://milesofsmiles.ae/curriculum/,,,"From 45 Days To 5 Years, We Walk Alongside Children As They Grow, Learn, And Discover The World",British (EYFS): Visit us to meet our teachers who deliver the EYFS program using a unique multilingual immersion approach in E,"Welcome to Miles Of Smiles Oud Metha. Our early learning center, approved by KHDA, is ideally located in the heart of international schools. We offer "
100 253 340 341 344,Jumeirah International Nurseries,"Downtown Dubai, Dubailand, Jebel Ali, Mirdif, The Greens",https://jinspire.com/,45 days,6 years,British (EYFS),,,,,https://jinspire.com/,,,"Jumeirah International Nurseries has been delivering outstanding early years education since 1981. We provide a holistic and inspiring British educati // Say hello to Ms. Tine Hinen Medouni, our Head of Early Years, ready to welcome little ones aged 45 days to 4 years this January 2025! 🎉",British (EYFS): #jumeirahinternationalnurseries #eyfs #britishcurriculum #almamshasharjah,
102,Dubai Health Nursery | حضانة دبي الصحية,Al Jaddaf,https://dubaihealth.ae/,,,,,,,website did not load: Page.goto: Timeout 30000ms exceeded.,,,,,,
104,Ambassador Nursery & Kindergarten,Al Mankhool,http://www.ambassadorkg.com/,,,,KHDA,,,,,,,,,KHDA
105,Orange Seeds Nursery - Dubai Silicon Oasis,Dubai Silicon Oasis,http://www.orangeseedsnursery.com/,,,,,,,,,,,,,
106,Kids Spot Nursery - Jumeirah,Al Wasl,https://kidsspotnursery.ae/,4 months,4 years,British (EYFS),,,,,https://kidsspotnursery.ae/about-us/,,,"Born in 2014 in Jumeirah, Kids Spot Nursery has a reputation for providing the highest quality childcare and pre-school education for children from 4 ","British (EYFS): The nursery typically follows the British EYFS (Early Years Foundation Stage) framework and curriculum, which ",
107,Asya's Nursery,Palm Jumeirah,http://asyasnursery.com/,,,,,,,,,,,,,
112,Alif Ya Nursery - Al Mizhar 4,Al Mizhar,https://www.alifyanursery.ae/en/our-branches/oud-al-muteena/,,,American,,,,,https://www.alifyanursery.ae/en/our-branches/oud-al-muteena/,,,,"American: At our Al Mizhar 4 branch, we follow the Creative Curriculum, thoughtfully designed to support early literacy ",
113,Kids Spot Nursery - Al Barari,Al Barari,https://www.kidsspotnursery.ae/,4 months,4 years,British (EYFS),,,,,https://kidsspotnursery.ae/about-us/,,,"Born in 2014 in Jumeirah, Kids Spot Nursery has a reputation for providing the highest quality childcare and pre-school education for children from 4 ","British (EYFS): The nursery typically follows the British EYFS (Early Years Foundation Stage) framework and curriculum, which ",
114,PlayHouse Nursery - MIRDIF HILLS,Mirdif,http://www.playhousenursery.ae/,45 days,5 years,British (EYFS),KHDA,,,,https://www.playhousenursery.ae/,corrected by hand,,"We proudly welcome children from 45 days to 5 years in our Dubai branch and 45 days to 4 years in our Abu Dhabi branches, providing a nurturing enviro",British (EYFS): EYFS Curriculum // Montessori: Bachelor's degree in Montessori,"Our Dubai branch is fully approved by KHDA, while our Abu Dhabi branches are fully approved by ADEK. All branches are licensed and certified, reflecti"
116,Beautiful Horizons Early Learning Center,Oud Metha,https://www.beautifulhorizons.ae/,45 days,5 years,British (EYFS),,,,,https://www.beautifulhorizons.ae/,corrected by hand,,"The approach to learning development and promotion at our early childhood center (ECC) encompasses a holistic and personalized approach, considering t",British (EYFS): The statutory framework of EYFS underscores the profound significance of early childhood education.,
117,Jebel Ali Village Early Childhood Centre - Jumeirah Beach Residence Br.,Jumeirah Beach Residence,http://www.javn.ae/,,,British (EYFS),,,,,https://javn.ae/curriculum/,corrected by hand,,,British (EYFS): EYFS British Curriculum // Montessori: Fostering Independence (Inspired by Montessori & Steiner) // Reggio Emilia: (Inspired by Reggio Emilia & The Curiosity Approach) // Waldorf / Steiner: Fostering Independence (Inspired by Montessori & Steiner) // Forest school: (Inspired by Forest Schools & Froebel),
166,Jebel Ali Village Early Childhood Centre - Motorcity Br.,Motor City,http://www.javn.ae/,,,British (EYFS),,,,,https://javn.ae/curriculum/,corrected by hand,,,British (EYFS): EYFS British Curriculum // Montessori: Fostering Independence (Inspired by Montessori & Steiner) // Reggio Emilia: (Inspired by Reggio Emilia & The Curiosity Approach) // Waldorf / Steiner: Fostering Independence (Inspired by Montessori & Steiner) // Forest school: (Inspired by Forest Schools & Froebel),
171,Jebel Ali Village Early Childhood Centre - Discovery Gardens Br.,Discovery Gardens,http://www.javn.ae/,,,British (EYFS),,,,,https://javn.ae/curriculum/,corrected by hand,,,British (EYFS): EYFS British Curriculum // Montessori: Fostering Independence (Inspired by Montessori & Steiner) // Reggio Emilia: (Inspired by Reggio Emilia & The Curiosity Approach) // Waldorf / Steiner: Fostering Independence (Inspired by Montessori & Steiner) // Forest school: (Inspired by Forest Schools & Froebel),
185,Jebel Ali Early Childhood Centre - Al Furjan South Br.,Al Furjan,http://www.javn.ae/,,,British (EYFS),,,,,https://javn.ae/curriculum/,corrected by hand,,,British (EYFS): EYFS British Curriculum // Montessori: Fostering Independence (Inspired by Montessori & Steiner) // Reggio Emilia: (Inspired by Reggio Emilia & The Curiosity Approach) // Waldorf / Steiner: Fostering Independence (Inspired by Montessori & Steiner) // Forest school: (Inspired by Forest Schools & Froebel),
361,Jebel Ali Village Early Childhood Centre - Dubai Polo And Equestrian Club Br.,Dubai Studio City,http://www.javn.ae/,,,British (EYFS),,,,,https://javn.ae/curriculum/,corrected by hand,,,British (EYFS): EYFS British Curriculum // Montessori: Fostering Independence (Inspired by Montessori & Steiner) // Reggio Emilia: (Inspired by Reggio Emilia & The Curiosity Approach) // Waldorf / Steiner: Fostering Independence (Inspired by Montessori & Steiner) // Forest school: (Inspired by Forest Schools & Froebel),
118,Raffles Early Childhood Centre Lakes,The Lakes,http://www.rafflesnurseries.com/,,,,,27200,54000,"3-5 days a week, 8am-2pm to 8am-6pm, 2026-27; same at every branch",https://www.rafflesecc.com/fees-26-27-ecc,,,,,
119,Raffles Early Childhood Centre Meadows,The Meadows,https://www.rafflesecc.com/meadows,,,British (EYFS),KHDA,27200,54000,"3-5 days a week, 8am-2pm to 8am-6pm, 2026-27; same at every branch",https://www.rafflesecc.com/meadows-ecc,,https://www.rafflesecc.com/fees-2025-2026-ecc,,"British (EYFS): At Raffles ECC, we use the Early Years Foundation Stage curriculum that provides children with strong foundati",*Fees and Discounts are subject to KHDA approval
120,Raffles Early Childhood Centre Springs,The Springs,https://www.rafflesecc.com/springs,45 days,6 years,British (EYFS),KHDA,27200,54000,"3-5 days a week, 8am-2pm to 8am-6pm, 2026-27; same at every branch",https://www.rafflesecc.com/springs-ecc,,https://www.rafflesecc.com/fees-2025-2026-ecc,"Welcome to The Raffles Early Childhood Centre, Springs and Starters where we welcome children from 45 days to 6 years of age and follow the Early Year // One block is specifically designed with our younger children (45 days – 3 years) in mind and the second block is for our older children (3- 6 years of","British (EYFS): At Raffles ECC, we use the Early Years Foundation Stage curriculum that provides children with strong foundati",*Fees and Discounts are subject to KHDA approval
121,Happy Bees Early Learning Center,Arjan,http://www.happybeesuae.com/,45 days,5 years,British (EYFS); Montessori; Reggio Emilia,KHDA,,,,https://www.happybeesuae.com/,,,"At Happy Bees in Arjan, tiny tots from 45 days to 5 years start their big adventures! Rooted in the British EYFS, we turn early learning into a joyful","British (EYFS): British EYFS Curriculum // Montessori: We follow the British Early Years Foundation Stage (EYFS) curriculum, delivered using best practices from vari // Reggio Emilia: We follow the British Early Years Foundation Stage (EYFS) curriculum, delivered using best practices from vari","Our team consists of certified early childhood educators, approved by the KHDA. Each teacher is trained to deliver high-quality learning experiences t"
122,Raffles Early Childhood Centre Dubai Marina,Dubai Marina,https://www.rafflesecc.com/dubai-marina,,,British (EYFS),KHDA,27200,54000,"3-5 days a week, 8am-2pm to 8am-6pm, 2026-27; same at every branch",https://www.rafflesecc.com/dubai-marina-ecc,,https://www.rafflesecc.com/fees-2025-2026-ecc,,"British (EYFS): At Raffles ECC, we use the Early Years Foundation Stage curriculum that provides children with strong foundati",*Fees and Discounts are subject to KHDA approval
123,Little Sprouts Early Learning Center,International City,http://www.littlesproutsuae.com/,,,,,,,website did not load: Page.goto: Timeout 30000ms exceeded.,,,,,,
125,Erudio Early Childhood Center,Jumeirah Village Circle,https://erudiochild.com/,,,British (EYFS),KHDA,40755,52800,"3-5 days a week, 2026-27",https://erudiochild.com/,,https://erudiochild.com/erudio-admission-guide/ https://erudiochild.com/fee-structure/,,"British (EYFS): In meticulous adherence to the statutory requirements of the Early Years Foundation Stage (EYFS), Erudio culti","All fees and enrolment arrangements are subject to the Parent–ECC Contract, Erudio Early Childhood Center policies, and applicable KHDA requirements."
126,Paddington Early Childhood Centre JLT,Jumeirah Lake Towers,https://paddingtonelc.com/,45 days,5 years,British (EYFS),,,,,https://paddingtonelc.com/,corrected by hand,,The very beginning 1-2 years old // Foundations of learning 4-5 years old,British (EYFS): ABOUT US EYFS CURRICULUM ENRICHMENTS FACILITIES A SCHOOL AFTER NURSERY SUMMER CAMP 26,
127,Future International Nursery - Dubai,Al Warqa,http://www.futureinternationalnursery.com/,45 days,6 years,British (EYFS),,,,,http://www.futureinternationalnursery.com/,corrected by hand,,"Recognizing the crucial role of early years, particularly ages 3 to 5, in fostering dramatic growth in these essential skills, we prioritize providing",British (EYFS): (EYFS 2021),
128,"Kids Kingdom - Nursery & Daycare in Jumeirah Lake Towers (JLT), Dubai",Jumeirah Lake Towers,https://kidskingdom.ae/nursery-daycare-in-jlt-dubai/,45 days,5 years,Reggio Emilia,,,,,https://kidskingdom.ae/,corrected by hand,,Toddlers (18 Months to 2 Years),Reggio Emilia: Inspiration From Reggio Amelia Approach,
129 142,Mon Ecole Bilingual Montessori Early Childhood Center | Mon Ecole Bilingual Montessori Early Childhood Center - Umm Suqeim,Al Manara,http://www.monecole.me/,14 months,6 years,Montessori; French,,,,,https://www.monecole.me/our-language-programs/,,,Age Group: 14 months to 6 years,Montessori: High Fidelity Montessori // French: 2. Bilingual En/Fr with exposure to Arabic,
130,Little Feet Early Learning Center – Nursery & Daycare in Gold and Diamond Park Al Barsha Dubai,Al Quoz,https://www.littlefeetdubai.com/,,,,,,,,,,,,,
131,Raffles Early Childhood Centre Arabian Ranches,Arabian Ranches,https://www.rafflesecc.com/arabian-ranches,,,British (EYFS),KHDA,27200,54000,"3-5 days a week, 8am-2pm to 8am-6pm, 2026-27; same at every branch",https://www.rafflesecc.com/arabian-ranches-ecc,,https://www.rafflesecc.com/fees-2025-2026-ecc,,"British (EYFS): At Raffles ECC, we use the Early Years Foundation Stage curriculum that provides children with strong foundati",*Fees and Discounts are subject to KHDA approval
132,Little Angel Nursery,Jumeirah,http://littleangel.bizonline.ae/,,,British (EYFS),,,,,http://littleangel.bizonline.ae/,,,,"British (EYFS): > EYFS Based learning approach: A structured framework supporting early development through guided, age-approp",
133,Safa Early Learning Centre,Al Wasl,https://www.safaelc.ae/,,,British (EYFS),KHDA,,,,https://www.safaelc.ae/,,,,"British (EYFS): A Early Year Setting that follows the EYFS, British Curriculum that promotes a holistic learning environment f",Our centre is approved by KHDA.
134,Raffles Early Childhood Centre Umm Suqeim,Umm Suqeim,http://www.rafflesecc.com/,45 days,6 years,British (EYFS),KHDA,27200,54000,"3-5 days a week, 8am-2pm to 8am-6pm, 2026-27; same at every branch",https://www.rafflesecc.com/,,https://www.rafflesecc.com/fees-2025-2026-ecc,Ages 45 days - 6 years,"British (EYFS): Our EYFS curriculum has been developed by our team of educators, to ensure that learning through play and hand",*Fees and Discounts are subject to KHDA approval
135 338 346,Redwood Montessori Nursery - Garhoud - Dubai | Redwood Montessori Nursery - Golden Mile 8 Palm | Redwood Montessori Nursery - Jumeirah Park,"Al Garhoud, Jumeirah Park, Palm Jumeirah",http://www.theredwoodnursery.com/,3 months,6 years,Montessori,KHDA,,,,https://www.theredwoodnursery.com/,,,Age Groups (3 months to 6 years),"Montessori: From the founders of Google and Amazon to Nobel Prize winners, many of the world’s great minds began in a Mont",We offer a KHDA approved advanced Montessori programme. Redwood students are frequently enrolled in the top schools in UAE & abroad. Our approach mean
136,Little Diamond Nursery Arjan - Nursery in Arjan,Arjan,https://www.littlediamondnursery.ae/branches/nursery-in-arjan,45 days,5 years,British (EYFS),,,,,https://www.littlediamondnursery.ae/faqs/,,,"Hello Parents, thanks for reaching out to us. Little Diamond Nursery welcomes children from 45 days up to 5 years old, providing age-appropriate care ","British (EYFS): At Little Diamond Nursery, we follow the British EYFS curriculum, focusing on the holistic development of todd",
137,Little Land Nursery & Montessori Centre,Umm Suqeim,https://www.littlelandnursery.com/,1 year,5 years,Montessori,,31735,51535,"2-5 days a week, 8am-12:30pm to 8am-2pm, 2025-26",https://www.littlelandnursery.com/about,,https://www.littlelandnursery.com/fees,Little Raindrops (1-2 year olds) // Sunflowers (2 3/4 - 5 year olds),Montessori: That’s the magic of Montessori.,
138,Toddlers International Nursery (Dubai Silicon Oasis),Dubai Silicon Oasis,https://www.toddlersintlnursery.com/,,,,,,,website did not load: Page.goto: net::ERR_NAME_NOT_RESOLVED at https://www.toddlersintlnursery.com/,,,,,,
139,The Wonder Years Early Childhood Centre – Dubai Sports City,Dubai Sports City,https://wonderyearsecc.com/,6 months,4 years,British (EYFS),,,,fees not published (ask the nursery),https://wonderyearsecc.com/,corrected by hand,https://wonderyearsecc.com/enrolment-requirements/,18 Months to 2 Years,British (EYFS): following the EYFS Curriculum in Dubai,
382,"The Wonder Years Early Childhood Centre - Remraam Community, Dubai",Remraam,https://wonderyearsecc.com/,6 months,4 years,British (EYFS),,,,fees not published (ask the nursery),https://wonderyearsecc.com/,corrected by hand,https://wonderyearsecc.com/enrolment-requirements/,18 Months to 2 Years,British (EYFS): following the EYFS Curriculum in Dubai,
140,British Rose Nursery Dubai,Umm Al Sheif,http://www.britishrosenursery.com/,,,British (EYFS),,,,,https://www.britishrosenursery.com/the-brn-difference,,,,"British (EYFS): At British Rose Nursery ECC, we believe the early years are crucial for lifelong learning and well-being. Our ",
141,Kids World Nursery In International City,International City,https://www.rootsmontessoriuae.com/,45 days,6 years,Montessori; Reggio Emilia; Waldorf / Steiner; Forest school,,,,,https://www.rootsmontessoriuae.com/,corrected by hand,,Ages 1-3 // Ages 3-6,"Montessori: MONTESSORI NURSERy // Reggio Emilia: So, we designed a new curriculum that brings together the best of Montessori, Reggio Emilia, Waldorf, and natu // Waldorf / Steiner: So, we designed a new curriculum that brings together the best of Montessori, Reggio Emilia, Waldorf, and natu // Forest school: FOREST SCHOOL",
173,Roots Montessori Nursery IMPZ Dubai | Best Nursery in Dubai,Dubai Production City,https://www.rootsmontessoriuae.com/,45 days,6 years,Montessori; Reggio Emilia; Waldorf / Steiner; Forest school,,,,,https://www.rootsmontessoriuae.com/,corrected by hand,,Ages 1-3 // Ages 3-6,"Montessori: MONTESSORI NURSERy // Reggio Emilia: So, we designed a new curriculum that brings together the best of Montessori, Reggio Emilia, Waldorf, and natu // Waldorf / Steiner: So, we designed a new curriculum that brings together the best of Montessori, Reggio Emilia, Waldorf, and natu // Forest school: FOREST SCHOOL",
231,Kids World Nursery in JVC Dubai,Jumeirah Village Circle,https://www.rootsmontessoriuae.com/,45 days,6 years,Montessori; Reggio Emilia; Waldorf / Steiner; Forest school,,,,,https://www.rootsmontessoriuae.com/,corrected by hand,,Ages 1-3 // Ages 3-6,"Montessori: MONTESSORI NURSERy // Reggio Emilia: So, we designed a new curriculum that brings together the best of Montessori, Reggio Emilia, Waldorf, and natu // Waldorf / Steiner: So, we designed a new curriculum that brings together the best of Montessori, Reggio Emilia, Waldorf, and natu // Forest school: FOREST SCHOOL",
143,Raffles Starters,The Springs,http://www.rafflesstarters.com/,45 days,6 years,British (EYFS),KHDA,27200,54000,"3-5 days a week, 8am-2pm to 8am-6pm, 2026-27; same at every branch",https://www.rafflesecc.com/,,https://www.rafflesecc.com/fees-2025-2026-ecc,Ages 45 days - 6 years,"British (EYFS): Our EYFS curriculum has been developed by our team of educators, to ensure that learning through play and hand",*Fees and Discounts are subject to KHDA approval
144,Maple Bear Nursery Creek Harbour,Dubai Creek Harbour,https://www.maplebeargulfschools.com/our-location/dubai/nursery-creek-harbour/,45 days,6 years,Canadian; French,,,,,https://www.maplebeargulfschools.com/our-curriculum/,,,Supporting holistic growth from ages 45 days to 6 years,"Canadian: The Maple Bear curriculum is written by our team of Canadian educational experts who deliver annual teacher tr // French: With English and French language program, our students are additionally enriched through locally developed Ara",
145 266,"Kinderville Nursery | Little Amigos by Kinderville, Ras Al Khor",Ras Al Khor,https://kinderville.com/ae/,,,,,,,,,,,,,
146,Little Explorers Nursery,Nad Al Hamar,https://littleexplorers.ae/,45 days,6 years,British (EYFS),,,,,https://littleexplorers.ae/,,,"Little Explorers Nursery is a leading British EYFS nursery in Nad Al Hamar Dubai, providing a safe, nurturing and child-centered environment for child",British (EYFS): Best British EYFS Nursery in Nad Al Hamar Dubai,
147,Al Dana Nursery Nad Al Hamar حضانة الدانة فرع ند الحمر,Nad Al Hamar,https://stanfordnursery.com/,,,British (EYFS),,,,,https://stanfordnursery.com/,,,,British (EYFS): منهج EYFS البريطاني,
148,Westfield Nursery,Al Wasl,https://www.westfieldnursery.ae/,3 months,5 years,British (EYFS),KHDA,,,fees not published (ask the nursery),https://www.westfieldnursery.ae/,corrected by hand,https://www.westfieldnursery.ae/admissions/admission-process/ https://www.westfieldnursery.ae/admissions/fees/,18 months – 2 years // 2 years – 3 years,"British (EYFS): in Al Wasl, minutes from City Walk, our British EYFS curriculum turns play, growing independence and natural c // Montessori: Time slots include sensory development time, Montessori time, Library, Music, and Movement, Outdoor and indoor",Is Westfield Nursery KHDA-registered?
149,Blossom Downtown Nursery Dubai,Downtown Dubai,https://www.theblossomnursery.com/nurseries/blossom-downtown,45 days,4 years,British (EYFS); Reggio Emilia,,,,,https://www.theblossomnursery.com/nurseries/blossom-downtown,corrected by hand,,"Ages: 45 days to 4 years (FS1) // We welcome children from 45 days to 4 years old, offering flexible schedules, multilingual exposure, and holistic development programs in a calm, insp",British (EYFS): We combine the British EYFS framework with the Reggio Emilia philosophy and the latest research in early child // Reggio Emilia: We combine the British EYFS framework with the Reggio Emilia philosophy and the latest research in early child,
150,Sandcastle Nursery,Al Satwa,http://www.sandcastlenursery.com/,4 months,5 years,British (EYFS),KHDA,,,,https://www.sandcastlenursery.com/,,,"Ages 4 Months to 5 Years // Since 2010, Sandcastle Nursery has been a trusted home away from home for children aged 4 months to 5 years. Located in the heart of Jumeirah, we prov",British (EYFS): British EYFS Curriculum,* Please note that the dates of the religious festivals are approximate as these are reliant on the phases of the moon. Changes may also be made to th
151,Little Champions Nursery,DIFC,http://www.littlechampionsnursery.com/,45 days,5 years,British (EYFS),KHDA,,,fees not published (ask the nursery),https://littlechampionsnursery.com/programs,,https://littlechampionsnursery.com/timings,"Programs for every age, from 45 days to 5 years","British (EYFS): A nurturing British curriculum nursery in Dubai where every child is celebrated, inspired, and prepared for a ",KHDA Licensed
153,Royati Nursery,Nad Al Hamar,https://royatinursery.com/,40 days,4 years,,,,,,https://royatinursery.com/,corrected by hand,,age (2-3 years) // age (4-5 years),,
154,Oriental Wise Nursery Dubai 迪拜中慧双语幼儿园,International City,https://www.oweccdubai.com/,2.5 years,6 years,,KHDA,,,fees not published (ask the nursery),https://www.oweccdubai.com/,corrected by hand,https://www.oweccdubai.com/fees,(30 months – 35 months),,"KHDA Charges: For students transferring within Dubai schools, there is a KHDA administration fee of AED 120 for each student."
155,Friendly nursery,Al Safa,http://friendly-nursery.com/,,,,,,,,,,,,,
156,Kids First Group,Business Bay,https://kidsfirstgroup.com/,45 days,5 years,,KHDA,,,,https://kidsfirstgroup.com/,corrected by hand,,"Toddler, 1- 3 years old // Child, 3-5 years old",IB: Redwood Center of Excellence receives the International Baccalaureate PYP Accreditation,Trust in KFG’s dual accreditations: one from Dubai’s government-run Knowledge and Human Development Authority (KHDA) and the other from Abu Dhabi’s De
157,Blossom Academic City 1,Academic City,https://www.theblossomnursery.com/nurseries/blossom-academic-city-elc,45 days,5 years,British (EYFS); Reggio Emilia,KHDA,,,,https://www.theblossomnursery.com/nurseries/blossom-academic-city-elc,,,"Ages: 45 days to 5 years (FS2) // Blossom Academic City 1 is located in the heart of Dubai’s academic and innovation zone, offering children aged 45 days to 5 years a caring, structure",British (EYFS): We combine the British EYFS framework with the Reggio Emilia philosophy and the latest research in early child // Reggio Emilia: We combine the British EYFS framework with the Reggio Emilia philosophy and the latest research in early child,"Blossom Nursery in Academic City 1 is centrally located near the Dubai Statistics Center, KHDA, and the British University. Just minutes away from Sil"
158,Home Grown Children's Eco Nursery - Al Quoz Park,Al Quoz,https://homegrownnursery.ae/,,,British (EYFS),KHDA,,,fees not published (ask the nursery),https://homegrownnursery.ae/our-learning/,"fees: weekly rates, check by hand",https://homegrownnursery.ae/our-welcome/,,"British (EYFS): We follow the British Early Years Foundation Stage (EYFS) framework, which provides a strong foundation for li",Government of Dubai-KHDA
162 222,Willow Children's Nursery - Dubai Marina - Dubai | Willow Children’s Nursery - Umm Suqeim - Dubai,"Dubai Marina, Umm Suqeim",http://willowchildrensnursery.com/,45 days,6 years,British (EYFS),,,,,https://willowchildrensnursery.com/,,,Age Groups (45 Days To 6 Years),British (EYFS): Dubai's Top UK EYFS nurseries,
163,Happy Elephant International Nursery & Preschool,Al Wasl,http://happyelephant.ae/,45 days,5 years,British (EYFS),,,,,http://happyelephant.ae/,corrected by hand,,"Happy Elephant Early Childhood Center is located in the heart of Dubai and offers the British EYFS Curriculum, with facilities built in accordance wit // Happy Elephant adheres to the Early Years Foundation Stage (EYFS), a British Curriculum designed to foster a holistic learning environment for childre","British (EYFS): Happy Elephant Early Childhood Center is located in the heart of Dubai and offers the British EYFS Curriculum,",
164,Azbuka Nursery,Al Manara,http://azbuka.ae/,,,,,,,,,,,,,
167,Emirates British Nursery - The Villa Dubai,Dubailand,https://ebnnursery.com/the-villa-nursery/,,,,,,,,,,,,,
168 437 442 459,Cherry Town Nursery | Cherry Tree Nursery - Damac Hills 2 | Cherry Tree Nursery - Dubai South - DWC | Cherry Tree Nursery - Town Square,"Al Barsha, Damac Hills, Dubai South, Town Square",https://cherrynurseries.com/,,,British (EYFS),KHDA,,,,https://cherrynurseries.com/,,,,British (EYFS): British Curriculum EYFS Qualified Staff We hire staff members who have the experience of various cultures in t,"Our team have years of experience and Cache level 2, Cache Level 3 and Cache Level 5 qualifications as specified by the KHDA."
169,"Gardenia Nursery - The Greens, Dubai",The Greens,https://www.gardenianursery.ae/,45 days,5.9 years,British (EYFS); Reggio Emilia,,,,,https://gardenianursery.ae/,corrected by hand,,Toddler class from 19 month to 2.5 years old // Foundation stage 1 –Section A- FS1 FROM 3.1 Years to 4 years old,British (EYFS): EYFS // Reggio Emilia: Gardenia Nursery-ECC implements the fundamental principles of learning approach by Reggio Emilon.,
170,Angel Kids,Meydan,https://angelkids.ae/,3 years,6 years,British (EYFS),,,,,https://angelkids.ae/,,,3-6 years old // 4-6 years old,"British (EYFS): A school preparation program based on the British EYFS approach, combining play and hands-on activities.",
172,New World Early Childhood Centre,Al Manara,https://newworld-uae.com/,,,British (EYFS),KHDA,,,,https://newworld-uae.com/about,,,,"British (EYFS): Today, New World Nursery brings together the best of European educational values, the British EYFS curriculum ",EYFS + KHDA aligned
178,"Kids Castle - Nursery in Business Bay, Downtown Dubai",Business Bay,https://kidskingdom.ae/nursery-school-in-business-bay-dubai/,45 days,5 years,Reggio Emilia,,,,,https://kidskingdom.ae/nursery-school-in-business-bay-dubai/,corrected by hand,,Toddlers (18 Months to 2 Years),Reggio Emilia: Inspiration From Reggio Amelia Approach,
180,VIK Montessori Nursery,Al Wasl,http://www.vikmontessorinursery.ae/,,,Montessori,,,,,https://vikmontessorinursery.ae/,,,,"Montessori: VIK Montessori Nursery located in the heart of Dubai, between BOX Park and City Walk! We believe that the Nurs",
182,IDEA Early Learning Center,Mirdif,https://ideaelc.ae/,45 days,6 years,American,,,,fees not published (ask the nursery),https://ideaelc.ae/,,https://ideaelc.ae/admissions/admissions-process/,Curriculum for ages 45 days – 3 years // Curriculum for Preschool & Kindergarten ages 4 – 6 years,American: Come and meet us at IDEA Early Learning Center. We are committed to the progress of each individual child and ,
183,Kindercare Early Childhood Center,International City,https://www.kindercare.ae/,,,British (EYFS),KHDA,,,,https://www.kindercare.ae/,,,,"British (EYFS): Our EYFS curriculum provides a holistic approach, blending academic learning with creative play, ensuring your","Our KHDA approved EYFS curriculum focuses on comprehensive development through play-based learning, encouraging physical, cognitive, and emotional gro"
186,Le Eskolar Early Childhood Center,Al Barsha,http://www.leeskolar.com/,,,,KHDA,,,,,,,,,We adhere to UAE law and KHDA guidelines.
187,Raffles Early Childhood Centre Lakes 2,The Lakes,https://www.rafflesecc.com/lakes2,45 days,6 years,British (EYFS),KHDA,27200,54000,"3-5 days a week, 8am-2pm to 8am-6pm, 2026-27; same at every branch",https://www.rafflesecc.com/lakes-2-ecc,,https://www.rafflesecc.com/fees-2025-2026-ecc,"At Raffles ECC, we provide high-quality early years education for children aged 45 days to 6 years, centered around play-based learning. Our welcoming","British (EYFS): At Raffles ECC, we use the Early Years Foundation Stage curriculum that provides children with strong foundati",*Fees and Discounts are subject to KHDA approval
188,Kids Kingdom - Nursery & Daycare in JVC - IMPZ Dubai Production City,Dubai Production City,https://kidskingdom.ae/,45 days,5 years,Reggio Emilia,,,,,https://kidskingdom.ae/,corrected by hand,,Toddlers (18 Months to 2 Years),Reggio Emilia: Inspiration From Reggio Amelia Approach,
189 205,Kinder Castle Nursery | Kinder Castle Nursery Meydan,"Dubai Sports City, Nad Al Sheba",https://kindercastlenursery.com/,45 days,5 years,British (EYFS),KHDA,,,,https://kindercastlenursery.com/,,,"Kinder Castle Nursery welcomes children from 45 days to 5 years old. We offer age-appropriate classrooms tailored to each developmental stage, ensurin","British (EYFS): At Kinder Castle Nursery, we proudly nurture confident, curious, and capable young learners through a child-ce",(2) SIRA integrated CCTV guidelines from KHDA are followed to monitor the nursery premises.
192,Qudrability - Early Learning Centre,Arjan,https://www.qudrability.com/,,,,,,,,,,,,,
194,Learning Tree Nursery Dubai,Business Bay,https://learningtreedubai.com/,,,British (EYFS),,,,,https://learningtreedubai.com/curriculum.aspx,,,,British (EYFS): Pathways to Learning | Learning Tree Philosophy & the EYFS,
195,Maple Bear Nursery Sobha Hartland,Nad Al Sheba,https://www.maplebeargulfschools.com/our-location/dubai/nursery-sobha-hartland/,45 days,6 years,Canadian; French,,,,,https://www.maplebeargulfschools.com/our-curriculum/,,,Supporting holistic growth from ages 45 days to 6 years,"Canadian: The Maple Bear curriculum is written by our team of Canadian educational experts who deliver annual teacher tr // French: With English and French language program, our students are additionally enriched through locally developed Ara",
196,My Circle Early Childhood Centre,Nad Al Sheba,https://www.mycircle.ae/,5 months,4 years,British (EYFS); Arabic / English bilingual,,,,,https://www.mycircle.ae/,corrected by hand,,Children aged 1 to 3 years old. // We are a cosy learning space for children aged 1 to 4 years old.,British (EYFS): Our curriculum is designed based on the British Early years foundation stage (EYFS) statutory framework. Our p // Arabic / English bilingual: Our curriculum is designed based on the British Early years foundation stage (EYFS) statutory framework. Our p,
197,Maple Bear Nursery,Al Safa,https://www.maplebeargulfschools.com/our-location/dubai/nursery-jumeirah/,45 days,6 years,Canadian; French,,,,,https://www.maplebeargulfschools.com/our-curriculum/,,,Supporting holistic growth from ages 45 days to 6 years,"Canadian: The Maple Bear curriculum is written by our team of Canadian educational experts who deliver annual teacher tr // French: With English and French language program, our students are additionally enriched through locally developed Ara",
198,Sunny Bunny Childcare & Learning – Nursery,International City,https://himama.com/online_registration/apply/sunny-bunny,,,,,,,,,,,,,
199,Gingle Kids ELC,International City,http://www.ginglekidsuae.com/,,,British (EYFS),KHDA,,,fees not published (ask the nursery),https://ginglekidsuae.com/age-groups/,,https://ginglekidsuae.com/fee-structure/,,"British (EYFS): From first steps to school readiness, our caring team guides children through every stage of development with ","In line with the UAE Education Vision 2033 and KHDA’s new Arabic Language Framework for Early Childhood, Arabic is taught as a second language within "
200,Tiny Star - Kids Care & Learning Centre,Al Qusais,http://tinystarkids.ae/,,,,,,,website did not load: Page.goto: net::ERR_NAME_NOT_RESOLVED at http://tinystarkids.ae/,,,,,,
202,Three Little fingers Learning Center,Jumeirah Lake Towers,http://threelittlefingers.net/,,,,,,,,,,,,,
203,Canadian Kids Nursery Business Bay,Business Bay,https://canadiankidsnursery.com/,45 days,5 years,British (EYFS); Montessori,KHDA,,,,https://canadiankidsnursery.com/,,,"Canadian Kids Nursery is a trilingual nursery in Dubai, located in Business Bay and welcoming children aged 45 days to 5 years. We offer British EYFS  // Canadian Kids Nursery has supported families in Business Bay for over 12 years, welcoming children aged 45 days to 5 years into a joyful, safe and nur","British (EYFS): Canadian Kids Nursery is a trilingual nursery in Dubai, located in Business Bay and welcoming children aged 45 // Montessori: Canadian Kids Nursery is a trilingual nursery in Dubai, located in Business Bay and welcoming children aged 45","Canadian Kids Nursery is KHDA-approved, fully registered and compliant with the relevant requirements of the Ministry of Education, Ministry of Labour"
206,IDEA ELC,Dubai Sports City,http://www.ideaelc.ae/,45 days,6 years,American,,,,fees not published (ask the nursery),https://ideaelc.ae/,,https://ideaelc.ae/admissions/admissions-process/,Curriculum for ages 45 days – 3 years // Curriculum for Preschool & Kindergarten ages 4 – 6 years,American: Come and meet us at IDEA Early Learning Center. We are committed to the progress of each individual child and ,
207,Kiddy Planet Nursery AlQuoz,Al Quoz,http://kiddyplanet.ae/,,,,,,,,,,,,,
208,Handprint Early Childhood Center,Al Satwa,https://handprintecc.com/,,,,,,,,,,,,,
209,Emirates British Nursery - Dubai Silicon Oasis,Dubai Silicon Oasis,https://ebnnursery.com/dubai-silicon-oasis-nursery/,,,,,,,,,,,,,
210,Le Petit Poucet Nursery and Kindergarten,Al Safa,https://lppn.ae/,3 months,6 years,British (EYFS); French,,,,fees not published (ask the nursery),https://lppn.ae/,corrected by hand,https://lppn.ae/admission/,"3 months - 3 years (Nursery): French-focused program. // Le Petit Poucet is the first AEFE-accredited nursery and kindergarten in the Middle East, offering a 100% French curriculum for ages 0-4 and a bilingu","British (EYFS): English days follow the EYFS, emphasizing communication, physical, social, and emotional development. // IB: Through our rigorous program, which incorporates the expectations of the French National Education system and  // French: A Leading bilingual French and English Nursery in Dubai Shaping Early education",
211 360,Learning Ladder Nursery | Learning Ladder Nursery Park,Jumeirah Lake Towers,http://www.learningladdernursery.com/,1 year,5 years,British (EYFS); Montessori; Reggio Emilia,KHDA,,,,https://www.learningladdernursery.com/,,,"Our branch in Cluster V, JLT, houses children from 12 months to 5 years of age, and our branch in Cluster Q, JLT, houses children from 14 months to 5  // Learning Ladder Nurseries in JLT welcome children from 12 months to 5 years of age at our nursery in JLT Cluster V and 14 months to 5 years at our nur","British (EYFS): We at Learning Ladder Nurseries JLT follow the British Early Years Foundation Stage Curriculum (EYFS), incorpo // Montessori: We at Learning Ladder Nurseries JLT follow the British Early Years Foundation Stage Curriculum (EYFS), incorpo // Reggio Emilia: We at Learning Ladder Nurseries JLT follow the British Early Years Foundation Stage Curriculum (EYFS), incorpo","The nurseries are approved by KHDA (Knowledge and Human Development Authority), which oversees all schools in Dubai."
213,Maple Bear Nursery Arabian Ranches 3,Dubailand,https://www.maplebeargulfschools.com/our-location/dubai/nursery-arabian-ranches-3/,45 days,6 years,Canadian; French,,,,,https://www.maplebeargulfschools.com/our-curriculum/,,,Supporting holistic growth from ages 45 days to 6 years,"Canadian: The Maple Bear curriculum is written by our team of Canadian educational experts who deliver annual teacher tr // French: With English and French language program, our students are additionally enriched through locally developed Ara",
214,Step By Step Nursery - Mirdif - Dubai,Mirdif,https://stepbystepnursery.ae/location/mirdif-nursery-preschool/,,,,,,,,,,,,,
215,Blossom Dubai Hills Park Heights,Dubai Hills Estate,https://www.theblossomnursery.com/nurseries/blossom-park-heights,12 months,5 years,British (EYFS); Reggio Emilia,,,,,https://www.theblossomnursery.com/nurseries/blossom-dubai-hills-park-heights,corrected by hand,,"Whether you live in Park Heights, Maple, Sidra, or close to Dubai Hills Mall, our nursery is designed to support your family’s routine with flexible o // Ages: 12 months to 5 years (FS2)",British (EYFS): We combine the British EYFS framework with the Reggio Emilia philosophy and the latest research in early child // Reggio Emilia: We combine the British EYFS framework with the Reggio Emilia philosophy and the latest research in early child,
216,Blossom Marina Nursery Dubai,Dubai Marina,https://www.theblossomnursery.com/nurseries/blossom-marina-ae-01-010,45 days,5 years,British (EYFS); Reggio Emilia,,,,,https://www.theblossomnursery.com/nurseries/blossom-marina,,,"Ages: 45 days to 5 years (FS2) // Designed for children aged 45 days to 5 years, our centre offers an enriching, multilingual, and secure environment where your child can grow with con",British (EYFS): We combine the British EYFS framework with the Reggio Emilia philosophy and the latest research in early child // Reggio Emilia: We combine the British EYFS framework with the Reggio Emilia philosophy and the latest research in early child,
218,Baby Home Nursery JLT | Best in Dubai,Jumeirah Lake Towers,http://www.babyhomenursery.com/,3 months,4 years,British (EYFS),,,,,https://babyhomenursery.com/curriculum/,,,We gladly cater to the young developmental needs of toddlers and children aged 3 months to 4 years old.,British (EYFS): British Curriculum Nursery in Dubai,
220,Monroe's Nursery,Jumeirah Beach Residence,http://www.monroesnursery.com/,3 months,5 years,British (EYFS),,,,,https://monroesnursery.com/,,,From 3 Months To 5 Years,British (EYFS): Nurturing Young Minds With A British Curriculum,
221,Blossom Design District Nursery,Dubai Design District,https://www.theblossomnursery.com/nurseries/blossom-d3-dubai-design-district,45 days,4 years,British (EYFS); Reggio Emilia,,,,,https://www.theblossomnursery.com/nurseries/blossom-d3-dubai-design-district,corrected by hand,,Ages: 45 days to 4 years (FS1) // Child: 3-5 Years Old,British (EYFS): We combine the British EYFS framework with the Reggio Emilia philosophy and the latest research in early child // Reggio Emilia: We combine the British EYFS framework with the Reggio Emilia philosophy and the latest research in early child,
223,Mosaic Nursery JLT,Jumeirah Lake Towers,http://www.mosaicnursery.com/,18 months,5 years,American,KHDA,24800,43500,"3-5 days a week, morning to full day, 2026-27",https://www.mosaicnursery.com/,,https://www.mosaicnursery.com/admissions.html,"Mosaic is an early childhood centre in Cluster T, JLT, for children aged 18 months – 5 years. The Creative Curriculum shapes calm, natural rooms where // 18 months – 5 years","American: Mosaic is an early childhood centre in Cluster T, JLT, for children aged 18 months – 5 years. The Creative Cur",KHDA-PERMITTED · JUMEIRAH LAKE TOWERS · EST. 2012
225,Rainbow Valley Nursery JLT,Jumeirah Lake Towers,https://rainbowvalleynursery.com/,3 months,5 years,British (EYFS),,,,,https://rainbowvalleynursery.com/about-us/,,,"At Rainbow Valley Nursery, we are passionate about giving each child the best possible start in life. Our goal is to provide a nurturing and stimulati // We follow the Early Years Foundation Stage (EYFS) Framework, which supports the healthy development of children from 3 months to 5 years old.",British (EYFS): EYFS Curriculum,
226,First Steps Nursery FSN.Montessori - Early Childhood Development and Learning Programs,Umm Suqeim,https://fsnmontessori.com/,45 days,4 years,British (EYFS); Montessori,,,,,https://fsnmontessori.com/,,,Ages 45 days to 4 Years old,British (EYFS): Certified Early Years Educators (EYFS) // Montessori: Advanced Montessori materials,
227,Little Elly - International Nursery in Dubai,Mirdif,https://littleelly.ae/,45 days,5 years,British (EYFS),,,,,https://littleelly.ae/,,,"We offer a warm & happy atmosphere for children between 45 days to 5 years, ensuring a comfortable and engaging educational experience.","British (EYFS): We document their development progress and provide detailed reports to keep parents informed, aligning with th",
228,Kids Palace Nursery,Umm Suqeim,https://www.kidspalacenursery.com/,,,British (EYFS); French,,,,,https://www.kidspalacenursery.com/,,,,British (EYFS): Kids Palace Nursery follows both EYFS (British) Curriculum and French Curriculum. We strive to provide high qu // French: Kids Palace Nursery follows both EYFS (British) Curriculum and French Curriculum. We strive to provide high qu,
232,Revere Montessori Preschool,Al Manara,http://reveremontessori.com/,,,Montessori,,42576,60000,"morning (under 3) to full day; AED 14,192-20,000 a term, 2026-27",https://reveremontessori.com/,fees assume 3 terms a year,https://reveremontessori.com/fees,,Montessori: An authentic AMI Montessori Children’s House for children aged 2½–6.,
233,Smart Start Kindergarten,Al Barsha South,https://smartstartdxb.com/,,,,,,,,,,,,,
234,British Berries Nursery,Al Satwa,http://www.britishberriesnursery.com/,,,British (EYFS),KHDA,,,,http://www.britishberriesnursery.com/curriculum.html,,,,British (EYFS): This is called the Early Years Foundation Stage (EYFS) and it enables your child to learn through a range of a,KHDA Approved
235,Together We Montessori,Al Barsha South,https://togetherwemontessori.com/,45 days,6 years,Montessori,,,,,https://togetherwemontessori.com/,,,Age: 45 days to 6 years // Admissions are open for children 45 days to 6 years.,Montessori: What is Montessori?,
238,Kids Planet Montessori Al Nahda,Al Nahda,https://www.kidsplanetmontessori.com/,1 year,6 years,Montessori,,,,,https://kidsplanetmontessori.com/,,,"A trusted Montessori Preschool & Daycare in Dubai where children aged 1 to 6 years learn, explore, and grow in a safe, caring, and inspiring environme","Montessori: A trusted Montessori Preschool & Daycare in Dubai where children aged 1 to 6 years learn, explore, and grow in",
239,Beginnings Forest Montessori Nursery,Muhaisnah,http://www.beginningsschools.com/,2 months,6 years,Montessori,,,,,https://beginningsschools.com/,,,"Montessori, nature, Arabic and Islamic learning come together in a boutique early-years environment for children from 2 months to 6 years.","Montessori: Beginnings Forest Montessori in Muhaisnah, Dubai",
241,Al Noor Nursery,Al Twar,https://www.uaenurseries.ae/nurseries/ministry-of-education-al-noor-nursery-qusais-dubai/,,,British (EYFS); Montessori; American; Canadian; French; Indian,,,,,https://www.uaenurseries.ae/nurseries/ministry-of-education-al-noor-nursery-qusais-dubai/,many curricula: maybe a menu or blog,,,British (EYFS): British Curriculum // Montessori: Montessori Curriculum // American: American Curriculum // Canadian: Canadian Curriculum // French: French Curriculum // Indian: Indian Curriculum,
243,"Daffodils Nursery, Muhaisnah Branch",Al Qusais,https://www.daffodilsedu.com/,,,,,,,,,,,,,
244,Brainpower Talent Development Center,Muhaisnah,https://www.brainpoweruae.com/,,,,,,,,,,,,,
245,Baby sitting and Day care centre,Al Nahda,https://dubizzle.com/s/GGDR3T,,,,,,,,,,,,,
247,Happy kids childhood centre,Al Nahda,https://happykids.devstoic.com/,6 months,5 years,,,,,,https://happykids.devstoic.com/,,,Ages 6 months - 2 years // Ages 3 - 5 years,,
255 268 350 395 463,Chubby Cheeks Nursery Barsha South | Chubby Cheeks Nursery JLT Mazaya | Chubby Cheeks Nursery Khawaneej | Chubby Cheeks Nursery Silicon Oasis | Chubby Cheeks Nursery Uptown Mirdif,"Al Khawaneej, Arjan, Dubai Silicon Oasis, Jumeirah Lake Towers, Mirdif",https://www.ccn.ae/,45 days,5 years,British (EYFS),,,,,https://www.chubbycheeksnursery.com/,,,Chubby Cheeks Nursery accepts children from the age of 45 days to 5 years in Dubai branches.,"British (EYFS): Chubby Cheeks Nursery is an Award Winning, British Curriculum Nursery with 26 conveniently located branches in",
256,Pippen Park Nursery - Dubai Branch,Al Warqa,http://www.pippenpark.ae/,,,British (EYFS),KHDA,,,,https://pippenpark.ae/about-us/,,,,British (EYFS): Our nurseries are closely aligned with the KHDA and SPEA’s learning goals. We follow the British Early Years F,Our nurseries are closely aligned with the KHDA and SPEA’s learning goals. We follow the British Early Years Foundation Stages (EYFS) curriculum that 
262,Creative Nest Early Childhood Centre,Al Mizhar,http://creativenestecc.com/,,,British (EYFS); Reggio Emilia,,,,,https://www.creativenestecc.com/projects,,,,"British (EYFS): The focus of the UK based, EYFS curriculum in FS1 is predominantly the three prime areas: // Reggio Emilia: Our enriched Early Years curriculum and thoughtfully-designed Reggio Emilia inspired nursery allow each child ",
267,Alif Ya Nursery - Al Mizhar 1,Al Mizhar,https://www.alifyanursery.ae/en/our-branches/al-mizhar/,1 year,4 years,Montessori; American,,,,,https://www.alifyanursery.ae/en/,,,1 – 2 Years Olds // 3 – 4 Years Olds,"Montessori: Is Montessori Learning Followed At The Al Mizhar Branch? // American: At our Al Mizhar 1 branch, we follow the Creative Curriculum, thoughtfully designed to support early literacy ",
269,Kids Palace Nursery Al Khawaneej,Al Khawaneej,https://www.kidspalacenursery.ae/,,,British (EYFS); French,,,,,https://kidspalacenursery.com/,,,,British (EYFS): Kids Palace Nursery follows both EYFS (British) Curriculum and French Curriculum. We strive to provide high qu // French: Kids Palace Nursery follows both EYFS (British) Curriculum and French Curriculum. We strive to provide high qu,
270,Alif Ya Nursery - Nad Al Sheba,Nad Al Sheba,https://www.alifyanursery.ae/en/our-branches/nad-al-sheba/,1 year,4 years,Montessori; American,,,,,https://www.alifyanursery.ae/en/,,,1 – 2 Years Olds // 3 – 4 Years Olds,"Montessori: If you’re searching for a play school in Nad Al Sheba, a Montessori-inspired early childhood school, or simply // American: At our Nad Al Sheba branch, we follow the Creative Curriculum, thoughtfully designed to support early literacy",
271 279 417 458,Numu Nursery Al Khawaneej | Numu Nursery Business Bay | Numu Nursery Nad Al Sheba | Numu Nursery Nshama Town Square,"Al Khawaneej, Business Bay, Nad Al Sheba, Town Square",https://numunursery.com/,,,British (EYFS),,,,,https://numunursery.com/,,,,British (EYFS): EYFS Curriculum,
272,Basateen Kindergarten,Al Khawaneej,http://www.dwa-basateen-kh.ae/,,,,,,,,,,,,,
273,British Orchard Nursery (Basateen),Al Khawaneej,https://www.britishorchardnursery.om/,,,,,,,website did not load: Page.goto: net::ERR_NAME_NOT_RESOLVED at https://www.britishorchardnursery.om/,,,,,,
284,Blossom DIFC,DIFC,https://www.theblossomnursery.com/nurseries/blossom-difc,1 year,5 years,British (EYFS); Montessori; Reggio Emilia,,,,,https://www.theblossomnursery.com/nurseries/blossom-difc,corrected by hand,,"Since 2009, Blossom has partnered with families throughout the UAE to give children (8 weeks to 4 years in Abu Dhabi, up to 5 years in Dubai) the stro // Ages: 1 to 5 years (FS2)","British (EYFS): EYFS-based, enriched with Sustainable Education, Reggio Emilia inspirations, and Montessori practices // Montessori: EYFS-based, enriched with Sustainable Education, Reggio Emilia inspirations, and Montessori practices // Reggio Emilia: EYFS-based, enriched with Sustainable Education, Reggio Emilia inspirations, and Montessori practices",
292,Tappy Toes Nursery - Dubai South,Dubai South,https://www.tappytoesnursery.com/nursery-in-dubai-south/,,,British (EYFS),KHDA,,,,https://www.tappytoesnursery.com/nursery-in-dubai-south/,,,,"British (EYFS): We are an institution following the British curriculum and adhering to the EYFS framework, aimed at providing ","As an early childhood center authorized by KHDA, our facility embraces the beauty of nature, allowing our little learners to enjoy panoramic views and"
293,Toddler Town British Nursery JBR,Dubai Marina,http://www.toddlertown.ae/,3 months,4 years,British (EYFS),,,,,https://toddlertown.ae/age-groups/,,,"At Toddler Town, we accept children from 3 months to 4 years. Age variation within any specific class is usually no more than 8 months between the you",British (EYFS): EYFS Framework,
294,Honey Bee Nursery,Al Wasl,https://honeybeenursery.net/,4 months,4 years,British (EYFS),,,,,https://honeybeenursery.net/,corrected by hand,,Age Group: 1.7 to 2.6 Years,British (EYFS): British EYFS Curriculum at Honey Bee Nursery,
295 312,"Green Grass Nursery - Nursery Near Al Manara, Dubai | Green Grass Nursery - Nursery Near Jumeirah, Dubai","Al Manara, Jumeirah",https://greengrassnursery.com/,1 year,5 years,British (EYFS); Reggio Emilia; Forest school,KHDA,,,fees not published (ask the nursery),https://greengrassnursery.com/,,https://greengrassnursery.com/admissions/ https://greengrassnursery.com/admissions/tuition-fees/,Book a visit to explore our nurturing bilingual environment for children aged 1–5 in Jumeirah and Al Manara.,"British (EYFS): British EYFS Meets Reggio Emilia, Forest School // Reggio Emilia: British EYFS Meets Reggio Emilia, Forest School // Forest school: British EYFS Meets Reggio Emilia, Forest School",24/7 CCTV & KHDA/DHA compliance
298,Future Scholars Montessori Preschool,Jumeirah,https://www.futurescholars.ae/,2 years,6 years,Montessori,,,,,https://www.futurescholars.ae/,,,"Located in the vibrant city of Dubai, for children aged 2 to 6 years, our school is founded on the pioneering educational insights of Dr. // Future Scholars Montessori Preschool in Jumeirah, Dubai, is now enrolling children aged 2 to 6 years, offering an authentic Montessori education inspi",Montessori: Montessori,
299,Art Village Nursery,Jumeirah,https://artvillagenursery.com/,1 year,3 years,Reggio Emilia,KHDA,,,,https://artvillagenursery.com/admissions,ages may be one class only,,Open to children from 1 year old up to 3 years old.,"Reggio Emilia: Reggio Emilia and Swedish-inspired early learning, in Jumeirah, Dubai.",Placement follows the KHDA cut-off dates for Dubai. Tap a stage to read the requirement.
300,Sand and Sea Montessori,Al Satwa,https://sandandseamontessori.com/,45 days,6 years,Montessori,,,,,https://sandandseamontessori.com/,,,AUTHENTIC MONTESSORI • AGES 45 DAYS – 6 YEARS // AGES 45 DAYS TO 6 YEARS,Montessori: Hello Visitor+971505426474info@sandandseamontessori.com,
301,My Nursery حضانتي,Al Wasl,https://mynurserydubai.com/,3 months,5 years,British (EYFS); Montessori,KHDA,,,,https://mynurserydubai.com/,,,"A British EYFS nursery on Al Wasl Road for children aged 3 months to 5 years, welcoming both English- and Arabic-speaking families. Proudly nurturing  // We welcome children from 3 months to 5 years, with age-appropriate groups that support each stage of their development: Babies (3–18 months), Toddlers","British (EYFS): A British EYFS nursery on Al Wasl Road for children aged 3 months to 5 years, welcoming both English- and Arab // Montessori: Art, language, building, early literacy, numbers, Montessori materials and cultural activities come together t",KHDA registered · Regulated by Dubai Ministry of Education
302,"Toddler Town British Nursery, Downtown Dubai",Downtown Dubai,https://toddlertown.ae/,3 months,4 years,British (EYFS),,,,,https://toddlertown.ae/age-groups/,,,"At Toddler Town, we accept children from 3 months to 4 years. Age variation within any specific class is usually no more than 8 months between the you",British (EYFS): EYFS Framework,
306,Blossom Business Bay Nursery,Business Bay,https://www.theblossomnursery.com/nurseries/blossom-business-bay,45 days,4 years,British (EYFS); Montessori; Reggio Emilia,,,,,https://www.theblossomnursery.com/nurseries/blossom-business-bay,corrected by hand,,Ages: 45 days to 4 years (FS1) // Child: 3-5 Years Old,"British (EYFS): Enriched EYFS Curriculum // Montessori: Blended with Reggio Emilia, Montessori and Sustainable Education principles // Reggio Emilia: Blended with Reggio Emilia, Montessori and Sustainable Education principles",
308,Step By Step Nursery - Jumeirah - Dubai,Al Safa,https://stepbystepnursery.ae/location/step-by-step-kids-nursery-in-jumeirah/,,,,,,,,,,,,,
310,Step By Step Nursery - Umm Suqeim - Dubai,Al Manara,https://stepbystepnursery.ae/location/umm-suqeim-nursery-preschool/,,,,,,,,,,,,,
311 333 359,Jumeirah International Nurseries | Jumeirah International Nursery,"Al Safa, Jumeirah Beach Residence, Palm Jumeirah",http://www.jinspire.com/,45 days,6 years,,,,,,https://www.jinspire.com/,,,Jumeirah International Nurseries has been delivering outstanding early years education since 1981. We provide a holistic and inspiring British educati,,
313,Blue Bird Nursery - Al Quoz,Al Quoz,http://bluebirdnursery.ae/alquoz,,,British (EYFS),,,,fees not published (ask the nursery),https://www.bluebirdnursery.ae/alquoz/,corrected by hand,https://www.bluebirdnursery.ae/alquoz/admissions/admission-process/,,"British (EYFS): EYFS Curriculum // Montessori: Time slots include sensory development time, Montessori time, Library, Music, and Movement, Outdoor and indoor",
314,The Palace Nursery,Al Safa,http://thepalacenursery.ae/,,,,,,,,,,,,,
315,Le Jardin Enchanté Dubai,Al Manara,http://www.ljenursery.com/,8 months,5 years,French,KHDA,20000,43340,"3-5 days a week, 6 months to 5 years; 2 semesters a year",http://ljenursery.com/about/,academic year not stated,http://ljenursery.com/timing-fees-structure/,"Le Jardin Enchanté Nursery was initially admitting children from the age of 15 months to 4 years, and then grew and expanded to include children from  // Tuition fees child age Group 1-5 Years",French: The French Curriculum Programs,All payments including registration and tuition fees are KHDA approved. Payment should be made on the date of registration by Credit Card\Payment Link
316,The Forest Oasis Nursery- their space to grow!,Umm Suqeim,http://childrensoasisnursery.com/,45 days,5 years,British (EYFS); Forest school,KHDA,,,,https://forestoasisnursery.com/,,,We welcome children from 45 days old up to 5 years (Foundation Stage 1). Forest School Approach are tailored to the specific developmental needs of ea,"British (EYFS): Yes, we follow the Forest School ethos. We believe that regular, long-term access to a natural environment is  // Forest school: Forest School Approach",Yes. Forest Oasis operates in line with KHDA regulations and recognised early years frameworks.
317,Little Learners Nursery,Al Manara,https://littlelearnersuae.com/,,,British (EYFS),KHDA,,,,https://littlelearnersuae.com/curriculum-overview/,corrected by hand,,,British (EYFS): Our EYFS nursery is committed to supporting working parents by offering early drop-off facilities from 7:30 am // Montessori: Understanding how your child will learn is fundamental. Nurseries in the UAE may follow frameworks such as EYF,"This amazing team includes qualified teachers, people who have worked in Early Years childcare their whole lives, and approved by KHDA."
319,Blossom Dubai Hills Golf Estate,Dubai Hills Estate,https://www.theblossomnursery.com/nurseries/blossom-dubai-hills-estate-ae-01-015,45 days,4 years,British (EYFS); Reggio Emilia,,,,,https://www.theblossomnursery.com/nurseries/blossom-dubai-hills-estate-ae-01-015,corrected by hand,,Ages: 45 days to 4 years (FS1) // Ages 45 Days to 4 Years,British (EYFS): We combine the British EYFS framework with the Reggio Emilia philosophy and the latest research in early child // Reggio Emilia: We combine the British EYFS framework with the Reggio Emilia philosophy and the latest research in early child,
320,The Palms Nursery,Al Safa,http://www.flyhighkids.com/,,,British (EYFS); Montessori,,,,,http://www.flyhighkids.com/,,,,British (EYFS): Fly High Kds Nursery follows the British Early Years Foundation Stage curriculum to design our Kids enrichment // Montessori: Our enriched program is delivered using best techniques and practices from different early year’s education ph,
321,Kiddy Planet Nursery,Umm Suqeim,https://kiddy-planet.ae/,,,British (EYFS),,,,,https://kiddy-planet.ae/,,,,"British (EYFS): We follow the British Early Years Foundation Stage (EYFS) curriculum, offering play-based, age-appropriate lea",
322,Rays of Light for Early Learning,Umm Suqeim,http://raysoflight.ae/,,,,,,,,,,,,,
323,AlMayameen Montessori,Jumeirah,https://www.almayameen.ae/,1 year,6 years,Montessori,KHDA,,,,https://www.almayameen.ae/admissions,,,Our tuition fees are based on the age group of your child. We offer different fee structures for Toddlers (1-3 years old) and Casa (3-6 years old) pro // Toddlers (ages 1-3),"Montessori: Welcome to AlMayameen Montessori, where every corner of our bilingual Montessori children’s house offers a key",AlMayameen operates as a fee-paying early years facility that is regulated by the Knowledge and Human Development Authority (KHDA).
325,Hummingbird Nursery Bay Square,Business Bay,http://www.hummingbird.ae/,45 days,5 years,British (EYFS),,,,,https://hummingbird.ae/hummingbird-nursery-difc/,,,"We are accepting children from 45 days to 3 years old. // We are accepting children from 45 days to 5 years old, with a dedicated Baby Care team and FS classes available.","British (EYFS): We follow the Early Years Foundation Stage (EYFS) curriculum, which lays the foundation for a lifetime of lear",
328 352,Dewdrops Nursery - Al Barsha | Dewdrops Nursery - JLT Cluster Y,"Al Barsha, Jumeirah Lake Towers",https://www.dewdropsnursery.com/,,,British (EYFS),KHDA,,,fees not published (ask the nursery),https://www.dewdropsnursery.com/,,https://www.dewdropsnursery.com/,,British (EYFS): Our EYFS curriculum covers all 7 areas of learning for the holistic development of the child.,We are KHDA registered for nursery with FS2 and children seamlessly get admission to schools after completing FS2 with us.
330,Blossom Al Barsha 3,Al Barsha,https://www.theblossomnursery.com/nurseries/blossom-al-barsha-3,45 days,5 years,British (EYFS); Reggio Emilia,,,,,https://www.theblossomnursery.com/nurseries/blossom-al-barsha-3,,,"Ages: 45 days to 5 years (FS2) // Purposefully designed for children aged 45 days to 5 years, our nursery & preschool is a hub of discovery, imagination, and joyful learning where natu",British (EYFS): We combine the British EYFS framework with the Reggio Emilia philosophy and the latest research in early child // Reggio Emilia: We combine the British EYFS framework with the Reggio Emilia philosophy and the latest research in early child,
331,Blossom Al Barsha 2,Al Barsha,https://www.theblossomnursery.com/locations/blossom-seashells-nursery-barsha,57 days,5 years,British (EYFS); Reggio Emilia,,,,,https://www.theblossomnursery.com/about-us,,,"Since 2009, Blossom has partnered with families throughout the UAE to give children (8 weeks to 4 years in Abu Dhabi, up to 5 years in Dubai) the stro // Child: 3-5 Years Old",British (EYFS): We combine the British EYFS framework with the Reggio Emilia philosophy and the latest research in early child // Reggio Emilia: We combine the British EYFS framework with the Reggio Emilia philosophy and the latest research in early child,
332,London & Paris International Nursery,Umm Suqeim,http://lpnursery.ae/,,,,,,,website did not load: Page.goto: net::ERR_NAME_NOT_RESOLVED at http://lpnursery.ae/,,,,,,
334,French Children's Nursery House Umm Suqeim,Al Manara,https://www.monecole.me/,14 months,6 years,Montessori; French,,,,,https://www.monecole.me/our-language-programs/,,,Age Group: 14 months to 6 years,Montessori: High Fidelity Montessori // French: 2. Bilingual En/Fr with exposure to Arabic,
339,Blossom Palm Jumeirah Nursery,Palm Jumeirah,https://www.theblossomnursery.com/nurseries/blossom-palm-jumeirah,45 days,5 years,British (EYFS); Reggio Emilia,,,,,https://www.theblossomnursery.com/nurseries/blossom-palm-jumeirah,,,"Ages: 45 days to 5 years (FS2) // Designed for families who seek the highest quality care, flexibility, and developmental support, our nursery & preschool welcomes children from 45 day",British (EYFS): We combine the British EYFS framework with the Reggio Emilia philosophy and the latest research in early child // Reggio Emilia: We combine the British EYFS framework with the Reggio Emilia philosophy and the latest research in early child,
342,Jumeirah International Nursery,Jumeirah Village Triangle,http://jinspire.com/,45 days,6 years,British (EYFS),,,,,https://jinspire.com/,,,"Jumeirah International Nurseries has been delivering outstanding early years education since 1981. We provide a holistic and inspiring British educati // Say hello to Ms. Tine Hinen Medouni, our Head of Early Years, ready to welcome little ones aged 45 days to 4 years this January 2025! 🎉",British (EYFS): #jumeirahinternationalnurseries #eyfs #britishcurriculum #almamshasharjah,
345,Maple Bear Nursery JBR,Jumeirah Beach Residence,https://www.maplebeargulfschools.com/our-location/dubai/nursery-jbr/,45 days,6 years,Canadian; French,,,,,https://www.maplebeargulfschools.com/our-curriculum/,,,Supporting holistic growth from ages 45 days to 6 years,"Canadian: The Maple Bear curriculum is written by our team of Canadian educational experts who deliver annual teacher tr // French: With English and French language program, our students are additionally enriched through locally developed Ara",
348,Dibber Jumeirah Golf Estates Nursery,Jumeirah Golf Estates,https://www.edu.dibber.com/dibber-nursery/jumeirah-golf-estates,45 days,6 years,,,,,,https://www.edu.dibber.com/dibber-nursery/jumeirah-golf-estates,,,45 days to 6 years,,
351,Step By Step Nursery - Dubailand - Dubai,Dubailand,https://stepbystepnursery.ae/location/dubailand-nursery-preschool/,,,,,,,,,,,,,
353,Fun & Play Daycare,Jumeirah Beach Residence,https://www.funandplayjbr.com/,,,Montessori,,,,,https://www.funandplayjbr.com/,,,,Montessori: The Only Childcare & Montessori Activity Centre in JBR Open All 7 Days,
355,Maple Bear Nursery - Jumeirah Golf Estates,Jumeirah Golf Estates,https://www.maplebeargulfschools.com/our-location/dubai/nursery-jumeirah-golf-estates/,45 days,6 years,Canadian; French,,,,,https://www.maplebeargulfschools.com/our-curriculum/,,,Supporting holistic growth from ages 45 days to 6 years,"Canadian: The Maple Bear curriculum is written by our team of Canadian educational experts who deliver annual teacher tr // French: With English and French language program, our students are additionally enriched through locally developed Ara",
356,Redwood Center of Excellence - Al Barsha 2,Al Barsha,https://www.redwoodcoe.com/,45 days,6 years,British (EYFS); Montessori; IB,KHDA,,,,https://www.redwoodcoe.com/,,,"Our educators treat every child as the individual they are. From 1.5 months old to 6 years old, we guide them on the journey that will set them up for // Age Groups (45 Days to 6 years)",British (EYFS): We are committed to exceeding the developmental needs of each child at every level through our unique Emergent // Montessori: Maria Montessori // IB: IB PYP accredited,"We offer a KHDA approved advanced Montessori programme. Our students are frequently enrolled in the top schools in UAE & abroad, since they are alread"
358,Masterminds Early Learning Center,Umm Suqeim,http://www.masterminds.ae/,18 months,6 years,,,72425,78000,"junior preschool to KG2, 3 terms a year",https://www.masterminds.ae/,academic year not stated,https://www.masterminds.ae/fees-customization,Preschool (Ages 1.5–3) // Designed Specifically for Ages 1.5–6,,
362,Star smiles Nursery,Jumeirah Village Circle,https://www.starsmilesnursery.ae/,45 days,5 years,British (EYFS),KHDA,,,,https://www.starsmilesnursery.ae/,,,AGES 45 DAYS - 5 YEARS // From 45 days to 5 years,"British (EYFS): A nurturing, EYFS-aligned early learning centre in JVC, Dubai — where every child's curiosity is celebrated an","KHDA Registered· JVC, Dubai"
364,Little Boots Nursery’s Program by TFA,Jumeirah Beach Residence,https://www.tfauae.com/multi-sports-nursery/,3 years,5 years,,,,,fees not published (ask the nursery),https://www.tfauae.com/,"NOT A NURSERY: football academy (TFA), switch off",https://www.tfauae.com/tfa-academy/,ELITE AGES 3-5 // Ages 3-5,,
365,Blossom Mudon Nursery Dubai,Mudon,https://www.theblossomnursery.com/nurseries/blossom-mudon-ae-01-009,45 days,5 years,British (EYFS); Reggio Emilia,,,,,https://www.theblossomnursery.com/nurseries/blossom-mudon,,,"Ages: 45 days to 5 years (FS2) // Blossom Mudon offers a warm, welcoming, and purpose-built space for children aged 45 days to 5 years, nestled within one of Dubai’s most family-orient",British (EYFS): We combine the British EYFS framework with the Reggio Emilia philosophy and the latest research in early child // Reggio Emilia: We combine the British EYFS framework with the Reggio Emilia philosophy and the latest research in early child,
367,Senses,Umm Suqeim,https://www.sensescenter.ae/,,,,,,,,,,,,,
368,Miles Of Smiles Nursery,Al Barsha,https://milesofsmiles.ae/al-barsha/,45 days,5 years,British (EYFS),KHDA,,,,https://milesofsmiles.ae/al-barsha/,,,"Our early learning center, approved by KHDA, is ideally situated amidst international schools. We offer a preschool program from 45 days up to 5 years // From 45 Days To 5 Years, We Walk Alongside Children As They Grow, Learn, And Discover The World",British (EYFS): Visit us to meet our teachers who deliver the EYFS program using a unique multilingual immersion approach in E,"Our early learning center, approved by KHDA, is ideally situated amidst international schools. We offer a preschool program from 45 days up to 5 years"
371,British Orchard Nursery - Dubai Hills,Dubai Hills Estate,https://www.britishorchardnursery.com/,45 days,5 years,British (EYFS),KHDA,,,,https://britishorchardnursery.com/,,,We accept children from 45 days to 5 years old,"British (EYFS): Foundation Stage focuses on EYFS structured learning, school readiness, languages, STEM, and critical thinking",Her leadership capabilities allow work in close liaison with MOE/KHDA and ensure BON is fully compliant with all requirements.Ms.
372,Potential Nursery,Al Manara,https://potentielnursery.com/,,,,,,,website did not load: Page.goto: net::ERR_NAME_NOT_RESOLVED at https://potentielnursery.com/,,,,,,
374,Gardenia Nursery,Jumeirah,http://www.gardenianursery.ae/,45 days,5.9 years,British (EYFS); Reggio Emilia,,,,,https://gardenianursery.ae/,corrected by hand,,Toddler class from 19 month to 2.5 years old // Foundation stage 1 –Section A- FS1 FROM 3.1 Years to 4 years old,British (EYFS): EYFS // Reggio Emilia: Gardenia Nursery-ECC implements the fundamental principles of learning approach by Reggio Emilon.,
375,Mouse House Nursery,Umm Suqeim,https://mousehouse.ae/,,,,KHDA,,,,,,,,,"и английском языках, одобренный KHDA*."
376,Unicorn Universe Nursery,Dubai Marina,http://www.unicorn.study/,,,British (EYFS),,,,,https://www.unicorn.study/,,,,"British (EYFS): British national curriculum EYFS в сочетании с Монтессори подходом для детей от 1,5 лет",
381,Dibber Al Barsha South,Al Barsha South,https://www.edu.dibber.com/dibber-nursery/al-barsha-south-2,45 days,6 years,,,,,,https://www.edu.dibber.com/dibber-nursery/al-barsha-south,,,45 days to 6 years,,
384,Miles of Smiles Nursery,Dubailand,https://milesofsmiles.ae/,45 days,5 years,British (EYFS),,,,,https://milesofsmiles.ae/curriculum/,,,"From 45 Days To 5 Years, We Walk Alongside Children As They Grow, Learn, And Discover The World","British (EYFS): Miles Of Smiles includes a number of multilingual nurseries and preschools in the United Arab Emirates, offeri",
387,Spark and Grow Early Learning Center,Barsha Heights,https://www.sparkandgrow.ae/,,,British (EYFS),,,,,https://sparkandgrow.ae/,,,,British (EYFS): 2. British EYFS Curriculum,
389,Giggles and More Nursery,Jumeirah Lake Towers,https://www.gigglesandmorenursery.com/,45 days,5 years,British (EYFS),KHDA,,,,https://www.gigglesandmorenursery.com/,corrected by hand,,"Guided by the Early Years Foundation Stage (EYFS) framework, we provide a rich, play-based curriculum where children aged 3 to 5 years explore, imagin",British (EYFS): We follow EYFS framework (British curriculum) in our nursery for children from 45 days to age 5.,The safety and well-being of every child is our highest priority. Our nursery follows the safety guidelines set by the KHDA and relevant local authori
390,Alif Ya Nursery - Al Barsha,Al Barsha South,https://www.alifyanursery.ae/en/our-branches/al-barsha/,,,Montessori; American,,,,,https://www.alifyanursery.ae/en/our-branches/al-barsha/,,,,"Montessori: Our approach to early learning is built around hands-on exploration and meaningful experiences. We incorporate // American: At our Al Barsha branch, we follow the Creative Curriculum, thoughtfully designed to support early literacy an",
391,Terra Kids Nursery Marina Branch,Dubai Marina,https://terrakids.ae/,,,,KHDA,,,,,,,,,Центр раннего развития с лицензией KHDA · Дубай Марина
394,Treetops Nursery IMPZ,Dubai Production City,https://www.treetopsecc.com/,,,,,,,,,,,,,
396,Dovecote Nursery,Al Barsha South,http://www.dovecotenursery.org/,1 year,3 years,British (EYFS),,36225,44100,"3-5 days a week; AED 12,075-14,700 a term",https://dovecotenursery.org/join-us/admissions/,corrected by hand,https://dovecotenursery.org/join-us/fees/,We accept children from the age of 12 months to 3 years old.,Waldorf / Steiner: Liechtensteiner,
399 412,Gummy Bear Nursery IMPZ | Gummy Bear Nursery JLT,"Dubai Production City, Jumeirah Lake Towers",https://www.gummybearnursery.ae/,,,British (EYFS),,,,,https://gummybearnursery.ae/,,,,British (EYFS): #1 British EYFS Curriculum Nursery | Play-Based Learning | Safe & Nurturing Environment,
400,AIS Nursery,Arjan,https://www.aisdubai.ae/academic/nursery,,,,,,,,,,,,,
401,Building Blocks Nursery,Motor City,http://www.building-blocks.ae/,,,,,,,website did not load: Page.goto: Timeout 30000ms exceeded.,,,,,,
402,Blossom Serena Nursery Dubai,The Sustainable City,https://www.theblossomnursery.com/nurseries/blossom-serena-ae-01-023,45 days,4 years,British (EYFS); Reggio Emilia,,,,,https://www.theblossomnursery.com/nurseries/blossom-serena-ae-01-023,corrected by hand,,"Ages: 45 days to 4 years (FS1) // Welcoming children from 45 days to 4 years old, our center supports each child’s natural development in a warm, nature-inspired setting.",British (EYFS): We combine the British EYFS framework with the Reggio Emilia philosophy and the latest research in early child // Reggio Emilia: We combine the British EYFS framework with the Reggio Emilia philosophy and the latest research in early child,
404,Blossom Arabian Ranches 2 Nursery,Arabian Ranches,https://www.theblossomnursery.com/nurseries/blossom-arabian-ranches-2-elc,45 days,3 years,British (EYFS); Reggio Emilia,,,,,https://www.theblossomnursery.com/nurseries/blossom-arabian-ranches-2-elc,corrected by hand,,"Ages: 45 days to 3 years // Blossom Arabian Ranches 2 provides high-quality, home-like early education for children aged 45 days to 3 years, right in the heart of one of Dubai’s ",British (EYFS): We combine the British EYFS framework with the Reggio Emilia philosophy and the latest research in early child // Reggio Emilia: We combine the British EYFS framework with the Reggio Emilia philosophy and the latest research in early child,
405,Dibber The Sustainable City Nursery,The Sustainable City,https://www.edu.dibber.com/dibber-nursery/the-sustainable-city,45 days,6 years,,,,,,https://www.edu.dibber.com/dibber-nursery/the-sustainable-city,,,45 days to 6 years,,
407,Heguru Right Brain Education Dubai,Motor City,http://www.hegurudxb.ae/,,,,,,,,,,,,,
408,Maple Bear Nursery Town Square,Town Square,https://www.maplebeargulfschools.com/our-location/dubai/nursery-town-square/,45 days,6 years,Canadian; French,,,,,https://www.maplebeargulfschools.com/our-curriculum/,,,Supporting holistic growth from ages 45 days to 6 years,"Canadian: The Maple Bear curriculum is written by our team of Canadian educational experts who deliver annual teacher tr // French: With English and French language program, our students are additionally enriched through locally developed Ara",
409,Crea Kids Børnehave,The Sustainable City,http://creakids.ae/,,,,,,,,,,,,,
411,Babysitting Dubai,Jumeirah Lake Towers,https://babysittingdubai.com/services/,,,,,,,website did not load: Page.goto: net::ERR_NAME_NOT_RESOLVED at https://babysittingdubai.com/services/,,,,,,
413,Babilou Investment,DIFC,https://babilou-family.com/en/our-locations-in-the-united-arab-emirates,,,British (EYFS),,,,,https://babilou-family.com/en/our-locations-in-the-united-arab-emirates,,,,British (EYFS): We offer an enriched developmental journey through a modern British curriculum (EYFS) based on 4 key dimension,
414,SGS Nursery,Nad Al Sheba,https://www.sgsnursery.com/,,,,,,,,,,,,,
415,Maple Bear Nursery Meydan - Nad Al Sheba Gardens,Nad Al Sheba,https://www.maplebeargulfschools.com/our-location/dubai/nursery-meydan/,45 days,6 years,Canadian; French,,,,,https://www.maplebeargulfschools.com/our-curriculum/,,,Supporting holistic growth from ages 45 days to 6 years,"Canadian: Our inquiry-based Canadian curriculum fosters curiosity, independence, and a love for learning from an early a // French: With English and French language program, our students are additionally enriched through locally developed Ara",
416,Crayons Nursery,Nad Al Sheba,https://crayonsnursery.ae/,45 days,5 years,British (EYFS),KHDA,,,,https://crayonsnursery.ae/,,,"Welcomes children from 45 days to 5 years, offering a nurturing environment focused on holistic early childhood development. // We welcome children from as young as 45 days old up to 5 years of age across our Babies, Toddlers, Preschool, FS1 and FS2 programmes.","British (EYFS): British EYFS Nursery in Meydan, Nad Al Sheba",Is Crayons Nursery KHDA approved?
418,Winsome Tots Nursery,Dubai Silicon Oasis,https://winsometotsnursery.com/,45 days,5 years,British (EYFS); Montessori,,,,,https://winsometotsnursery.com/,,,"Experience the best Montessori nursery in Dubai with EYFS-based early learning for children aged 45 days to 5 years, offering safe care, qualified edu // Winsome Tots Nursery | EYFS Nursery in Dubai Silicon Oasis | Accepting children from 45 days to 5 years",British (EYFS): Experience the best Montessori nursery in Dubai with EYFS-based early learning for children aged 45 days to 5  // Montessori: Experience the best Montessori nursery in Dubai with EYFS-based early learning for children aged 45 days to 5 ,
420,Blossom Silicon Oasis,Dubai Silicon Oasis,https://www.theblossomnursery.com/nurseries/blossom-academic-city-2-zu,45 days,5 years,British (EYFS); Reggio Emilia,,,,,https://www.theblossomnursery.com/nurseries/blossom-academic-city-2-zu,,,"Ages: 45 days to 5 years (FS2) // Perfect for families living in Dubai Silicon Oasis (DSO), Academic City, or International City, our nursery & preschool supports children aged 45 days",British (EYFS): We combine the British EYFS framework with the Reggio Emilia philosophy and the latest research in early child // Reggio Emilia: We combine the British EYFS framework with the Reggio Emilia philosophy and the latest research in early child,
423,Shining Stars Nursery Dubai,Damac Hills,http://www.shiningstarsecc.com/,,,British (EYFS),KHDA,,,,https://shiningstarsecc.com/curriculum/,,,,"British (EYFS): As a British owned early childhood centre, Shining Stars adheres to the standards and framework set by the Bri","*Islamic observance, actual dates to be confirmed (subject to KHDA approval)"
424,Dibber Damac Hills Mudon Nursery,Mudon,https://www.edu.dibber.com/dibber-nursery/damac-hills,45 days,6 years,,,,,,https://www.edu.dibber.com/dibber-nursery/damac-hills,,,45 days to 6 years,,
425,Blossom Arabian Ranches Souk,Arabian Ranches,https://www.theblossomnursery.com/nurseries/blossom-arabian-ranches-souk,2 years,5 years,British (EYFS); Reggio Emilia,,,,,https://www.theblossomnursery.com/nurseries/blossom-arabian-ranches-souk,corrected by hand,,"Since 2009, Blossom has partnered with families throughout the UAE to give children (8 weeks to 4 years in Abu Dhabi, up to 5 years in Dubai) the stro // Ages: 2 years to 5 years (FS2)",British (EYFS): We combine the British EYFS framework with the Reggio Emilia philosophy and the latest research in early child // Reggio Emilia: We combine the British EYFS framework with the Reggio Emilia philosophy and the latest research in early child,
426,Blossom Damac Hills,Damac Hills,https://www.theblossomnursery.com/nurseries/blossom-damac-hills,45 days,4 years,British (EYFS); Reggio Emilia,,,,,https://www.theblossomnursery.com/nurseries/blossom-damac-hills,corrected by hand,,Ages: 45 days to 4 years (FS1) // Ages 45 Days to 4 Years,British (EYFS): We combine the British EYFS framework with the Reggio Emilia philosophy and the latest research in early child // Reggio Emilia: We combine the British EYFS framework with the Reggio Emilia philosophy and the latest research in early child,
427,Little Diamond Nursery The Gardens - Nursery in The Gardens,Discovery Gardens,https://www.littlediamondnursery.ae/branches/nursery-in-the-gardens,45 days,5 years,British (EYFS),,,,,https://www.littlediamondnursery.ae/faqs/,,,"Hello Parents, thanks for reaching out to us. Little Diamond Nursery welcomes children from 45 days up to 5 years old, providing age-appropriate care ","British (EYFS): As a leading British nursery in Discovery Gardens, we follow the British EYFS curriculum, tailored to meet the",
430,Family and Friends Nursery,Jumeirah Beach Residence,https://funplaynursery.com/,,,Montessori,,,,,https://www.funandplayjbr.com/,,,,Montessori: The Only Childcare & Montessori Activity Centre in JBR Open All 7 Days,
432,Junior Genius,Al Furjan,https://juniorgenius.ae/,2 years,6 years,,KHDA,,,,https://juniorgenius.ae/,,,EARLY CHILDHOOD LEARNING · AGES 2–6 // ✨ Ages 2–6,,🏛️ Licensed & KHDA Approved
435 439 444 445,Redwood Montessori Nursery | Redwood Montessori Nursery - Al Furjan | Redwood Montessori Nursery - Jumeirah Golf Estates | Redwood Montessori Nursery - Tilal Al Ghaf,"Dubai Sports City, Jebel Ali, Jumeirah Golf Estates",https://www.theredwoodnursery.com/,3 months,6 years,Montessori,KHDA,,,,https://www.theredwoodnursery.com/,,,Age Groups (3 months to 6 years),"Montessori: From the founders of Google and Amazon to Nobel Prize winners, many of the world’s great minds began in a Mont",We offer a KHDA approved advanced Montessori programme. Redwood students are frequently enrolled in the top schools in UAE & abroad. Our approach mean
438,Bloom Bright Nursery LLC,Dubai Investment Park,https://www.bloombrightnursery.ae/,,,,,,,website did not load: Page.goto: net::ERR_NAME_NOT_RESOLVED at https://www.bloombrightnursery.ae/,,,,,,
440,Victory Heights Nursery,Dubai Production City,https://thevhnursery.com/,45 days,3 years,,KHDA,,,,https://thevhnursery.com/why-choose-us,ages may be one class only,,"We cater to children from as young as 45 days up to 3 years old, providing a safe, nurturing, and engaging environment where little ones can thrive.",,CATEGORY KHDA APPROVED FEE 15 WEEKS 14 WEEKS 12 WEEKS
441,"ECC Little Scholar Nursery, Dubai Investment Park",Dubai Investment Park,http://www.littlescholarnursery.com/,,,,,,,website did not load: Page.goto: net::ERR_NAME_NOT_RESOLVED at http://www.littlescholarnursery.com/,,,,,,
443,Savvy Juniors Nursery,Dubai Sports City,https://savvyjuniors.ae/,,,,,,,,,,,,,
447,Ranches Nursery,Arabian Ranches,https://www.rpsdubai.com/ranches-nursery/our-nursery,18 months,3 years,British (EYFS),KHDA,47250,,"18 months-3 years, 5 days a week, 2026-27",https://www.rpsdubai.com/nursery/,corrected by hand,https://www.rpsdubai.com/school-fees/,"Ranches Nursery is a family-oriented nursery, adjacent to Ranches Primary School. We provide a safe and stimulating environment for young children age","British (EYFS): Our nursery curriculum is based on the Early Years Foundation Stage (EYFS), a comprehensive framework designed // Waldorf / Steiner: Liechtensteiner","We welcome children from age three, once they are toilet trained. Year group placement aligns with the required admissions age thresholds for new stud"
448,Akoya Nursery,Damac Hills,https://www.damacproperties.com/en,,,,,,,,,,,,,
451,Shining Stars Nursery - Dubai South,Dubai South,https://shiningstarsecc.com/,,,British (EYFS),KHDA,,,,https://shiningstarsecc.com/curriculum/,,,,"British (EYFS): As a British owned early childhood centre, Shining Stars adheres to the standards and framework set by the Bri","*Islamic observance, actual dates to be confirmed (subject to KHDA approval)"
452,A Step Above Edutainment Area,Dubai South,https://astepabove.ae/,,,,,,,,,,,,,
456,Goldilocks Kids Day Care,Dubailand,http://goldilocksdaycare.com/,,,,,,,,,,,,,
460,Mom Hadan,Dubailand,http://www.momhadan.com/,,,,,,,website did not load: Page.goto: net::ERR_NAME_NOT_RESOLVED at http://www.momhadan.com/,,,,,,
461,Maple Bear Nursery The Valley,,https://www.maplebeargulfschools.com/our-location/dubai/nursery-the-valley/,45 days,6 years,Canadian; French,,,,,https://www.maplebeargulfschools.com/our-curriculum/,,,Supporting holistic growth from ages 45 days to 6 years,"Canadian: The Maple Bear curriculum is written by our team of Canadian educational experts who deliver annual teacher tr // French: With English and French language program, our students are additionally enriched through locally developed Ara",
462 471,Toddlers International Nursery Majan Branch,"Al Safa, Dubailand",https://toddlersintlnursery.com/,,,,,,,website did not load: Page.goto: net::ERR_NAME_NOT_RESOLVED at https://toddlersintlnursery.com/,,,,,,
464,Small World Nursery (Liwan),Dubailand,https://www.smallworldnurseries.com/,,,,,,,website did not load: Page.goto: Timeout 30000ms exceeded.,,,,,,
472,Al Fajr Nursery,Al Mamzar,https://www.alfajrnursery.com/,,,,,,,website did not load: Page.goto: net::ERR_NAME_NOT_RESOLVED at https://www.alfajrnursery.com/,,,,,,
