id,decision,reason_or_question,name,new_name,listing_type,google_category,area,sub_area,rating,reviews,phone,email,other_emails_on_site,website,google_maps,ages_from,ages_to,curriculum,licensed_by,evidence_ages,evidence_curriculum,evidence_licence,details_source,notes
955,keep,"home babysitting / day care, 3 reviews",Baby sitting day care,,daycare,Day care center,Abu Shagara,,4.7,3,+971 55 547 2743,,,,"https://www.google.com/maps/place/Baby+sitting+day+care/@25.3375878,55.3935829,17z/data=!3m1!4b1!4m6!3m5!1s0x3e5f5b900d1f4b8d:0xab37ae3d6cd71d57!8m2!3d25.3375878!4d55.3935829!16s%2Fg%2F11l5ssn3b4?authuser=0&hl=en&entry=ttu&g_ep=EgoyMDI2MTAwNC4wIKXMDSoASAFQAw%3D%3D",,,,,,,,,
993,remove,"website is Victoria English School (K-12, British, to A Level) - a school's nursery: in scope?",VICTORIA ENGLISH NURSERY,,preschool,Nursery school,Al Azra,,5,6,+971 6 522 6034,admin@ves.ae,,http://www.victoriaenglishschools.com/,"https://www.google.com/maps/place/VICTORIA+ENGLISH+NURSERY/@25.36378,55.4367216,17z/data=!3m1!4b1!4m6!3m5!1s0x3e5f5999e153655f:0x62d04b1d492c39a9!8m2!3d25.36378!4d55.4367216!16s%2Fg%2F11rff9hcvq?authuser=0&hl=en&entry=ttu&g_ep=EgoyMDI2MTAwNC4wIKXMDSoASAFQAw%3D%3D",,,British (EYFS),,,We are a British Curriculum school,,http://www.victoriaenglishschools.com/,
953,remove,"'Daycare and babysitting', 1 review",Daycare and babysitting,,daycare,Day care center,Al Jazzat,,5,1,+971 56 367 0723,,,,"https://www.google.com/maps/place/Daycare+and+babysitting/@25.3407611,55.3927365,17z/data=!3m1!4b1!4m6!3m5!1s0x3e5f5b0045a5c7c1:0x21165cff47dc7605!8m2!3d25.3407611!4d55.3927365!16s%2Fg%2F11yvg7sqvf?authuser=0&hl=en&entry=ttu&g_ep=EgoyMDI2MTAwNC4wIKXMDSoASAFQAw%3D%3D",,,,,,,,,
966,keep,"'Little Ones baby Sitting', 5 reviews - home babysitting?",Little Ones baby Sitting,,daycare,Day care center,Al Manakh,,5,5,,,,,"https://www.google.com/maps/place/Little+Ones+baby+Sitting/@25.351926,55.4010217,17z/data=!3m1!4b1!4m6!3m5!1s0x3e5f5bf51993bacd:0xe0c844267a26d9ea!8m2!3d25.351926!4d55.4010217!16s%2Fg%2F11ygpsxpvq?authuser=0&hl=en&entry=ttu&g_ep=EgoyMDI2MTAwNC4wIKXMDSoASAFQAw%3D%3D",,,,,,,,,
926,keep,"'BABY SHARK DAY CARE, BABYSITTING, NURSERY AND PRESCHOOL', 53 reviews - babysitting or a real nursery?","BABY SHARK DAY CARE , BABYSITTING , NURSERY AND PRESCHOOL",,daycare,Day care center,Al Nabba,,4.9,53,+971 58 924 0309,,,,"https://www.google.com/maps/place/BABY+SHARK+DAY+CARE+,+BABYSITTING+,+NURSERY+AND+PRESCHOOL/@25.3650396,55.3942498,17z/data=!3m1!4b1!4m6!3m5!1s0x294e79c8e95125cb:0x1d67da920effa974!8m2!3d25.3650396!4d55.3942498!16s%2Fg%2F11wb063cx6?authuser=0&hl=en&entry=ttu&g_ep=EgoyMDI2MTAwNC4wIKXMDSoASAFQAw%3D%3D",,,,,,,,,
1023,remove,"babysitting + tuition for students, 5 reviews","Baby Sitting(all students and baby day care,with tution,and activities )",,daycare,Kindergarten,Al Nabba,,3,5,+971 50 863 8026,,,,"https://www.google.com/maps/place/Baby+Sitting(all+students+and+baby+day+care,with+tution,and+activities+)/@25.3648932,55.3952189,17z/data=!3m1!4b1!4m6!3m5!1s0x3e5f5bf5fc3d7ec9:0xe25964b033a1372f!8m2!3d25.3648932!4d55.3952189!16s%2Fg%2F11thsn1bp9?authuser=0&hl=en&entry=ttu&g_ep=EgoyMDI2MTAwNC4wIKXMDSoASAFQAw%3D%3D",,,,,,,,,
1010,keep,"'SanZ baby sitting', 13 reviews - home babysitting?",SanZ baby sitting,,daycare,Day care center,Al Nabba,,4.1,13,+971 55 528 6200,,,,"https://www.google.com/maps/place/SanZ+baby+sitting/@25.3669479,55.398953,17z/data=!3m1!4b1!4m6!3m5!1s0x3e5f5b9be8a1f9d3:0xd10dc0be8380e9bd!8m2!3d25.3669479!4d55.398953!16s%2Fg%2F11y1r0pnf7?authuser=0&hl=en&entry=ttu&g_ep=EgoyMDI2MTAwNC4wIKXMDSoASAFQAw%3D%3D",,,,,,,,,
1071,remove,"home babysitting (website is WhatsApp only), no reviews",Baby sitting Al Nahda Sharjah,,daycare,Day care center,Al Nahda,,,0,+971 58 665 1573,,,https://wa.me/message/TJ3CGMYWS5CQD1,"https://www.google.com/maps/place/Baby+sitting+Al+Nahda+Sharjah/@25.3032324,55.3744132,15z/data=!3m1!4b1!4m6!3m5!1s0xa47ea4e1afc08ed1:0x24e31a98f94d3212!8m2!3d25.3032324!4d55.3744132!16s%2Fg%2F11w4xcs8nw?authuser=0&hl=en&entry=ttu&g_ep=EgoyMDI2MTAwNC4wIKXMDSoASAFQAw%3D%3D",,,,,,,,,
969,keep,'Kids World' is now Roots Montessori (Dubai branches); no reviews on Google - is there still a Sharjah (Al Nahda) branch?,Kids World Al Nahda,,preschool,Montessori school,Al Nahda,,,0,+971 6 525 9521,info@rootsmontessori.uae,info@kidsworlduae.com,http://kidsworlduae.com/,"https://www.google.com/maps/place/Kids+World+Al+Nahda/@25.2986003,55.3770322,17z/data=!3m1!4b1!4m6!3m5!1s0x3e5f5c724c1e602d:0xed62c7c545401c7c!8m2!3d25.2986003!4d55.3770322!16s%2Fg%2F11bbwr9dw3?authuser=0&hl=en&entry=ttu&g_ep=EgoyMDI2MTAwNC4wIKXMDSoASAFQAw%3D%3D",,,Montessori; Reggio Emilia; Waldorf / Steiner; Forest school,,,"the curriculum combines Montessori, Reggio Emilia, Waldorf, and Forest School philosophies",,http://kidsworlduae.com/,
954,remove,'petvin' - 1 review; the name sounds like a pet business,petvin,,daycare,Day care center,Al Nahda,,5,1,+971 58 903 5642,,,,"https://www.google.com/maps/place/petvin/@25.3019448,55.3761806,17z/data=!3m1!4b1!4m6!3m5!1s0x3e5f5d538a713c33:0xfb75ca675e510e19!8m2!3d25.3019448!4d55.3761806!16s%2Fg%2F11n3wy0spv?authuser=0&hl=en&entry=ttu&g_ep=EgoyMDI2MTAwNC4wIKXMDSoASAFQAw%3D%3D",,,,,,,,,
951,keep,"'Training Center' in the name (31 reviews) - training-centre licence, like the skills centres?",Shining Stars Training Center,,preschool,Nursery school,Al Nahda,,4.9,31,+971 50 535 7003,shiningstarstrainingcenter@gmail.com,,https://shiningstarstraining.com/,"https://www.google.com/maps/place/Shining+Stars+Training+Center/@25.3001706,55.3804315,17z/data=!3m1!4b1!4m6!3m5!1s0xa320992ce0becd97:0xacbd7caab26fff9e!8m2!3d25.3001706!4d55.3804315!16s%2Fg%2F11tfbsdn5p?authuser=0&hl=en&entry=ttu&g_ep=EgoyMDI2MTAwNC4wIKXMDSoASAFQAw%3D%3D",,,,,,,,https://shiningstarstraining.com/,"site: 'Shining Star Institute' - daycare and tuition, run by teachers"
1056,keep,"home daycare (AED 400 a month), no reviews on Google - a home daycare like the babysitters?",Cuddle and Crawl,,daycare,Day care center,Al Sharq,,,0,+971 50 827 2746,zee.mustan@gmail.com,,https://cuddleandcrawl.com/,"https://www.google.com/maps/place/Cuddle+and+Crawl/@25.3769043,55.3998873,17z/data=!3m1!4b1!4m6!3m5!1s0x3e5f5bfa63a25915:0x3f0a423a0a2b0f28!8m2!3d25.3769043!4d55.3998873!16s%2Fg%2F11yxnvx_2r?authuser=0&hl=en&entry=ttu&g_ep=EgoyMDI2MTAwNC4wIKXMDSoASAFQAw%3D%3D",1 years,4 years,,,early childhood care for toddlers and infants aged 1-4 years,,,https://cuddleandcrawl.com/,'the best affordable home daycare in Al Qulayaa'
1009,keep,"'Fahmida Babysitting' - a person's babysitting, 1 review",Fahmida Babysitting,,daycare,Day care center,Al Shuwaihean,,5,1,+971 54 487 4406,,,,"https://www.google.com/maps/place/Fahmida+Babysitting/@25.3608111,55.3878144,17z/data=!3m1!4b1!4m6!3m5!1s0x3e5f5bd4a28ccc6b:0x5ba40db361a8bd1!8m2!3d25.3608111!4d55.3878144!16s%2Fg%2F11x0zdjxlg?authuser=0&hl=en&entry=ttu&g_ep=EgoyMDI2MTAwNC4wIKXMDSoASAFQAw%3D%3D",,,,,,,,,
934,remove,"Google name is just 'Nursery' (Al Taawun, 32 reviews) - a real nursery whose name we don't know",Nursery,,preschool,Education center,Al Taawun,,4.9,32,,,,,"https://www.google.com/maps/place/Nursery/@25.3023269,55.3647082,17z/data=!3m1!4b1!4m6!3m5!1s0x3e5f5ddd21682b49:0xa9a09c788246fff8!8m2!3d25.3023269!4d55.3647082!16s%2Fg%2F11tdnmp0z3?authuser=0&hl=en&entry=ttu&g_ep=EgoyMDI2MTAwNC4wIKXMDSoASAFQAw%3D%3D",,,,,,,,,
998,remove,"'Training Center' in the name - training-centre licence, like the skills centres?",Al Mahd Training Center,,preschool,Preschool,Muwaileh,,4.7,15,+971 56 869 9775,,,https://www.almahdtrainingcenter.com/,"https://www.google.com/maps/place/Al+Mahd+Training+Center/@25.29007,55.4464641,17z/data=!3m1!4b1!4m6!3m5!1s0x3e5f594f1e17a257:0x45d99ef713020814!8m2!3d25.29007!4d55.4464641!16s%2Fg%2F11v00fkdy3?authuser=0&hl=en&entry=ttu&g_ep=EgoyMDI2MTAwNC4wIKXMDSoASAFQAw%3D%3D",,,,,,,,,
947,keep,"'Training Centre' in the name - training-centre licence, like the skills centres?",Al Zahi Training Centre,,preschool,Nursery school,Muwaileh,,4.6,38,+971 55 773 6212,,,https://sites.google.com/view/al-zahi-training-centre/home?authuser=2,"https://www.google.com/maps/place/Al+Zahi+Training+Centre/@25.2859799,55.4548303,17z/data=!3m1!4b1!4m6!3m5!1s0x3e5f5fceb9c070bb:0x7c461e7786c8ac90!8m2!3d25.2859799!4d55.4548303!16s%2Fg%2F11nlc0cfbd?authuser=0&hl=en&entry=ttu&g_ep=EgoyMDI2MTAwNC4wIKXMDSoASAFQAw%3D%3D",,,,,,,,,
1078,keep,"'BABY MOON BABY SITTING', 2 reviews",BABY MOON BABY SITTING,,daycare,Day care center,Muwaileh,,5,2,+971 56 832 3773,,,,"https://www.google.com/maps/place/BABY+MOON+BABY+SITTING/@25.3049048,55.4451225,17z/data=!3m1!4b1!4m6!3m5!1s0x3e5f5f2bd282697b:0x70c41cfcfb465c40!8m2!3d25.3049048!4d55.4451225!16s%2Fg%2F11ymj_1cfd?authuser=0&hl=en&entry=ttu&g_ep=EgoyMDI2MTAwNC4wIKXMDSoASAFQAw%3D%3D",,,,,,,,,
1063,keep,"'Centre house', 4 reviews - unclear what it is [user 2026-10-08: keep, rename to Alma’s Day Care]",Centre house,Alma’s Day Care,daycare,Day care center,Muwaileh,,5,4,,,,,"https://www.google.com/maps/place/Centre+house/@25.2852873,55.4544194,17z/data=!3m1!4b1!4m6!3m5!1s0x3e5f5f2621a022af:0xbe50b6d312324cbd!8m2!3d25.2852873!4d55.4544194!16s%2Fg%2F11y73v4hbr?authuser=0&hl=en&entry=ttu&g_ep=EgoyMDI2MTAwNC4wIKXMDSoASAFQAw%3D%3D",,,,,,,,,
1069,keep,KG section of a school (ISCS) - part of a school,Kindergarten Section - ISCS Muwaileh,,preschool,Preschool,Muwaileh,,4.5,2,+971 6 513 6800,info@iscs.sch.ae,,https://iscs.sch.ae/sharjah-muwaileh,"https://www.google.com/maps/place/Kindergarten+Section+-+ISCS+Muwaileh/@25.3003125,55.4516875,17z/data=!3m1!4b1!4m6!3m5!1s0x3e5f5f4116a32b9d:0xa54f80f355124a67!8m2!3d25.3003125!4d55.4516875!16s%2Fg%2F11jcc9m4xt?authuser=0&hl=en&entry=ttu&g_ep=EgoyMDI2MTAwNC4wIKXMDSoASAFQAw%3D%3D",,,,,,UK National Curriculum and the MOE curriculum (school),,https://iscs.sch.ae/sharjah-muwaileh,a school's KG section
1020,keep,'supportive education' - may be a special-needs / therapy centre,Little flowers supportive education,,preschool,Preschool,Muwaileh,,5,27,+971 55 556 6194,,,,"https://www.google.com/maps/place/Little+flowers+supportive+education/@25.2982794,55.4423224,17z/data=!3m1!4b1!4m6!3m5!1s0x3e5f5fa553bc0c7f:0xf93ac331fbc33953!8m2!3d25.2982794!4d55.4423224!16s%2Fg%2F11zd5722qq?authuser=0&hl=en&entry=ttu&g_ep=EgoyMDI2MTAwNC4wIKXMDSoASAFQAw%3D%3D",,,,,,,,,
1074,remove,'SDC' = Skills Development Centre - the skills-centre licence you left out?,Smart Seeds SDC,,daycare,Day care center,Muwaileh,,4.7,23,+971 50 839 0114,,,https://www.smartseedssdc.com/,"https://www.google.com/maps/place/Smart+Seeds+SDC/@25.290613,55.4494882,17z/data=!3m1!4b1!4m6!3m5!1s0x3e5f5f4e78d61c6d:0xf61ff0fd215c2755!8m2!3d25.290613!4d55.4494882!16s%2Fg%2F11lnv_vnt1?authuser=0&hl=en&entry=ttu&g_ep=EgoyMDI2MTAwNC4wIKXMDSoASAFQAw%3D%3D",,,,,,,,,
941,keep,"second 'Al Farasha Kids Nursery' - its address is an office (Damas Tower, office 249); the nursery itself is 916 in Al Sharq",Al Farasha Kids Nursery,,preschool,Nursery school,Rolla,,4.4,14,+971 55 401 9163,,,,"https://www.google.com/maps/place/Al+Farasha+Kids+Nursery/@25.3540351,55.3907567,17z/data=!3m1!4b1!4m6!3m5!1s0x3e5f5d202dd4186b:0xc2f82d6895622cff!8m2!3d25.3540351!4d55.3907567!16s%2Fg%2F11l6wdz930?authuser=0&hl=en&entry=ttu&g_ep=EgoyMDI2MTAwNC4wIKXMDSoASAFQAw%3D%3D",,,,,,,,,
946,keep,'Baby Lamb Nursery - Home-Based' - a home nursery,Baby Lamb Nursery – Home-Based | Rolla Sharjah,,preschool,Education center,Rolla,,4.3,8,+971 56 669 5246,,,,"https://www.google.com/maps/place/Baby+Lamb+Nursery+%E2%80%93+Home-Based+%7C+Rolla+Sharjah/@25.3565528,55.3882209,17z/data=!3m1!4b1!4m6!3m5!1s0x3e5f5d727688b221:0xa699361827b99541!8m2!3d25.3565528!4d55.3882209!16s%2Fg%2F11ygq_0c7_?authuser=0&hl=en&entry=ttu&g_ep=EgoyMDI2MTAwNC4wIKXMDSoASAFQAw%3D%3D",,,,,,,,,
949,keep,'kids entertainment center (Baby sitting & Day care)' - entertainment centre?,Little butterfly kids entertainment center (Baby sitting &Day care center ),,daycare,Day care center,Rolla,,4.7,22,+971 54 521 1655,,,,"https://www.google.com/maps/place/Little+butterfly+kids+entertainment+center+(Baby+sitting+%26Day+care+center+)/@25.3559979,55.3888801,17z/data=!3m1!4b1!4m6!3m5!1s0x3e5f5b00046a0d61:0xf1690e95695f8f6f!8m2!3d25.3559979!4d55.3888801!16s%2Fg%2F11xh25cxg3?authuser=0&hl=en&entry=ttu&g_ep=EgoyMDI2MTAwNC4wIKXMDSoASAFQAw%3D%3D",,,,,,,,,
1046,remove,'Centre of Excellence for Early Childhood Education' (Sharjah Education Academy) - no reviews; a nursery or a teacher-training centre?,Centre of Excellence for Early Childhood Education,,preschool,Education center,University City,,,0,+971 6 506 2222,,,https://sea.ac.ae/,"https://www.google.com/maps/place/Centre+of+Excellence+for+Early+Childhood+Education/@25.296574,55.4787158,17z/data=!3m1!4b1!4m6!3m5!1s0x3e5f5f452ec32e9b:0x365f0b0894ae6765!8m2!3d25.296574!4d55.4787158!16s%2Fg%2F11nvf0k0fv?authuser=0&hl=en&entry=ttu&g_ep=EgoyMDI2MTAwNC4wIKXMDSoASAFQAw%3D%3D",,,,,,,,,
1080,keep,nursery of a K-12 school (Australian International School Sharjah) - in scope?,Australian International Nursery,,preschool,Educational institution,,,5,1,+971 6 558 9193,info@ais.ae,"terri.catling@ais.ae, andrea.corkum@ais.ae, nat.binstead@ais.ae, michael.walkoski@ais.ae",http://www.ais.ae/,"https://www.google.com/maps/place/Australian+International+Nursery/@25.2719768,55.4762956,17z/data=!3m1!4b1!4m6!3m5!1s0x3ef58b58d570ca95:0x582d45f8f834d6c!8m2!3d25.2719768!4d55.4762956!16s%2Fg%2F11t6y65h2_?authuser=0&hl=en&entry=ttu&g_ep=EgoyMDI2MTAwNC4wIKXMDSoASAFQAw%3D%3D",,3 years,,SPEA,For ages 0-36 months,Australian Curriculum (not one of our options),All tuition fees at AIS Sharjah ... follow the fee structure approved by the Sharjah Private Education Authority (SPEA).,http://www.ais.ae/,
971,remove,"'Child Care Services' - no reviews, no website (Abu Dhabi rule)",Child Care Services,,daycare,Day care center,Abu Shagara,,,0,+971 55 192 3019,,,,"https://www.google.com/maps/place/Child+Care+Services/@25.3387398,55.393956,17z/data=!3m1!4b1!4m6!3m5!1s0x3e5f5bb693649d39:0xfe0f3a9ed45a38d2!8m2!3d25.3387398!4d55.393956!16s%2Fg%2F11wbssz4_m?authuser=0&hl=en&entry=ttu&g_ep=EgoyMDI2MTAwNC4wIKXMDSoASAFQAw%3D%3D",,,,,,,,,
967,remove,"home day care - no reviews, no website (Abu Dhabi rule)",Home Day Care,,daycare,Day care center,Abu Shagara,,,0,+971 55 893 5004,,,,"https://www.google.com/maps/place/Home+Day+Care/@25.3398791,55.3936344,17z/data=!3m1!4b1!4m6!3m5!1s0x3e5f5bbfc4bdf519:0xc8a0dac4a6e6004c!8m2!3d25.3398791!4d55.3936344!16s%2Fg%2F11y1313th_?authuser=0&hl=en&entry=ttu&g_ep=EgoyMDI2MTAwNC4wIKXMDSoASAFQAw%3D%3D",,,,,,,,,
1073,remove,"no reviews, no website (Abu Dhabi rule); name 'Briitsh curriculum nursery' looks like a placeholder",Briitsh curriculum nursery,,preschool,Kindergarten,Al Falaj,,,0,,,,,"https://www.google.com/maps/place/Briitsh+curriculum+nursery/@25.3553822,55.4389097,17z/data=!3m1!4b1!4m6!3m5!1s0x3e5f593a204f4ecd:0xa1c57a313c00a4c2!8m2!3d25.3553822!4d55.4389097!16s%2Fg%2F11qn5l8bd7?authuser=0&hl=en&entry=ttu&g_ep=EgoyMDI2MTAwNC4wIKXMDSoASAFQAw%3D%3D",,,,,,,,,
1092,remove,no reviews; its website is a domain for sale (Abu Dhabi rule),Alwafa English Nursery,,preschool,Kindergarten,Al Fayha,,,0,+971 56 794 1001,,,http://www.alwafaedu.com/,"https://www.google.com/maps/place/Alwafa+English+Nursery/@25.3599287,55.4068,17z/data=!3m1!4b1!4m6!3m5!1s0x3e5f591ebc672cd5:0x60d185274524b68e!8m2!3d25.3599287!4d55.4068!16s%2Fg%2F11jsf4yppd?authuser=0&hl=en&entry=ttu&g_ep=EgoyMDI2MTAwNC4wIKXMDSoASAFQAw%3D%3D",,,,,,,,http://www.alwafaedu.com/,
1062,remove,"no reviews, no website (Abu Dhabi rule)",English Rose Nursery,,preschool,Preschool,Al Fisht,,,0,,,,,"https://www.google.com/maps/place/English+Rose+Nursery/@25.3784712,55.4003979,17z/data=!3m1!4b1!4m6!3m5!1s0x3e5f5b1d75f48995:0x385315290e212a10!8m2!3d25.3784712!4d55.4003979!16s%2Fg%2F11h4b78vf9?authuser=0&hl=en&entry=ttu&g_ep=EgoyMDI2MTAwNC4wIKXMDSoASAFQAw%3D%3D",,,,,,,,,
1051,remove,"no reviews, no website (Abu Dhabi rule)",Preeti Little Wonder Nursery,,preschool,Nursery school,Al Ghafia,,,0,,,,,"https://www.google.com/maps/place/Preeti+Little+Wonder+Nursery/@25.3761393,55.4426302,17z/data=!3m1!4b1!4m6!3m5!1s0x3e5f59b2097b2b0d:0x16b6855a732099df!8m2!3d25.3761393!4d55.4426302!16s%2Fg%2F11c2p3tfdg?authuser=0&hl=en&entry=ttu&g_ep=EgoyMDI2MTAwNC4wIKXMDSoASAFQAw%3D%3D",,,,,,,,,
965,remove,"'MoazWork' - no reviews, no website, not a nursery name",MoazWork,,daycare,Day care center,Al Khan,,,0,,,,,"https://www.google.com/maps/place/MoazWork/@25.3186829,55.3742459,17z/data=!3m1!4b1!4m6!3m5!1s0x3e5f5b269602f5bb:0x936ff624267d44f0!8m2!3d25.3186829!4d55.3742459!16s%2Fg%2F11zxv2qcc0?authuser=0&hl=en&entry=ttu&g_ep=EgoyMDI2MTAwNC4wIKXMDSoASAFQAw%3D%3D",,,,,,,,,
933,remove,"no reviews, no website (Abu Dhabi rule)",Alayadi Nursery,,preschool,Nursery school,Al Majaz,Al Majaz 1,,0,+971 6 544 5441,,,,"https://www.google.com/maps/place/Alayadi+Nursery/@25.3444379,55.3863687,17z/data=!3m1!4b1!4m6!3m5!1s0x3e5f5bceb363d2d9:0x858096138fdc6e12!8m2!3d25.3444379!4d55.3863687!16s%2Fg%2F11cn5r0c8_?authuser=0&hl=en&entry=ttu&g_ep=EgoyMDI2MTAwNC4wIKXMDSoASAFQAw%3D%3D",,,,,,,,,
1001,remove,"no reviews, no website (Abu Dhabi rule)",Baby Steps Daycare & Nursery,,daycare,Day care center,Al Majaz,Al Majaz 1,,0,+971 58 210 9950,,,,"https://www.google.com/maps/place/Baby+Steps+Daycare+%26+Nursery/@25.3371585,55.3871718,17z/data=!3m1!4b1!4m6!3m5!1s0x3e5f5be5b3296e3b:0xd4a68f4019dbd675!8m2!3d25.3371585!4d55.3871718!16s%2Fg%2F11p1mdffm6?authuser=0&hl=en&entry=ttu&g_ep=EgoyMDI2MTAwNC4wIKXMDSoASAFQAw%3D%3D",,,,,,,,,
936,remove,"'Montessori Training Centre' - teacher training, no reviews",Montessori Training Centre,,preschool,Education center,Al Majaz,Al Majaz 3,,0,+971 55 812 3916,,,,"https://www.google.com/maps/place/Montessori+Training+Centre/@25.3375975,55.3869988,17z/data=!3m1!4b1!4m6!3m5!1s0x3e5f5b3f97a8efc9:0x180ee847cf3c52ca!8m2!3d25.3375975!4d55.3869988!16s%2Fg%2F11sz9sd7h1?authuser=0&hl=en&entry=ttu&g_ep=EgoyMDI2MTAwNC4wIKXMDSoASAFQAw%3D%3D",,,,,,,,,
970,remove,'الماسة الزرقاء لتسلية الأطفال' = Blue Diamond children's entertainment - a play centre,الماسة الزرقاء لتسلية الأطفال,,preschool,Kindergarten,Al Mamzar,,4.2,13,+971 52 430 0942,,,,"https://www.google.com/maps/place/%D8%A7%D9%84%D9%85%D8%A7%D8%B3%D8%A9+%D8%A7%D9%84%D8%B2%D8%B1%D9%82%D8%A7%D8%A1+%D9%84%D8%AA%D8%B3%D9%84%D9%8A%D8%A9+%D8%A7%D9%84%D8%A3%D8%B7%D9%81%D8%A7%D9%84%E2%80%AD/@25.3292734,55.3659941,17z/data=!3m1!4b1!4m6!3m5!1s0x3e5f5be0946013ef:0xe37c080d59f5c72d!8m2!3d25.3292734!4d55.3659941!16s%2Fg%2F11yhg_6qby?authuser=0&hl=en&entry=ttu&g_ep=EgoyMDI2MTAwNC4wIKXMDSoASAFQAw%3D%3D",,,,,,,,,
1012,remove,"babysitting + tuition - no reviews, no website (Abu Dhabi rule)",Babysitting day care center plus tuition center,,daycare,Day care center,Al Nabba,,,0,+971 55 552 3243,,,,"https://www.google.com/maps/place/Babysitting+day+care+center+plus+tuition+center/@25.3627114,55.3947214,17z/data=!3m1!4b1!4m6!3m5!1s0x3e5f5b7646767049:0xc8080babd4b21e5f!8m2!3d25.3627114!4d55.3947214!16s%2Fg%2F11ywqcp9z9?authuser=0&hl=en&entry=ttu&g_ep=EgoyMDI2MTAwNC4wIKXMDSoASAFQAw%3D%3D",,,,,,,,,
1014,remove,"babysitting + tuition - no reviews, no website (Abu Dhabi rule)",Babysitting plus after school day care and tuition center,,daycare,Day care center,Al Nabba,,,0,+971 50 772 2790,,,,"https://www.google.com/maps/place/Babysitting+plus+after+school+day+care+and+tuition+center/@25.3652815,55.3965691,17z/data=!3m1!4b1!4m6!3m5!1s0x3e5f5b7ff4940343:0x8559bfd02e7ce86c!8m2!3d25.3652815!4d55.3965691!16s%2Fg%2F11vc80g220?authuser=0&hl=en&entry=ttu&g_ep=EgoyMDI2MTAwNC4wIKXMDSoASAFQAw%3D%3D",,,,,,,,,
1070,remove,"home babysitting - no reviews, no website (Abu Dhabi rule)",BABY SITTING IN SHARJAH BEHIND ANSAR MALL,,daycare,Day care center,Al Nahda,,,0,+971 56 415 0950,,,,"https://www.google.com/maps/place/BABY+SITTING+IN+SHARJAH+BEHIND+ANSAR+MALL/@25.3041141,55.3731885,17z/data=!3m1!4b1!4m6!3m5!1s0x3e5f5d1f7fad9709:0xe6448895688721f8!8m2!3d25.3041141!4d55.3731885!16s%2Fg%2F11l5jz7gyn?authuser=0&hl=en&entry=ttu&g_ep=EgoyMDI2MTAwNC4wIKXMDSoASAFQAw%3D%3D",,,,,,,,,
960,remove,"no reviews, no website (Abu Dhabi rule)",Busy Bee Buds Daycare,,daycare,Day care center,Al Nahda,,,0,+971 58 891 3227,,,,"https://www.google.com/maps/place/Busy+Bee+Buds+Daycare/@25.3019448,55.3761806,17z/data=!3m1!4b1!4m6!3m5!1s0x3e5f5d4231a4c2fb:0xfac5f65218e133b5!8m2!3d25.3019448!4d55.3761806!16s%2Fg%2F11ysgvpm96?authuser=0&hl=en&entry=ttu&g_ep=EgoyMDI2MTAwNC4wIKXMDSoASAFQAw%3D%3D",,,,,,,,,
1058,remove,"no reviews, no website (Abu Dhabi rule)",حضانة طفلي الانجليزية,,preschool,Nursery school,Al Riqa,,,0,+971 6 522 2157,,,,"https://www.google.com/maps/place/%D8%AD%D8%B6%D8%A7%D9%86%D8%A9+%D8%B7%D9%81%D9%84%D9%8A+%D8%A7%D9%84%D8%A7%D9%86%D8%AC%D9%84%D9%8A%D8%B2%D9%8A%D8%A9%E2%80%AD/@25.369735,55.4250075,17z/data=!3m1!4b1!4m6!3m5!1s0x3e5f5998758eae27:0x2672f1d68e9308e3!8m2!3d25.369735!4d55.4250075!16s%2Fg%2F11ckkxsmt2?authuser=0&hl=en&entry=ttu&g_ep=EgoyMDI2MTAwNC4wIKXMDSoASAFQAw%3D%3D",,,,,,,,,
1049,remove,"no reviews, no website (Abu Dhabi rule)",Al Madina Al Sageera Nursery,,preschool,Nursery school,Al Sabkha,,,0,,,,,"https://www.google.com/maps/place/Al+Madina+Al+Sageera+Nursery/@25.3768176,55.43296,17z/data=!3m1!4b1!4m6!3m5!1s0x3e5f59bbb3cb2de7:0x486c8e0d7e4a21ec!8m2!3d25.3768176!4d55.43296!16s%2Fg%2F11gbk32l21?authuser=0&hl=en&entry=ttu&g_ep=EgoyMDI2MTAwNC4wIKXMDSoASAFQAw%3D%3D",,,,,,,,,
973,remove,"no reviews, no website (Abu Dhabi rule)",Al Aman Nursery,,preschool,Nursery school,Al Sharq,,,0,,,,,"https://www.google.com/maps/place/Al+Aman+Nursery/@25.3588183,55.4010498,17z/data=!3m1!4b1!4m6!3m5!1s0x3e5f5bb4a111a195:0x9534dc855b2a854e!8m2!3d25.3588183!4d55.4010498!16s%2Fg%2F11h7d79wm9?authuser=0&hl=en&entry=ttu&g_ep=EgoyMDI2MTAwNC4wIKXMDSoASAFQAw%3D%3D",,,,,,,,,
1013,remove,"'Al Farasha Dance Class' - a dance class, not a nursery",Al Farasha Dance Class,,preschool,Nursery school,Al Sharq,,,0,+971 55 401 9163,,,,"https://www.google.com/maps/place/Al+Farasha+Dance+Class/@25.3647326,55.3931023,17z/data=!3m1!4b1!4m6!3m5!1s0x3e5f5bac423ff88f:0x4545aa3de8372299!8m2!3d25.3647326!4d55.3931023!16s%2Fg%2F11n3lhj202?authuser=0&hl=en&entry=ttu&g_ep=EgoyMDI2MTAwNC4wIKXMDSoASAFQAw%3D%3D",,,,,,,,,
1008,remove,"home daycare - no reviews, no website (Abu Dhabi rule)",Home Daycare – Butina Sharjah,,daycare,Day care center,Buteena,,,0,+971 52 375 3958,,,,"https://www.google.com/maps/place/Home+Daycare+%E2%80%93+Butina+Sharjah/@25.3715711,55.4044775,17z/data=!3m1!4b1!4m6!3m5!1s0x3e5f598a8f797e39:0xebecb37ca02e4b72!8m2!3d25.3715711!4d55.4044775!16s%2Fg%2F11zxyyh9m7?authuser=0&hl=en&entry=ttu&g_ep=EgoyMDI2MTAwNC4wIKXMDSoASAFQAw%3D%3D",,,,,,,,,
1011,remove,"no reviews, no website (Abu Dhabi rule)",Kiddie mente Daycare,,daycare,Kindergarten,Buteena,,,0,+971 58 190 8094,,,,"https://www.google.com/maps/place/Kiddie+mente+Daycare/@25.3724658,55.4026629,17z/data=!3m1!4b1!4m6!3m5!1s0x89faa3f6a8004d71:0xee527bed64aa1f76!8m2!3d25.3724658!4d55.4026629!16s%2Fg%2F11zx17mqff?authuser=0&hl=en&entry=ttu&g_ep=EgoyMDI2MTAwNC4wIKXMDSoASAFQAw%3D%3D",,,,,,,,,
1084,remove,"no reviews, no website (Abu Dhabi rule)",Al Mauhiba pre school,,preschool,Preschool,Muwaileh,,,0,+971 6 543 5141,,,,"https://www.google.com/maps/place/Al+Mauhiba+pre+school/@25.292906,55.444026,17z/data=!3m1!4b1!4m6!3m5!1s0x3e5f5fc2a1bd6ccb:0x9a6fd69a616c7454!8m2!3d25.292906!4d55.444026!16s%2Fg%2F11fmzrjg67?authuser=0&hl=en&entry=ttu&g_ep=EgoyMDI2MTAwNC4wIKXMDSoASAFQAw%3D%3D",,,,,,,,,
1081,remove,"no reviews, no website (Abu Dhabi rule)",Maharathy And Talents nurseries,,preschool,Nursery school,Muwaileh,,,0,,,,,"https://www.google.com/maps/place/Maharathy+And+Talents+nurseries/@25.2875497,55.4512998,17z/data=!3m1!4b1!4m6!3m5!1s0x3e5f5f00e00b1fe9:0x34720b3fcaa31f0a!8m2!3d25.2875497!4d55.4512998!16s%2Fg%2F11g9nh7hl5?authuser=0&hl=en&entry=ttu&g_ep=EgoyMDI2MTAwNC4wIKXMDSoASAFQAw%3D%3D",,,,,,,,,
1015,remove,"'Salman Haidari' - a person's name, no reviews, no website",Salman Haidari,,daycare,Day care center,,,,0,+971 55 965 1886,,,,"https://www.google.com/maps/place/Salman+Haidari/@25.3134598,55.418981,17z/data=!3m1!4b1!4m6!3m5!1s0x3e5f5996715d5673:0x11c21093f41e3853!8m2!3d25.3134598!4d55.418981!16s%2Fg%2F11lc_703f_?authuser=0&hl=en&entry=ttu&g_ep=EgoyMDI2MTAwNC4wIKXMDSoASAFQAw%3D%3D",,,,,,,,,
964,keep,,"Baby Steps Nursery, Sharjah",,preschool,Nursery school,Abu Shagara,,5,4,+971 50 996 0231,,,,"https://www.google.com/maps/place/Baby+Steps+Nursery,+Sharjah/@25.3313039,55.3822944,14z/data=!3m1!4b1!4m6!3m5!1s0x67849bcd20c7c125:0x15acb61152afc1be!8m2!3d25.3313039!4d55.3822944!16s%2Fg%2F11mt7xmdgy?authuser=0&hl=en&entry=ttu&g_ep=EgoyMDI2MTAwNC4wIKXMDSoASAFQAw%3D%3D",,,,,,,,,
948,keep,,"Daffodils Nursery, Abushagara",,preschool,Nursery school,Abu Shagara,,4.8,199,+971 6 552 8828,hello@daffodilsnursery.ae,,https://daffodilsedu.com/,"https://www.google.com/maps/place/Daffodils+Nursery,+Abushagara/@25.339466,55.3967191,17z/data=!3m1!4b1!4m6!3m5!1s0x3e5f5b0990674829:0xe8dc61e15647952f!8m2!3d25.339466!4d55.3967191!16s%2Fg%2F11fn4lv26p?authuser=0&hl=en&entry=ttu&g_ep=EgoyMDI2MTAwNC4wIKXMDSoASAFQAw%3D%3D",2 years,4 years,British (EYFS),,2 - 3 Years Preschool / 3 - 4 Years Foundation (daffodilsnursery.ae),"The nursery employs ... the British, EYFS, Curriculum. (daffodilsnursery.ae)",,http://www.daffodilsnursery.ae/,Daffodils branch; details from the Daffodils Nursery site
878,keep,,Magic Kids Nursery,,preschool,Nursery school,Abu Shagara,,4.9,190,+971 54 756 2555,info@magickidsnursery.com,,https://magickidsnursery.com/,"https://www.google.com/maps/place/Magic+Kids+Nursery/@25.3337213,55.3950747,17z/data=!3m1!4b1!4m6!3m5!1s0x3e5f5b3724487249:0x7f9b95b79bd8ed0d!8m2!3d25.3337213!4d55.3950747!16s%2Fg%2F11qg0r86x6?authuser=0&hl=en&entry=ttu&g_ep=EgoyMDI2MTAwNC4wIKXMDSoASAFQAw%3D%3D",,,British (EYFS),SPEA,,We follow the SPEA approved British EYFS Curriculum,SPEA Approved British - EYFS Curriculum,https://magickidsnursery.com/,
1044,keep,,Al Dana Nursery Sharjah - Al Azra,,preschool,Nursery school,Al Azra,,3.9,15,+971 600 575752,,,http://www.aldananurseries.com/,"https://www.google.com/maps/place/Al+Dana+Nursery+Sharjah+-+Al+Azra/@25.3684947,55.4502654,17z/data=!3m1!4b1!4m6!3m5!1s0x3e5f58559f6d0e51:0xf69394b015ac296f!8m2!3d25.3684947!4d55.4502654!16s%2Fg%2F11bx1z3wq1?authuser=0&hl=en&entry=ttu&g_ep=EgoyMDI2MTAwNC4wIKXMDSoASAFQAw%3D%3D",,,,,,,,,
1061,keep,,Al ghusn Al Akhdhar Nursery حضانة الغصن الأخضر,,preschool,Kindergarten,Al Azra,,,0,+971 6 552 7070,,,https://www.facebook.com/pg/Green-Branch-Nursery-102724154494968/about/?ref=page_internal,"https://www.google.com/maps/place/Al+ghusn+Al+Akhdhar+Nursery+%D8%AD%D8%B6%D8%A7%D9%86%D8%A9+%D8%A7%D9%84%D8%BA%D8%B5%D9%86+%D8%A7%D9%84%D8%A3%D8%AE%D8%B6%D8%B1%E2%80%AD/@25.3741974,55.4443432,17z/data=!3m1!4b1!4m6!3m5!1s0x3e5f59ad078242c3:0xb665a7d008466bb!8m2!3d25.3741974!4d55.4443432!16s%2Fg%2F11f158_4jj?authuser=0&hl=en&entry=ttu&g_ep=EgoyMDI2MTAwNC4wIKXMDSoASAFQAw%3D%3D",,,,,,,,,
1042,keep,,Alworowd Nursery حضانة الورود,,preschool,Nursery school,Al Azra,,4.8,43,+971 54 750 0052,,,,"https://www.google.com/maps/place/Alworowd+Nursery+%D8%AD%D8%B6%D8%A7%D9%86%D8%A9+%D8%A7%D9%84%D9%88%D8%B1%D9%88%D8%AF%E2%80%AD/@25.3685112,55.4502852,17z/data=!3m1!4b1!4m6!3m5!1s0x3e5f59d01d05c9cb:0x4c00d09c73de3709!8m2!3d25.3685112!4d55.4502852!16s%2Fg%2F11jz6lq5nt?authuser=0&hl=en&entry=ttu&g_ep=EgoyMDI2MTAwNC4wIKXMDSoASAFQAw%3D%3D",,,,,,,,,
1030,keep,,Fekra Nursery حضانة فكرة,,preschool,Nursery school,Al Azra,,4.3,41,+971 52 840 0880,,,https://fekranursery.com/,"https://www.google.com/maps/place/Fekra+Nursery+%D8%AD%D8%B6%D8%A7%D9%86%D8%A9+%D9%81%D9%83%D8%B1%D8%A9%E2%80%AD/@25.3742299,55.4445417,17z/data=!3m1!4b1!4m6!3m5!1s0x3e5f592a69b0754b:0xffc68e306a7c73f3!8m2!3d25.3742299!4d55.4445417!16s%2Fg%2F11t9jnh7k8?authuser=0&hl=en&entry=ttu&g_ep=EgoyMDI2MTAwNC4wIKXMDSoASAFQAw%3D%3D",,,,,,,,,
1025,keep,,Retaj Nursery,,preschool,Nursery school,Al Azra,,4.4,13,+971 6 567 1617,,,,"https://www.google.com/maps/place/Retaj+Nursery/@25.3740496,55.4413152,17z/data=!3m1!4b1!4m6!3m5!1s0x3e5f59ae76ee5499:0x35ee9b279165487a!8m2!3d25.3740496!4d55.4413152!16s%2Fg%2F11cmdffk5h?authuser=0&hl=en&entry=ttu&g_ep=EgoyMDI2MTAwNC4wIKXMDSoASAFQAw%3D%3D",,,,,,,,,
996,keep,,Sharjah Model Nursery,,preschool,Nursery school,Al Azra,,2.5,4,+971 6 522 9362,,,,"https://www.google.com/maps/place/Sharjah+Model+Nursery/@25.373631,55.4428214,17z/data=!3m1!4b1!4m6!3m5!1s0x3e5f59adcbb451ef:0xd87faad85a93a600!8m2!3d25.373631!4d55.4428214!16s%2Fg%2F11b7q23v4n?authuser=0&hl=en&entry=ttu&g_ep=EgoyMDI2MTAwNC4wIKXMDSoASAFQAw%3D%3D",,,,,,,,,
1043,keep,,Thimar Nursery,,preschool,Nursery school,Al Azra,,4.8,46,+971 56 109 3340,,,,"https://www.google.com/maps/place/Thimar+Nursery/@25.3717382,55.4485476,17z/data=!3m1!4b1!4m6!3m5!1s0x3e5f585498899d1f:0x6092915b207c2029!8m2!3d25.3717382!4d55.4485476!16s%2Fg%2F11cr_nqm2r?authuser=0&hl=en&entry=ttu&g_ep=EgoyMDI2MTAwNC4wIKXMDSoASAFQAw%3D%3D",,,,,,,,,
1040,keep,,Tulip Nursery حضانة توليب,,preschool,Nursery school,Al Azra,,4.4,64,+971 52 777 4243,info@tulipnursery.com,,https://www.tulipnursery.com/,"https://www.google.com/maps/place/Tulip+Nursery+%D8%AD%D8%B6%D8%A7%D9%86%D8%A9+%D8%AA%D9%88%D9%84%D9%8A%D8%A8%E2%80%AD/@25.3661429,55.4480674,17z/data=!3m1!4b1!4m6!3m5!1s0x3e5f58ffeee7f9c9:0xbdf32b87ab4cb9d5!8m2!3d25.3661429!4d55.4480674!16s%2Fg%2F11cjkkl54z?authuser=0&hl=en&entry=ttu&g_ep=EgoyMDI2MTAwNC4wIKXMDSoASAFQAw%3D%3D",45 days,4 years,British (EYFS); Arabic / English bilingual,SPEA,Blossoms (45 Days - 12 Months) ... Risers (3 - 4 Years),quality British EYFS education in a nurturing Arabic-English bilingual environment,SPEA Approved,https://www.tulipnursery.com/,
1088,keep,,Al Barashi Nursery,,preschool,Nursery school,Al Badie,,4.2,53,+971 6 553 6693,,,https://www.instagram.com/barashinursery/,"https://www.google.com/maps/place/Al+Barashi+Nursery/@25.2999498,55.5862641,17z/data=!3m1!4b1!4m6!3m5!1s0x3ef5f35df9ada709:0xf37ee6b5fc884a6f!8m2!3d25.2999498!4d55.5862641!16s%2Fg%2F11ddyk0b0z?authuser=0&hl=en&entry=ttu&g_ep=EgoyMDI2MTAwNC4wIKXMDSoASAFQAw%3D%3D",,,,,,,,,
1066,keep,,Al Falah Nursery,,preschool,Preschool,Al Badie,,5,10,+971 50 199 3579,,,,"https://www.google.com/maps/place/Al+Falah+Nursery/@25.301681,55.5423843,17z/data=!3m1!4b1!4m6!3m5!1s0x3ef5f4fb0b1f772d:0x5627bc4fc649b18e!8m2!3d25.301681!4d55.5423843!16s%2Fg%2F11gcpy5wv_?authuser=0&hl=en&entry=ttu&g_ep=EgoyMDI2MTAwNC4wIKXMDSoASAFQAw%3D%3D",,,,,,,,,
1076,keep,,Al Darari Kindergarten,,preschool,Kindergarten,Al Darari,,4.2,28,+971 6 507 7074,,,,"https://www.google.com/maps/place/Al+Darari+Kindergarten/@25.327968,55.4429293,17z/data=!3m1!4b1!4m6!3m5!1s0x3e5f592b95065009:0x42bdbe340f63d176!8m2!3d25.327968!4d55.4429293!16s%2Fg%2F1pp2x9zpr?authuser=0&hl=en&entry=ttu&g_ep=EgoyMDI2MTAwNC4wIKXMDSoASAFQAw%3D%3D",,,,,,,,,kindergarten - kept like Abu Dhabi's and Al Ain's
903,keep,,Al Farasha English Nursery حضانة الفراشة الإنجليزية,,preschool,Nursery school,Al Darari,,4.6,61,+971 6 522 7754,,,https://alfarasha-nursery.ae/,"https://www.google.com/maps/place/Al+Farasha+English+Nursery+%D8%AD%D8%B6%D8%A7%D9%86%D8%A9+%D8%A7%D9%84%D9%81%D8%B1%D8%A7%D8%B4%D8%A9+%D8%A7%D9%84%D8%A5%D9%86%D8%AC%D9%84%D9%8A%D8%B2%D9%8A%D8%A9%E2%80%AD/@25.3250389,55.4370535,17z/data=!3m1!4b1!4m6!3m5!1s0x3e5f5912737fdfdb:0x2a5ae29c7cea68d0!8m2!3d25.3250389!4d55.4370535!16s%2Fg%2F11fxc2gyv3?authuser=0&hl=en&entry=ttu&g_ep=EgoyMDI2MTAwNC4wIKXMDSoASAFQAw%3D%3D",,,,,,,,,
1077,keep,,Roqaya Nursery,,preschool,Nursery school,Al Darari,,5,1,+971 6 538 4535,,,,"https://www.google.com/maps/place/Roqaya+Nursery/@25.3277152,55.4378675,17z/data=!3m1!4b1!4m6!3m5!1s0x3e5f592dd95f8b0d:0xe8400953e3e4cd60!8m2!3d25.3277152!4d55.4378675!16s%2Fg%2F11b7q63qb2?authuser=0&hl=en&entry=ttu&g_ep=EgoyMDI2MTAwNC4wIKXMDSoASAFQAw%3D%3D",,,,,,,,,
925,keep,,Euro Kids International Nursery (Al Reaya Al Mubakira Nursery) - Al Falaj,,preschool,Nursery school,Al Falaj,,4.6,38,+971 6 531 5002,,,,"https://www.google.com/maps/place/Euro+Kids+International+Nursery+(Al+Reaya+Al+Mubakira+Nursery)+-+Al+Falaj/@25.35542,55.4389158,17z/data=!3m1!4b1!4m6!3m5!1s0x3e5f5904ccb242a9:0xe15df5f04b39d038!8m2!3d25.35542!4d55.4389158!16s%2Fg%2F1pt_d0vdl?authuser=0&hl=en&entry=ttu&g_ep=EgoyMDI2MTAwNC4wIKXMDSoASAFQAw%3D%3D",,,,,,,,,
1000,keep,,Al Tefl Al Nasheet Nursery,,preschool,Educational institution,Al Fayha,,5,1,+971 6 521 2251,,,,"https://www.google.com/maps/place/Al+Tefl+Al+Nasheet+Nursery/@25.3582225,55.4115271,17z/data=!3m1!4b1!4m6!3m5!1s0x3e5f599d277a7a77:0x8696209c6e2bf37d!8m2!3d25.3582225!4d55.4115271!16s%2Fg%2F11bvtrttrx?authuser=0&hl=en&entry=ttu&g_ep=EgoyMDI2MTAwNC4wIKXMDSoASAFQAw%3D%3D",,,,,,,,,
1005,keep,,Daffodils Nursery Ramla,,preschool,Nursery school,Al Fayha,,,0,+971 50 273 6620,hello@daffodilsnursery.ae,,https://daffodilsedu.com/,"https://www.google.com/maps/place/Daffodils+Nursery+Ramla/@25.3608125,55.4128644,17z/data=!3m1!4b1!4m6!3m5!1s0x3e5f59ea626e3387:0x124cbf2f10a3f6b0!8m2!3d25.3608125!4d55.4128644!16s%2Fg%2F11z9bxb0xz?authuser=0&hl=en&entry=ttu&g_ep=EgoyMDI2MTAwNC4wIKXMDSoASAFQAw%3D%3D",2 years,4 years,British (EYFS),,2 - 3 Years Preschool / 3 - 4 Years Foundation (daffodilsnursery.ae),"The nursery employs ... the British, EYFS, Curriculum. (daffodilsnursery.ae)",,http://www.daffodilsnursery.ae/,Daffodils branch; details from the Daffodils Nursery site
913,keep,,Emirates English Nursery - الحضانة الاماراتية الانجليزية,,preschool,Preschool,Al Fayha,,4.5,35,+971 56 914 4070,,,,"https://www.google.com/maps/place/Emirates+English+Nursery+-+%D8%A7%D9%84%D8%AD%D8%B6%D8%A7%D9%86%D8%A9+%D8%A7%D9%84%D8%A7%D9%85%D8%A7%D8%B1%D8%A7%D8%AA%D9%8A%D8%A9+%D8%A7%D9%84%D8%A7%D9%86%D8%AC%D9%84%D9%8A%D8%B2%D9%8A%D8%A9%E2%80%AD/@25.3608974,55.4128442,17z/data=!3m1!4b1!4m6!3m5!1s0x3e5f598323942fed:0x3197b53ee1e93b61!8m2!3d25.3608974!4d55.4128442!16s%2Fg%2F1tl7m5n8?authuser=0&hl=en&entry=ttu&g_ep=EgoyMDI2MTAwNC4wIKXMDSoASAFQAw%3D%3D",,,,,,,,,
961,keep,,Key Talent Nursery,,preschool,Nursery school,Al Fayha,,5,4,+971 50 507 0362,,,https://www.keytalent.ae/,"https://www.google.com/maps/place/Key+Talent+Nursery/@25.3584428,55.4116646,17z/data=!3m1!4b1!4m6!3m5!1s0x3e5f5952a674fa83:0x8d23f37dc88b471b!8m2!3d25.3584428!4d55.4116646!16s%2Fg%2F11nr1tgzt7?authuser=0&hl=en&entry=ttu&g_ep=EgoyMDI2MTAwNC4wIKXMDSoASAFQAw%3D%3D",,,,,,,,,
902,keep,,Milano Nursery,,preschool,Nursery school,Al Fayha,,4.8,121,+971 56 455 7753,milanonursery@gmail.com,,https://www.milanonursery.com/,"https://www.google.com/maps/place/Milano+Nursery/@25.3615743,55.4079392,17z/data=!3m1!4b1!4m6!3m5!1s0x3e5f59a1a1aa1d27:0x8309adee6583b022!8m2!3d25.3615743!4d55.4079392!16s%2Fg%2F11bw4ryks4?authuser=0&hl=en&entry=ttu&g_ep=EgoyMDI2MTAwNC4wIKXMDSoASAFQAw%3D%3D",45 days,5 years,British (EYFS),SPEA,a comprehensive preschool experience for children aged 45 days to 5 years,We follow British EYFS curriculum.,Established in 2015 and approved by the Sharjah Private Education Authority (SPEA).,https://www.milanonursery.com/,
1057,keep,,حضانة بيت المرح الانكليزية BAIT ALMARAH ENGLISH NURSERY,,preschool,Preschool,Al Fayha,,1,1,+971 6 566 9969,,,https://www.facebook.com/baitalmarahenglishnursery,"https://www.google.com/maps/place/%D8%AD%D8%B6%D8%A7%D9%86%D8%A9+%D8%A8%D9%8A%D8%AA+%D8%A7%D9%84%D9%85%D8%B1%D8%AD+%D8%A7%D9%84%D8%A7%D9%86%D9%83%D9%84%D9%8A%D8%B2%D9%8A%D8%A9+BAIT+ALMARAH+ENGLISH+NURSERY%E2%80%AD/@25.3556157,55.4066415,17z/data=!3m1!4b1!4m6!3m5!1s0x3e5f5911ce7815a1:0x2847b82ab4548df7!8m2!3d25.3556157!4d55.4066415!16s%2Fg%2F11f_1c3rws?authuser=0&hl=en&entry=ttu&g_ep=EgoyMDI2MTAwNC4wIKXMDSoASAFQAw%3D%3D",,,,,,,,,
899,keep,,حضانة دريم لاند الفيحاء - Dream land Nursery,,preschool,Nursery school,Al Fayha,,4.9,37,+971 56 676 2499,,,https://www.facebook.com/profile.php?id=100083269064271,"https://www.google.com/maps/place/%D8%AD%D8%B6%D8%A7%D9%86%D8%A9+%D8%AF%D8%B1%D9%8A%D9%85+%D9%84%D8%A7%D9%86%D8%AF+%D8%A7%D9%84%D9%81%D9%8A%D8%AD%D8%A7%D8%A1+-+Dream+land+Nursery%E2%80%AD/@25.3558391,55.4066652,17z/data=!3m1!4b1!4m6!3m5!1s0x3e5f597f622a5065:0x50c94d212da8b988!8m2!3d25.3558391!4d55.4066652!16s%2Fg%2F11bbwpkg1g?authuser=0&hl=en&entry=ttu&g_ep=EgoyMDI2MTAwNC4wIKXMDSoASAFQAw%3D%3D",,,,,,,,,
1031,keep,,A B C Nursery,,preschool,Nursery school,Al Ghafia,,4,2,+971 6 566 1197,,,,"https://www.google.com/maps/place/A+B+C+Nursery/@25.3761678,55.4361057,17z/data=!3m1!4b1!4m6!3m5!1s0x3e5f599d00000001:0x361468bf6acf26ac!8m2!3d25.3761678!4d55.4361057!16s%2Fg%2F11c56b6k2y?authuser=0&hl=en&entry=ttu&g_ep=EgoyMDI2MTAwNC4wIKXMDSoASAFQAw%3D%3D",,,,,,,,,
1002,keep,,Al Ghafia Nursery,,preschool,Kindergarten,Al Ghafia,,5,4,+971 6 563 6364,,,,"https://www.google.com/maps/place/Al+Ghafia+Nursery/@25.3751154,55.4349102,17z/data=!3m1!4b1!4m6!3m5!1s0x3e5f59babe30c4fb:0x1441d2adf14f3dbc!8m2!3d25.3751154!4d55.4349102!16s%2Fg%2F11bycg0qhz?authuser=0&hl=en&entry=ttu&g_ep=EgoyMDI2MTAwNC4wIKXMDSoASAFQAw%3D%3D",,,,,,,,,
931,keep,,Balloon Nursery | Pre school | Kindergarten | Day care | Best Nursery in Sharjah,,daycare,Nursery school,Al Ghafia,,4.8,97,+971 50 834 6120,hello@balloonnursery.ae,,https://balloonnursery.ae/,"https://www.google.com/maps/place/Balloon+Nursery+%7C+Pre+school+%7C+Kindergarten+%7C+Day+care+%7C+Best+Nursery+in+Sharjah/@25.3735103,55.4405216,17z/data=!3m1!4b1!4m6!3m5!1s0x3e5f59f55741b6e3:0xe8b41ecf77791a1!8m2!3d25.3735103!4d55.4405216!16s%2Fg%2F11ckkxr8jm?authuser=0&hl=en&entry=ttu&g_ep=EgoyMDI2MTAwNC4wIKXMDSoASAFQAw%3D%3D",45 days,4 years,British (EYFS); Montessori,,We welcome children from 45 days to 4 years,"blends a child-centred curriculum, the Montessori approach with the Early Years Foundation Stage (EYFS)",,https://balloonnursery.ae/,'Aligned with SPEA standards' (not a licence statement)
983,keep,,Candy Garden nursery - حضانة حديقة السكاكر,,preschool,Nursery school,Al Ghafia,,4.2,30,+971 56 980 8991,info@candyclub.ae,,https://candygarden.ae/,"https://www.google.com/maps/place/Candy+Garden+nursery+-+%D8%AD%D8%B6%D8%A7%D9%86%D8%A9+%D8%AD%D8%AF%D9%8A%D9%82%D8%A9+%D8%A7%D9%84%D8%B3%D9%83%D8%A7%D9%83%D8%B1%E2%80%AD/@25.3796092,55.4455604,17z/data=!3m1!4b1!4m6!3m5!1s0x3e5f59b318e1562d:0xcefc11d9bac5b519!8m2!3d25.3796092!4d55.4455604!16s%2Fg%2F11bbwnj8bx?authuser=0&hl=en&entry=ttu&g_ep=EgoyMDI2MTAwNC4wIKXMDSoASAFQAw%3D%3D",,,,,,,,,email domain is candyclub.ae
981,keep,,حضانة النصر الإنجليزية Al Nasr English Nursery,,preschool,Nursery school,Al Ghafia,,4.8,149,+971 6 524 4454,,,https://www.instagram.com/nasr.nursery/,"https://www.google.com/maps/place/%D8%AD%D8%B6%D8%A7%D9%86%D8%A9+%D8%A7%D9%84%D9%86%D8%B5%D8%B1+%D8%A7%D9%84%D8%A5%D9%86%D8%AC%D9%84%D9%8A%D8%B2%D9%8A%D8%A9+Al+Nasr+English+Nursery%E2%80%AD/@25.3764093,55.4419987,17z/data=!3m1!4b1!4m6!3m5!1s0x3e5f59b204d08879:0xff83499278f47c9d!8m2!3d25.3764093!4d55.4419987!16s%2Fg%2F11bbwn9skh?authuser=0&hl=en&entry=ttu&g_ep=EgoyMDI2MTAwNC4wIKXMDSoASAFQAw%3D%3D",,,,,,,,,
1054,keep,,Adham nursery,,preschool,Preschool,Al Ghubaiba,,1,1,+971 50 726 6100,,,,"https://www.google.com/maps/place/Adham+nursery/@25.3435505,55.4182199,17z/data=!3m1!4b1!4m6!3m5!1s0x3e5f596eb51955c9:0x3d3d58cc0e4a9e9b!8m2!3d25.3435505!4d55.4182199!16s%2Fg%2F11c20d0wh7?authuser=0&hl=en&entry=ttu&g_ep=EgoyMDI2MTAwNC4wIKXMDSoASAFQAw%3D%3D",,,,,,,,,
901,keep,,Al Khan Nursery LLC,,preschool,Education center,Al Ghubaiba,,4.6,87,+971 50 204 7012,,,https://calendly.com/alkhannursery/30min,"https://www.google.com/maps/place/Al+Khan+Nursery+LLC/@25.3502112,55.4109355,17z/data=!3m1!4b1!4m6!3m5!1s0x3e5f597bb257387b:0x6ce0a7a0f3f57255!8m2!3d25.3502112!4d55.4109355!16s%2Fg%2F11bbwq9qm5?authuser=0&hl=en&entry=ttu&g_ep=EgoyMDI2MTAwNC4wIKXMDSoASAFQAw%3D%3D",,,,,,,,,
987,keep,,Al Yamama English Nursery,,preschool,Kindergarten,Al Ghubaiba,,4.5,46,+971 50 530 0602,,,,"https://www.google.com/maps/place/Al+Yamama+English+Nursery/@25.3520715,55.4134743,17z/data=!3m1!4b1!4m6!3m5!1s0x3e5f597a04d5713d:0x2cd567c971ce638d!8m2!3d25.3520715!4d55.4134743!16s%2Fg%2F11c1n59tp3?authuser=0&hl=en&entry=ttu&g_ep=EgoyMDI2MTAwNC4wIKXMDSoASAFQAw%3D%3D",,,,,,,,,
920,keep,,Gulf Rose Nursery,,preschool,Educational institution,Al Ghubaiba,,4.6,145,+971 6 566 4952,mail@grnsharjah.com,,http://www.grnsharjah.com/,"https://www.google.com/maps/place/Gulf+Rose+Nursery/@25.3482928,55.4153494,17z/data=!3m1!4b1!4m6!3m5!1s0x3e5f59701f396559:0xf60c396bf4a1a08b!8m2!3d25.3482928!4d55.4153494!16s%2Fg%2F11bbwmlhks?authuser=0&hl=en&entry=ttu&g_ep=EgoyMDI2MTAwNC4wIKXMDSoASAFQAw%3D%3D",3 years,4 years,,SPEA,"Program 1 (3-4 yrs) ... Nursery: born 01/04/2022 - 31/03/2023, 3 Years",,Age Criteria for Nursery Admission (As per rules by SPEA),http://www.grnsharjah.com/,"publishes fees: AED 4,500 a year (AED 7,450 with transport), 2025-26"
927,keep,,London British Nursery,,preschool,Nursery school,Al Ghubaiba,,4.9,18,+971 6 566 0228,,,https://www.facebook.com/London-British-Nursery-1138590252831512/,"https://www.google.com/maps/place/London+British+Nursery/@25.3513656,55.4134556,17z/data=!3m1!4b1!4m6!3m5!1s0x3e5f59709d7f9387:0x1fcda928aba1601a!8m2!3d25.3513656!4d55.4134556!16s%2Fg%2F11clvxffgt?authuser=0&hl=en&entry=ttu&g_ep=EgoyMDI2MTAwNC4wIKXMDSoASAFQAw%3D%3D",,,,,,,,,
917,keep,,Pippen Park Nursery,,preschool,Nursery school,Al Ghubaiba,,4.9,20,+971 6 579 5936,info@pippenpark.ae,,http://www.pippenpark.ae/,"https://www.google.com/maps/place/Pippen+Park+Nursery/@25.3435606,55.4183811,17z/data=!3m1!4b1!4m6!3m5!1s0x3e5f59694b4e8db3:0xc9d7292810767a92!8m2!3d25.3435606!4d55.4183811!16s%2Fg%2F11bbt5x980?authuser=0&hl=en&entry=ttu&g_ep=EgoyMDI2MTAwNC4wIKXMDSoASAFQAw%3D%3D",,,British (EYFS),,,We follow the British Early Years Foundation Stages (EYFS) curriculum,,http://www.pippenpark.ae/,'aligned with the KHDA and SPEA's learning goals' (not a licence statement); English or French streams
1003,keep,,AL YAQOOT NURSERY حضانة الياقوت,,preschool,Kindergarten,Al Hazana,,4.5,2,+971 50 464 1046,,,https://www.facebook.com/ALYAQOOTNURSERY,"https://www.google.com/maps/place/AL+YAQOOT+NURSERY+%D8%AD%D8%B6%D8%A7%D9%86%D8%A9+%D8%A7%D9%84%D9%8A%D8%A7%D9%82%D9%88%D8%AA%E2%80%AD/@25.3657642,55.4177006,17z/data=!3m1!4b1!4m6!3m5!1s0x3e5f599bb911d65d:0x7ef4f8ab9a37bed1!8m2!3d25.3657642!4d55.4177006!16s%2Fg%2F11bx9wscw_?authuser=0&hl=en&entry=ttu&g_ep=EgoyMDI2MTAwNC4wIKXMDSoASAFQAw%3D%3D",,,,,,,,,
997,keep,,My Baby English Nursery,,preschool,Educational institution,Al Hazana,,2.5,2,+971 6 522 2157,,,,"https://www.google.com/maps/place/My+Baby+English+Nursery/@25.369515,55.4245837,17z/data=!3m1!4b1!4m6!3m5!1s0x3e5f59d339dfb683:0xc7a8b2c89ad0bf2e!8m2!3d25.369515!4d55.4245837!16s%2Fg%2F11hyjcs6h_?authuser=0&hl=en&entry=ttu&g_ep=EgoyMDI2MTAwNC4wIKXMDSoASAFQAw%3D%3D",,,,,,,,,
989,keep,,Peacock Nurseries,,preschool,Nursery school,Al Heerah,,5,7,+971 50 162 3413,office@peacocknurseries.com,,https://peacocknurseries.com/,"https://www.google.com/maps/place/Peacock+Nurseries/@25.3793144,55.4202707,17z/data=!3m1!4b1!4m6!3m5!1s0x3e5f59fd304c02ab:0xf415f729e78cfc52!8m2!3d25.3793144!4d55.4202707!16s%2Fg%2F11xydk3j5f?authuser=0&hl=en&entry=ttu&g_ep=EgoyMDI2MTAwNC4wIKXMDSoASAFQAw%3D%3D",6 months,4 years,British (EYFS); Reggio Emilia,,Infant Program (6-18 months) ... (3-4 years),Inspired by the Reggio Emilia approach and guided by the EYFS Framework,,https://peacocknurseries.com/,
897,keep,,British Orchard Nursery - Al Jazzat Sharjah,,preschool,Nursery school,Al Jazzat,,4.7,180,+971 6 522 6710,info@britishorchardnursery.com,"jbr@britishorchardnursery.com, mirdif@britishorchardnursery.com, mbz@britishorchardnursery.com, altwar@britishorchardnursery.com",http://www.britishorchardnursery.com/,"https://www.google.com/maps/place/British+Orchard+Nursery+-+Al+Jazzat+Sharjah/@25.3597164,55.4245766,17z/data=!3m1!4b1!4m6!3m5!1s0x3e5f59754f330743:0x6d6f1bf90958e5eb!8m2!3d25.3597164!4d55.4245766!16s%2Fg%2F1tq6bzrx?authuser=0&hl=en&entry=ttu&g_ep=EgoyMDI2MTAwNC4wIKXMDSoASAFQAw%3D%3D",45 days,5 years,British (EYFS),,We accept children from 45 days to 5 years old,BON follows the EYFS (British) curriculum,,http://www.britishorchardnursery.com/,chain site; no Sharjah branch email
985,keep,,Jr Nursery-Sharjah,,preschool,Preschool,Al Jazzat,,5,10,+971 54 221 2444,,,,"https://www.google.com/maps/place/Jr+Nursery-Sharjah/@25.3644436,55.433774,17z/data=!3m1!4b1!4m6!3m5!1s0x3e5f592e47b83afd:0x8ca7b23936777343!8m2!3d25.3644436!4d55.433774!16s%2Fg%2F11v4gywc4w?authuser=0&hl=en&entry=ttu&g_ep=EgoyMDI2MTAwNC4wIKXMDSoASAFQAw%3D%3D",,,,,,,,,
980,keep,,Junior Leader Nursery,,preschool,Nursery school,Al Jazzat,,4.5,8,+971 54 249 4536,info@juniorleadernursery.com,nurseryjuniorleader@gmail.com,https://www.juniorleadernursery.com/,"https://www.google.com/maps/place/Junior+Leader+Nursery/@25.3644454,55.4337765,17z/data=!3m1!4b1!4m6!3m5!1s0x3e5f59d3c7f419e3:0x9ba045562035f73c!8m2!3d25.3644454!4d55.4337765!16s%2Fg%2F11nvdrmvc5?authuser=0&hl=en&entry=ttu&g_ep=EgoyMDI2MTAwNC4wIKXMDSoASAFQAw%3D%3D",,,,,,,,https://www.juniorleadernursery.com/,
918,keep,,Little Feet Nursery - Al Jazzat Sharjah,,preschool,Nursery school,Al Jazzat,,5,16,+971 55 773 1059,e.enquiry@littlefeetuae.com,a.enquiry@littlefeetuae.com,https://littlefeetuae.com/,"https://www.google.com/maps/place/Little+Feet+Nursery+-+Al+Jazzat+Sharjah/@25.3635691,55.4208671,17z/data=!3m1!4b1!4m6!3m5!1s0x3e5f59f54f711ceb:0x56bf8aa93fb8b5aa!8m2!3d25.3635691!4d55.4208671!16s%2Fg%2F11xlhq613k?authuser=0&hl=en&entry=ttu&g_ep=EgoyMDI2MTAwNC4wIKXMDSoASAFQAw%3D%3D",18 months,4 years,Montessori; British (EYFS),SPEA,Registration open for 1.5 to 4 years.,"All three branches follow the same Montessori, EYFS and STEAM-based approach","Montessori-trained, SPEA-certified staff",https://littlefeetuae.com/,site also has a.enquiry@ (branch unclear)
978,keep,,Tappy Toes Nursery – Al Jazzat,,preschool,Nursery school,Al Jazzat,,4.9,114,+971 58 996 6270,info.aj@tappytoesnursery.com,"info.ds@tappytoesnursery.com, info@tappytoesnursery.com, info.fjm@tappytoesnursery.com",https://tappytoesnursery.com/?utm_source=GMB+Sharjah&utm_medium=GMB&utm_campaign=GMB,"https://www.google.com/maps/place/Tappy+Toes+Nursery+%E2%80%93+Al+Jazzat/@25.3632136,55.4329804,17z/data=!3m1!4b1!4m6!3m5!1s0x3e5f590e0675a071:0xebb7088d6befbf60!8m2!3d25.3632136!4d55.4329804!16s%2Fg%2F11bw415h55?authuser=0&hl=en&entry=ttu&g_ep=EgoyMDI2MTAwNC4wIKXMDSoASAFQAw%3D%3D",45 days,5 years,British (EYFS),,We offer nursery and extended hours care for children aged 45 days to FS2 class.,We offer British Curriculum with the EYFS framework. We have added elements from Montessori and Reggio Emilia approaches.,,https://tappytoesnursery.com/,"info.aj@ is probably the Al Jazzat branch (branches: Dubai South, Sharjah, Al Karama, Fujairah)"
1037,keep,,الحضانة الذهبية,,preschool,Nursery school,Al Jazzat,,5,1,+971 6 535 1881,,,,"https://www.google.com/maps/place/%D8%A7%D9%84%D8%AD%D8%B6%D8%A7%D9%86%D8%A9+%D8%A7%D9%84%D8%B0%D9%87%D8%A8%D9%8A%D8%A9%E2%80%AD/@25.3643503,55.4338058,17z/data=!3m1!4b1!4m6!3m5!1s0x3e5f591076605b69:0x8797cfce3bc20e92!8m2!3d25.3643503!4d55.4338058!16s%2Fg%2F11fj5ggzss?authuser=0&hl=en&entry=ttu&g_ep=EgoyMDI2MTAwNC4wIKXMDSoASAFQAw%3D%3D",,,,,,,,,
912,keep,,Al Ahlam al Saghira Nursery,,preschool,Nursery school,Al Khalidiya,,4.2,85,+971 55 588 1187,info@alahlamsaghiranursery.ae,,https://alahlamsaghiranursery.ae/,"https://www.google.com/maps/place/Al+Ahlam+al+Saghira+Nursery/@25.3434586,55.3663997,17z/data=!3m1!4b1!4m6!3m5!1s0x3e5f5b8bb4e57473:0x762dd588268bdff6!8m2!3d25.3434586!4d55.3663997!16s%2Fg%2F11kplfxqxl?authuser=0&hl=en&entry=ttu&g_ep=EgoyMDI2MTAwNC4wIKXMDSoASAFQAw%3D%3D",,,British (EYFS),,,Al Ahlam Al Saghira nursery follows the British EYFS curriculum in all our classes.,,https://alahlamsaghiranursery.ae/,only the 1-2 years class is described
892,keep,,Al Reyadah Nursery,,preschool,Nursery school,Al Khalidiya,,4.8,112,+971 50 301 6976,,,https://alreyadahnursery.wixsite.com/al-reayadah,"https://www.google.com/maps/place/Al+Reyadah+Nursery/@25.3378818,55.3723557,17z/data=!3m1!4b1!4m6!3m5!1s0x3e5f5bb05f82926b:0x72b06e6a6565428!8m2!3d25.3378818!4d55.3723557!16s%2Fg%2F11bxlctx_r?authuser=0&hl=en&entry=ttu&g_ep=EgoyMDI2MTAwNC4wIKXMDSoASAFQAw%3D%3D",,,British (EYFS); Arabic / English bilingual,,,Al Reyadah nursery adopts the educational system EYFS; a comprehensive and integrated curriculum taught in English and Arabic,,https://alreyadahnursery.wixsite.com/al-reayadah,
923,keep,,Alhanan Nursery حضانة الحنان الخاصة,,preschool,Nursery school,Al Khalidiya,,4.5,32,+971 50 536 4852,,,,"https://www.google.com/maps/place/Alhanan+Nursery+%D8%AD%D8%B6%D8%A7%D9%86%D8%A9+%D8%A7%D9%84%D8%AD%D9%86%D8%A7%D9%86+%D8%A7%D9%84%D8%AE%D8%A7%D8%B5%D8%A9%E2%80%AD/@25.312609,55.3637381,17z/data=!3m1!4b1!4m6!3m5!1s0x3e5f5b1ee0e63457:0x3d1c98dfa2808b70!8m2!3d25.312609!4d55.3637381!16s%2Fg%2F11tg74h04y?authuser=0&hl=en&entry=ttu&g_ep=EgoyMDI2MTAwNC4wIKXMDSoASAFQAw%3D%3D",,,,,,,,,
921,keep,,British Islamic Nursery,,preschool,Nursery school,Al Khalidiya,,4.2,23,+971 50 595 0131,bin.admin@alarafah.org,,https://www.britishislamicnursery.org/,"https://www.google.com/maps/place/British+Islamic+Nursery/@25.3411633,55.3676676,17z/data=!3m1!4b1!4m6!3m5!1s0x3e5f5badc50dd837:0xa03ea4ea6dfc6fd3!8m2!3d25.3411633!4d55.3676676!16s%2Fg%2F1ptx9139j?authuser=0&hl=en&entry=ttu&g_ep=EgoyMDI2MTAwNC4wIKXMDSoASAFQAw%3D%3D",1 years,4 years,British (EYFS),,"Safe, nurturing Islamic Day Care for ages 12 months to 4 years.",Our approach is rooted in the British Early Years Foundation Stage (EYFS) curriculum,,https://www.britishislamicnursery.org/,British curriculum with an Islamic perspective
922,keep,,Canadian Montessori Nursery,,preschool,Kindergarten,Al Khalidiya,,4.4,32,+971 6 528 6889,info@canadianmontessorinursery.com,"training@canadianmontessorinursery.com, admin@cmn.ae",http://canadianmontessorinursery.com/,"https://www.google.com/maps/place/Canadian+Montessori+Nursery/@25.3334245,55.3700828,17z/data=!3m1!4b1!4m6!3m5!1s0x3e5f5bacfc981c95:0xcf7bde6bcd60087e!8m2!3d25.3334245!4d55.3700828!16s%2Fg%2F11bbwpmkqh?authuser=0&hl=en&entry=ttu&g_ep=EgoyMDI2MTAwNC4wIKXMDSoASAFQAw%3D%3D",,,Montessori,,,we are committed to providing a holistic Montessori education,,http://canadianmontessorinursery.com/,
968,keep,,Nursary Allayah (Sharjah Education Council),,preschool,Nursery school,Al Khalidiya,,3.7,3,+971 50 199 4272,,,,"https://www.google.com/maps/place/Nursary+Allayah+(Sharjah+Education+Council)/@25.3439942,55.3740549,17z/data=!3m1!4b1!4m6!3m5!1s0x3e5f5bb397692375:0xb2b2ccc218ec49f!8m2!3d25.3439942!4d55.3740549!16s%2Fg%2F11g6vgfh3p?authuser=0&hl=en&entry=ttu&g_ep=EgoyMDI2MTAwNC4wIKXMDSoASAFQAw%3D%3D",,,,,,,,,government nursery (Sharjah Education Council) - kept like Abu Dhabi's Al Ghad nurseries
889,keep,,Big Ben English Nursery,,preschool,Nursery school,Al Khan,,4.7,88,+971 50 303 3545,info@bigben.ae,info@bigbennursery.com,https://bigben.ae/,"https://www.google.com/maps/place/Big+Ben+English+Nursery/@25.3335762,55.3702578,17z/data=!3m1!4b1!4m6!3m5!1s0x3e5f5b1ff1fe339d:0xcc5e836571a10621!8m2!3d25.3335762!4d55.3702578!16s%2Fg%2F11s2nr82ld?authuser=0&hl=en&entry=ttu&g_ep=EgoyMDI2MTAwNC4wIKXMDSoASAFQAw%3D%3D",18 months,4 years,British (EYFS),,ranging from 1 & 1/2 - 4 years old,We follow a British curriculum,,https://bigben.ae/,'British curriculum' entered as British (EYFS)
898,keep,,Blossom Al Maryam Island,,preschool,Nursery school,Al Khan,,4.6,42,+971 800 6877379,,,https://www.theblossomnursery.com/nurseries/blossom-maryam-island?utm_source=gmb&utm_medium=direct,"https://www.google.com/maps/place/Blossom+Al+Maryam+Island/@25.3227453,55.3605627,17z/data=!3m1!4b1!4m6!3m5!1s0x3e5f5bd7bd1b8943:0xe640cf0667c727f1!8m2!3d25.3227453!4d55.3605627!16s%2Fg%2F11svch0gf5?authuser=0&hl=en&entry=ttu&g_ep=EgoyMDI2MTAwNC4wIKXMDSoASAFQAw%3D%3D",1 years,4 years,British (EYFS); Reggio Emilia,,Ages: 12 months to 4 years (FS1),We combine the British EYFS framework with the Reggio Emilia philosophy,,https://www.theblossomnursery.com/nurseries/blossom-maryam-island,
884,keep,,Bluebells Nursery,,preschool,Nursery school,Al Khan,,4.5,99,+971 6 528 1852,bluebellsshj@bluebellsnursery.com,bluebellsajm@bluebellsnursery.com,http://www.bluebellsnursery.com/,"https://www.google.com/maps/place/Bluebells+Nursery/@25.333442,55.369014,17z/data=!3m1!4b1!4m6!3m5!1s0x3e5f5ba528d17209:0x5585f2f56c262473!8m2!3d25.333442!4d55.369014!16s%2Fg%2F119vlyzpp?authuser=0&hl=en&entry=ttu&g_ep=EgoyMDI2MTAwNC4wIKXMDSoASAFQAw%3D%3D",18 months,4 years,Montessori,,Play Group I (1½ to 2 years) ... Play Group III (3 to 4 years),We follow British Montessori curriculum,,http://www.bluebellsnursery.com/,Sharjah branch address (the other is Ajman)
907,keep,,Crown Nursery حضانة كراون,,preschool,Nursery school,Al Khan,,4.9,27,+971 52 918 1417,crownnursery@hotmail.com,,https://crownnurseryuae.com/,"https://www.google.com/maps/place/Crown+Nursery+%D8%AD%D8%B6%D8%A7%D9%86%D8%A9+%D9%83%D8%B1%D8%A7%D9%88%D9%86%E2%80%AD/@25.3362275,55.3638382,17z/data=!3m1!4b1!4m6!3m5!1s0x3e5f5ba519b7b229:0xbb73158a6b790cf8!8m2!3d25.3362275!4d55.3638382!16s%2Fg%2F11cn7x7jyb?authuser=0&hl=en&entry=ttu&g_ep=EgoyMDI2MTAwNC4wIKXMDSoASAFQAw%3D%3D",,,,,,,,https://crownnurseryuae.com/,
890,keep,,Euro Kids International Nursery - Al Khan Branch,,preschool,Nursery school,Al Khan,,5,16,+971 56 809 1938,info@eurokids.ae,,https://www.eurokids.ae/,"https://www.google.com/maps/place/Euro+Kids+International+Nursery+-+Al+Khan+Branch/@25.317164,55.374691,17z/data=!3m1!4b1!4m6!3m5!1s0x3e5f5b931bc9aab9:0xef99c7daefbaa155!8m2!3d25.317164!4d55.374691!16s%2Fg%2F11nj2xdbcd?authuser=0&hl=en&entry=ttu&g_ep=EgoyMDI2MTAwNC4wIKXMDSoASAFQAw%3D%3D",45 days,4 years,British (EYFS); Montessori,,we welcome children as young as 45 Days old until the age of 4 years,We follow the Early Years Foundation Stage Curriculum along with some key elements of the Montessori approach,,https://www.eurokids.ae/,
880,keep,,Little Feet Nursery - Al Khalidiya Sharjah,,preschool,Nursery school,Al Khan,,4.8,183,+971 50 730 7876,e.enquiry@littlefeetuae.com,a.enquiry@littlefeetuae.com,https://littlefeetuae.com/,"https://www.google.com/maps/place/Little+Feet+Nursery+-+Al+Khalidiya+Sharjah/@25.3351479,55.3651848,17z/data=!3m1!4b1!4m6!3m5!1s0x3e5f5baf45ae8479:0x2008686c9e722b40!8m2!3d25.3351479!4d55.3651848!16s%2Fg%2F11bydjzy8x?authuser=0&hl=en&entry=ttu&g_ep=EgoyMDI2MTAwNC4wIKXMDSoASAFQAw%3D%3D",18 months,4 years,Montessori; British (EYFS),SPEA,Registration open for 1.5 to 4 years.,"All three branches follow the same Montessori, EYFS and STEAM-based approach","Montessori-trained, SPEA-certified staff",https://littlefeetuae.com/,site also has a.enquiry@ (branch unclear)
879,keep,,Little Feet Nursery - Al Khan Sharjah,,preschool,Nursery school,Al Khan,,4.8,231,+971 54 703 5821,e.enquiry@littlefeetuae.com,a.enquiry@littlefeetuae.com,https://littlefeetuae.com/,"https://www.google.com/maps/place/Little+Feet+Nursery+-+Al+Khan+Sharjah/@25.3372598,55.3707083,17z/data=!3m1!4b1!4m6!3m5!1s0x3e5f5bb0179a43fd:0x1969d1a99d705546!8m2!3d25.3372598!4d55.3707083!16s%2Fg%2F1yfdqy034?authuser=0&hl=en&entry=ttu&g_ep=EgoyMDI2MTAwNC4wIKXMDSoASAFQAw%3D%3D",18 months,4 years,Montessori; British (EYFS),SPEA,Registration open for 1.5 to 4 years.,"All three branches follow the same Montessori, EYFS and STEAM-based approach","Montessori-trained, SPEA-certified staff",https://littlefeetuae.com/,site also has a.enquiry@ (branch unclear)
886,keep,,Maharat Al Khaleej Nursery,,preschool,Nursery school,Al Khan,,4.5,127,+971 58 874 0567,info@maknursery.com,,https://maknursery.com/,"https://www.google.com/maps/place/Maharat+Al+Khaleej+Nursery/@25.3096043,55.3771296,17z/data=!3m1!4b1!4m6!3m5!1s0x3e5f5b8626b1f471:0x902bd80b6f41c1c7!8m2!3d25.3096043!4d55.3771296!16s%2Fg%2F11g7nq2vdp?authuser=0&hl=en&entry=ttu&g_ep=EgoyMDI2MTAwNC4wIKXMDSoASAFQAw%3D%3D",,,,,,,,https://maknursery.com/,site lists age groups 1-2 and 2-3 years only
911,keep,,Newcastle Nursery,,preschool,Nursery school,Al Khan,,4.8,19,+971 58 584 2555,newcastlenursery@hotmail.com,,http://www.newcastle-nursery.com/,"https://www.google.com/maps/place/Newcastle+Nursery/@25.3346068,55.3673048,17z/data=!3m1!4b1!4m6!3m5!1s0x3e5f5bdcce5961d1:0xa6830e62427d5e5b!8m2!3d25.3346068!4d55.3673048!16s%2Fg%2F11f8jwjtsm?authuser=0&hl=en&entry=ttu&g_ep=EgoyMDI2MTAwNC4wIKXMDSoASAFQAw%3D%3D",45 days,4 years,British (EYFS),,for kids from 45 days to 4 years old,we follow the British Early Years Foundation Stage (EYFS) curriculum,,http://www.newcastle-nursery.com/,"bilingual, with Quranic learning"
891,keep,,Seven Oaks British Nursery,,preschool,Nursery school,Al Khan,,4.9,60,+971 54 711 0101,,,,"https://www.google.com/maps/place/Seven+Oaks+British+Nursery/@25.3339232,55.3674602,17z/data=!3m1!4b1!4m6!3m5!1s0x3e5f5ba512a1bb07:0x9a7ff1f59161e03!8m2!3d25.3339232!4d55.3674602!16s%2Fg%2F11bwpyqqpj?authuser=0&hl=en&entry=ttu&g_ep=EgoyMDI2MTAwNC4wIKXMDSoASAFQAw%3D%3D",,,,,,,,,
888,keep,,Zahrat Al Nahda Nursery,,preschool,Nursery school,Al Khan,,4.5,35,+971 55 794 2004,alnahdanursery@gmail.com,,http://anns.group/,"https://www.google.com/maps/place/Zahrat+Al+Nahda+Nursery/@25.3283465,55.3710854,17z/data=!3m1!4b1!4m6!3m5!1s0x3e5f5b64705a7cc7:0x7960616dbb6f2547!8m2!3d25.3283465!4d55.3710854!16s%2Fg%2F11k453xsz9?authuser=0&hl=en&entry=ttu&g_ep=EgoyMDI2MTAwNC4wIKXMDSoASAFQAw%3D%3D",6 months,4 years,British (EYFS),SPEA,Daycare: 6 Months To 2 Years ... Preschool: 2 To 4 Years,We Incorporate The Early Years Foundation Stage (EYFS) Framework,In accordance with the regulatory child enrolment protocols established by the Sharjah Private Education Authority (SPEA),http://anns.group/,"same group (ANNS) runs 'Wardat Al Nahda Children Skills Development Center', which the skills-centre rule left out; also after-school care for 4+"
950,keep,,حضانه العقول الساطعة / Bright Minds Nursery,,preschool,Nursery school,Al Khan,,4.8,24,+971 52 269 7292,,,https://brightmindsuae.github.io/Bright-Mind-nursery/,"https://www.google.com/maps/place/%D8%AD%D8%B6%D8%A7%D9%86%D9%87+%D8%A7%D9%84%D8%B9%D9%82%D9%88%D9%84+%D8%A7%D9%84%D8%B3%D8%A7%D8%B7%D8%B9%D8%A9+%2F+Bright+Minds+Nursery%E2%80%AD/@25.3266858,55.374149,17z/data=!3m1!4b1!4m6!3m5!1s0x3e5f5b003bef4217:0x9800358bb50684fc!8m2!3d25.3266858!4d55.374149!16s%2Fg%2F11w4jx9wj5?authuser=0&hl=en&entry=ttu&g_ep=EgoyMDI2MTAwNC4wIKXMDSoASAFQAw%3D%3D",,,,,,,,,
935,keep,,Daffodils Education Center,,preschool,Preschool,Al Mahatta,,5,10,+971 50 273 6620,hello@daffodilsnursery.ae,,https://www.daffodilsedu.com/,"https://www.google.com/maps/place/Daffodils+Education+Center/@25.348476,55.3917551,17z/data=!3m1!4b1!4m6!3m5!1s0x3e5f5b670649997f:0x26726f4be9acbfbc!8m2!3d25.348476!4d55.3917551!16s%2Fg%2F11xh9qg_qm?authuser=0&hl=en&entry=ttu&g_ep=EgoyMDI2MTAwNC4wIKXMDSoASAFQAw%3D%3D",2 years,4 years,British (EYFS),,2 - 3 Years Preschool / 3 - 4 Years Foundation (daffodilsnursery.ae),"The nursery employs ... the British, EYFS, Curriculum. (daffodilsnursery.ae)",,https://www.daffodilsedu.com/,daffodilsedu.com has little text; details from the Daffodils Nursery site
974,keep,,Excellence Nursery,,preschool,Kindergarten,Al Mahatta,,4.8,14,+971 50 518 5068,,,,"https://www.google.com/maps/place/Excellence+Nursery/@25.3489137,55.3910289,17z/data=!3m1!4b1!4m6!3m5!1s0x3e5f5b000c715587:0x53c6722a53c2f60!8m2!3d25.3489137!4d55.3910289!16s%2Fg%2F11nr0_rn_6?authuser=0&hl=en&entry=ttu&g_ep=EgoyMDI2MTAwNC4wIKXMDSoASAFQAw%3D%3D",,,,,,,,,
896,keep,,Little Hearts Nursery Sharjah,,preschool,Kindergarten,Al Mahatta,,4.8,37,+971 50 518 5068,,,,"https://www.google.com/maps/place/Little+Hearts+Nursery+Sharjah/@25.3488387,55.3909833,17z/data=!3m1!4b1!4m6!3m5!1s0x3e5f5b33c800e6db:0xd4831ed2f92a3807!8m2!3d25.3488387!4d55.3909833!16s%2Fg%2F11v0bh7w93?authuser=0&hl=en&entry=ttu&g_ep=EgoyMDI2MTAwNC4wIKXMDSoASAFQAw%3D%3D",,,,,,,,,
994,keep,,Abtal Al Baraiem Nursery,,preschool,Kindergarten,Al Majaz,Al Majaz 1,4.6,19,+971 50 405 3818,,,http://childcareuae.com/,"https://www.google.com/maps/place/Abtal+Al+Baraiem+Nursery/@25.3319605,55.3921521,17z/data=!3m1!4b1!4m6!3m5!1s0x3e5f5be01300f815:0xdf4e49113959c09b!8m2!3d25.3319605!4d55.3921521!16s%2Fg%2F11xlc2t7sd?authuser=0&hl=en&entry=ttu&g_ep=EgoyMDI2MTAwNC4wIKXMDSoASAFQAw%3D%3D",,,,,,,,,
881,keep,,Canadian Montessori Nursery - Al Majaz Sharjah,,preschool,Kindergarten,Al Majaz,Al Majaz 1,4.9,38,+971 56 408 2777,info@canadianmontessorinursery.com,"training@canadianmontessorinursery.com, admin@cmn.ae",https://canadianmontessorinursery.com/,"https://www.google.com/maps/place/Canadian+Montessori+Nursery+-+Al+Majaz+Sharjah/@25.3444376,55.3868008,17z/data=!3m1!4b1!4m6!3m5!1s0x3e5f5bfe3c374157:0xbbe856b3b8bacf32!8m2!3d25.3444376!4d55.3868008!16s%2Fg%2F11l22n7rym?authuser=0&hl=en&entry=ttu&g_ep=EgoyMDI2MTAwNC4wIKXMDSoASAFQAw%3D%3D",,,Montessori,,,we are committed to providing a holistic Montessori education,,https://canadianmontessorinursery.com/,"'KHDA-approved' refers to their teacher-training courses, not the nursery"
874,keep,,Creative Home Nursery Al Majaz Sharjah,,preschool,Nursery school,Al Majaz,Al Majaz 2,4.8,193,+971 52 218 4427,,,https://creativehomenursery.ae/,https://www.google.com/maps/place/Creative+Home+Nursery+Al+Majaz+Sharjah/data=!4m7!3m6!1s0x3e5f5be43e94d661:0xbd73ed1908d69aa0!8m2!3d25.3212353!4d55.3838591!16s%2Fg%2F11h391nmks!19sChIJYdaUPuRbXz4RoJrWCBntc70?authuser=0&hl=en&g_ep=EgoyMDI2MTAwNC4wIJJjKgBIAVAD&rclk=1,,,,,,,,,
882,keep,,Cubes land nursery حضانة أرض المكعبات,,preschool,Nursery school,Al Majaz,Al Majaz 3,4.9,54,+971 58 182 8372,,,,"https://www.google.com/maps/place/Cubes+land+nursery+%D8%AD%D8%B6%D8%A7%D9%86%D8%A9+%D8%A3%D8%B1%D8%B6+%D8%A7%D9%84%D9%85%D9%83%D8%B9%D8%A8%D8%A7%D8%AA%E2%80%AD/@25.3241911,55.3792263,17z/data=!3m1!4b1!4m6!3m5!1s0x3e5f5bf973594579:0x13aee3bc12f7411c!8m2!3d25.3241911!4d55.3792263!16s%2Fg%2F11lzwy80ln?authuser=0&hl=en&entry=ttu&g_ep=EgoyMDI2MTAwNC4wIKXMDSoASAFQAw%3D%3D",,,,,,,,,
876,keep,,Euro Kids International Nursery Branch 2 - Al Majaz 3 Branch,,preschool,Preschool,Al Majaz,Al Majaz 3,4.9,92,+971 6 577 5771,info@eurokids.ae,,http://www.eurokids.ae/,"https://www.google.com/maps/place/Euro+Kids+International+Nursery+Branch+2+-+Al+Majaz+3+Branch/@25.3308967,55.3702649,17z/data=!3m1!4b1!4m6!3m5!1s0x3e5f5b8cecf9a371:0x3c919d08f34df717!8m2!3d25.3308967!4d55.3702649!16s%2Fg%2F11pkfkz374?authuser=0&hl=en&entry=ttu&g_ep=EgoyMDI2MTAwNC4wIKXMDSoASAFQAw%3D%3D",45 days,4 years,British (EYFS); Montessori,,we welcome children as young as 45 Days old until the age of 4 years,We follow the Early Years Foundation Stage Curriculum along with some key elements of the Montessori approach,,http://www.eurokids.ae/,
877,keep,,Kids Park Nursery - حضانة حديقة الأطفال,,preschool,Nursery school,Al Majaz,Al Majaz 3,4.8,120,+971 55 515 2728,,,https://kidsparknursery.ae/,"https://www.google.com/maps/place/Kids+Park+Nursery+-+%D8%AD%D8%B6%D8%A7%D9%86%D8%A9+%D8%AD%D8%AF%D9%8A%D9%82%D8%A9+%D8%A7%D9%84%D8%A3%D8%B7%D9%81%D8%A7%D9%84%E2%80%AD/@25.3328255,55.3718511,17z/data=!3m1!4b1!4m6!3m5!1s0x3e5f5b6935c16dbb:0xc70e75454420bda3!8m2!3d25.3328255!4d55.3718511!16s%2Fg%2F11flty5j1l?authuser=0&hl=en&entry=ttu&g_ep=EgoyMDI2MTAwNC4wIKXMDSoASAFQAw%3D%3D",,,,,,,,,
958,keep,,Little Home Nursery,,preschool,Nursery school,Al Majaz,Al Majaz 2,1,1,,,,,"https://www.google.com/maps/place/Little+Home+Nursery/@25.3228333,55.3877174,17z/data=!3m1!4b1!4m6!3m5!1s0x3e5f5bab552d5e49:0xb333ffbf3fa2d44d!8m2!3d25.3228333!4d55.3877174!16s%2Fg%2F11wc0lycw5?authuser=0&hl=en&entry=ttu&g_ep=EgoyMDI2MTAwNC4wIKXMDSoASAFQAw%3D%3D",,,,,,,,,
875,keep,,"Magic Kids Nursery, Al Majaz",,preschool,Nursery school,Al Majaz,Al Majaz 3,4.9,104,+971 54 762 0555,info@magickidsnursery.com,,https://www.magickidsnursery.com/,"https://www.google.com/maps/place/Magic+Kids+Nursery,+Al+Majaz/@25.327811,55.375882,17z/data=!3m1!4b1!4m6!3m5!1s0x3e5f5b7c246ecdb5:0x2347ff7a5c9fa97e!8m2!3d25.327811!4d55.375882!16s%2Fg%2F11vb0vv9mp?authuser=0&hl=en&entry=ttu&g_ep=EgoyMDI2MTAwNC4wIKXMDSoASAFQAw%3D%3D",,,British (EYFS),SPEA,,We follow the SPEA approved British EYFS Curriculum (magickidsnursery.com),SPEA Approved British - EYFS Curriculum (magickidsnursery.com),https://magickidsnursery.com/,Magic Kids branch; details from the chain site
1007,keep,,Chubby Cheeks Nursery Maryam Island Branch 1,,preschool,Nursery school,Al Mamzar,,5,42,+971 52 568 0254,contact@chubbycheeksnursery.com,,https://www.chubbycheeksnursery.com/,"https://www.google.com/maps/place/Chubby+Cheeks+Nursery+Maryam+Island+Branch+1/@25.3155495,55.359554,17z/data=!3m1!4b1!4m6!3m5!1s0x3e5f5b060cf9a85f:0x492d218c0d1da8f0!8m2!3d25.3155495!4d55.359554!16s%2Fg%2F11vymjnwzm?authuser=0&hl=en&entry=ttu&g_ep=EgoyMDI2MTAwNC4wIKXMDSoASAFQAw%3D%3D",,,British (EYFS),,,Chubby Cheeks Nursery follows the British Early Years Foundation Stage,,https://www.chubbycheeksnursery.com/,ages on the site are for Dubai branches only
893,keep,,Chubby Cheeks Nursery Sharjah Branch,,preschool,Nursery school,Al Mamzar,,4.6,295,+971 6 525 5870,contact@chubbycheeksnursery.com,,http://www.chubbycheeksnursery.com/,"https://www.google.com/maps/place/Chubby+Cheeks+Nursery+Sharjah+Branch/@25.3028264,55.3644684,17z/data=!3m1!4b1!4m6!3m5!1s0x3e5f5c78add5a77d:0x118c3e82ecf17866!8m2!3d25.3028264!4d55.3644684!16s%2Fg%2F11c1pqxj8x?authuser=0&hl=en&entry=ttu&g_ep=EgoyMDI2MTAwNC4wIKXMDSoASAFQAw%3D%3D",,,British (EYFS),,,Chubby Cheeks Nursery follows the British Early Years Foundation Stage,,http://www.chubbycheeksnursery.com/,ages on the site are for Dubai branches only
908,keep,,"Daffodils Nursery, Al Taawun, Sharjah",,preschool,Nursery school,Al Mamzar,,4.8,72,+971 50 273 6620,hello@daffodilsnursery.ae,,https://www.daffodilsedu.com/,"https://www.google.com/maps/place/Daffodils+Nursery,+Al+Taawun,+Sharjah/@25.3052087,55.3631107,17z/data=!3m1!4b1!4m6!3m5!1s0x3e5f5b005de2e127:0x217721d2ccee7507!8m2!3d25.3052087!4d55.3631107!16s%2Fg%2F11lyq_14p7?authuser=0&hl=en&entry=ttu&g_ep=EgoyMDI2MTAwNC4wIKXMDSoASAFQAw%3D%3D",2 years,4 years,British (EYFS),,2 - 3 Years Preschool / 3 - 4 Years Foundation (daffodilsnursery.ae),"The nursery employs ... the British, EYFS, Curriculum. (daffodilsnursery.ae)",,https://www.daffodilsedu.com/,daffodilsedu.com has little text; details from the Daffodils Nursery site
885,keep,,Al Farha Nursery,,preschool,Nursery school,Al Mansoura,,4.8,240,+971 56 707 6419,,,http://childcareuae.com/,"https://www.google.com/maps/place/Al+Farha+Nursery/@25.3474077,55.3907514,17z/data=!3m1!4b1!4m6!3m5!1s0x3e5f5bcde60b2dff:0xaf3cf7942f31e6be!8m2!3d25.3474077!4d55.3907514!16s%2Fg%2F11bv1cjg3k?authuser=0&hl=en&entry=ttu&g_ep=EgoyMDI2MTAwNC4wIKXMDSoASAFQAw%3D%3D",,,,,,,,,
1033,keep,,Al Fesoul Al Arbaah Nursery,,preschool,Nursery school,Al Mirgab,,4.5,14,+971 6 574 7450,,,,"https://www.google.com/maps/place/Al+Fesoul+Al+Arbaah+Nursery/@25.3761133,55.4101579,17z/data=!3m1!4b1!4m6!3m5!1s0x3e5f598ce946eda3:0x58fea2a8a88524cd!8m2!3d25.3761133!4d55.4101579!16s%2Fg%2F1q66yct91?authuser=0&hl=en&entry=ttu&g_ep=EgoyMDI2MTAwNC4wIKXMDSoASAFQAw%3D%3D",,,,,,,,,
982,keep,,Playdays British Nursery,,preschool,Nursery school,Al Mirgab,,4.1,86,+971 6 522 2544,info@playdaysbritishnursery.com,,https://playdaysbritishnursery.com/,"https://www.google.com/maps/place/Playdays+British+Nursery/@25.3847306,55.4168127,17z/data=!3m1!4b1!4m6!3m5!1s0x3e5f59ee805e396f:0xd01e951178b708c9!8m2!3d25.3847306!4d55.4168127!16s%2Fg%2F1trtsstj?authuser=0&hl=en&entry=ttu&g_ep=EgoyMDI2MTAwNC4wIKXMDSoASAFQAw%3D%3D",6 months,4 years,British (EYFS),,6-12 Months ... 3-4 Years,follows an EYFS curriculum,,https://playdaysbritishnursery.com/,
1019,keep,,"Step Nursery - Al Mirgab, Sharjah , United Arab Emirates",,preschool,Nursery school,Al Mirgab,,4.5,155,+971 50 451 5711,,,http://www.stepnurseryshj.com/,"https://www.google.com/maps/place/Step+Nursery+-+Al+Mirgab,+Sharjah+,+United+Arab+Emirates/@25.3927331,55.428382,17z/data=!3m1!4b1!4m6!3m5!1s0x3e5f595966340fa9:0xb9239a74ae095caa!8m2!3d25.3927331!4d55.428382!16s%2Fg%2F11fls2rndd?authuser=0&hl=en&entry=ttu&g_ep=EgoyMDI2MTAwNC4wIKXMDSoASAFQAw%3D%3D",,,,,,,,,
905,keep,,Al Lulu Nursery,,preschool,Nursery school,Al Nad,,4.8,101,+971 56 553 0080,info@allulunursery.ae,allulunursery@gmail.com,http://allulunursery.ae/,"https://www.google.com/maps/place/Al+Lulu+Nursery/@25.3423338,55.3935371,17z/data=!3m1!4b1!4m6!3m5!1s0x3e5f5bd07444109b:0x62834a9f0d51c6ee!8m2!3d25.3423338!4d55.3935371!16s%2Fg%2F11bzs1kqp3?authuser=0&hl=en&entry=ttu&g_ep=EgoyMDI2MTAwNC4wIKXMDSoASAFQAw%3D%3D",3 months,4 years,British (EYFS),,catering for children from 3 months to 4 years of age,following the British Early Years Foundation Stage (EYFS) curriculum,,http://allulunursery.ae/,
910,keep,,Smart Kids Nursery,,preschool,Preschool,Al Nad,,4.1,10,+971 6 702 1129,,,,"https://www.google.com/maps/place/Smart+Kids+Nursery/@25.3413251,55.3910357,17z/data=!3m1!4b1!4m6!3m5!1s0x3e5f5b9d0a07db0f:0x12344aba9b9f411b!8m2!3d25.3413251!4d55.3910357!16s%2Fg%2F11sqxjfv36?authuser=0&hl=en&entry=ttu&g_ep=EgoyMDI2MTAwNC4wIKXMDSoASAFQAw%3D%3D",,,,,,,,,
957,keep,,Al Nahda Nursery,,preschool,Nursery school,Al Nahda,,4.4,79,+971 55 794 2004,alnahdanursery@gmail.com,,http://anns.group/,"https://www.google.com/maps/place/Al+Nahda+Nursery/@25.3009923,55.3799943,17z/data=!3m1!4b1!4m6!3m5!1s0x3e5f5c73486dce89:0xaf5a6bd3fbbff395!8m2!3d25.3009923!4d55.3799943!16s%2Fg%2F11cn8t48yf?authuser=0&hl=en&entry=ttu&g_ep=EgoyMDI2MTAwNC4wIKXMDSoASAFQAw%3D%3D",6 months,4 years,British (EYFS),SPEA,Daycare: 6 Months To 2 Years ... Preschool: 2 To 4 Years,We Incorporate The Early Years Foundation Stage (EYFS) Framework,In accordance with the regulatory child enrolment protocols established by the Sharjah Private Education Authority (SPEA),http://anns.group/,"same group (ANNS) runs 'Wardat Al Nahda Children Skills Development Center', which the skills-centre rule left out; also after-school care for 4+"
942,keep,,Al Nahda Sharjah:Yellow Bee Nursery,,preschool,Nursery school,Al Nahda,,4.3,61,+971 58 503 2000,info@yellowbeenursery.ae,,https://www.yellobeenursery.ae/,https://www.google.com/maps/place/Al+Nahda+Sharjah:Yellow+Bee+Nursery/data=!4m7!3m6!1s0x3e5f5c78fd347b71:0x80908130c5417763!8m2!3d25.3009338!4d55.3658056!16s%2Fg%2F11f3qygfdk!19sChIJcXs0_XhcXz4RY3dBxTCBkIA?authuser=0&hl=en&g_ep=EgoyMDI2MTAwNC4wIJJjKgBIAVAD&rclk=1,6 months,4 years,British (EYFS),SPEA,children aged 6 months to 4 years,we proudly follow the British Early Years Foundation Stage (EYFS) curriculum,Yellow Bee Nursery delivers the British EYFS curriculum in full compliance with SPEA Early Childhood Education Standards.,https://www.yellobeenursery.ae/,
915,keep,,Atfal Al Nahda Nursery,,preschool,Nursery school,Al Nahda,,4.7,52,+971 55 794 2004,alnahdanursery@gmail.com,,http://anns.group/,"https://www.google.com/maps/place/Atfal+Al+Nahda+Nursery/@25.3038986,55.3800866,17z/data=!3m1!4b1!4m6!3m5!1s0x3e5f5dd399289e4b:0xd70a8f67a646c3e!8m2!3d25.3038986!4d55.3800866!16s%2Fg%2F11hdggz5h6?authuser=0&hl=en&entry=ttu&g_ep=EgoyMDI2MTAwNC4wIKXMDSoASAFQAw%3D%3D",6 months,4 years,British (EYFS),SPEA,Daycare: 6 Months To 2 Years ... Preschool: 2 To 4 Years,We Incorporate The Early Years Foundation Stage (EYFS) Framework,In accordance with the regulatory child enrolment protocols established by the Sharjah Private Education Authority (SPEA),http://anns.group/,"same group (ANNS) runs 'Wardat Al Nahda Children Skills Development Center', which the skills-centre rule left out; also after-school care for 4+"
938,keep,,Bright Land Pre School,,preschool,Preschool,Al Nahda,,5,137,+971 58 595 9875,,,,"https://www.google.com/maps/place/Bright+Land+Pre+School/@25.3003151,55.3810285,17z/data=!3m1!4b1!4m6!3m5!1s0x3e5f5d2c1bc6783b:0xebd56e0560306ac!8m2!3d25.3003151!4d55.3810285!16s%2Fg%2F11vd4jt493?authuser=0&hl=en&entry=ttu&g_ep=EgoyMDI2MTAwNC4wIKXMDSoASAFQAw%3D%3D",,,,,,,,,
937,keep,,Bunnys Nursery,,preschool,Preschool,Al Nahda,,4.9,68,+971 50 782 4651,hello@bunnysecc.ae,,https://www.bunnysecc.ae/,"https://www.google.com/maps/place/Bunnys+Nursery/@25.298734,55.374011,17z/data=!3m1!4b1!4m6!3m5!1s0x3e5f5d56f3718b55:0x2255af030e0e0285!8m2!3d25.298734!4d55.374011!16s%2Fg%2F11wxh76b6c?authuser=0&hl=en&entry=ttu&g_ep=EgoyMDI2MTAwNC4wIKXMDSoASAFQAw%3D%3D",45 days,5 years,British (EYFS),,45 DAYS - WALKING ... 4 YEARS TO 5 YEARS,we follow the Early Years Foundation Stage (EYFS) framework,,https://www.bunnysecc.ae/,the site's heading says 'EYFS in Dubai' - may describe their Dubai centre
943,keep,,Colours Castle Nursery,,preschool,Preschool,Al Nahda,,4.6,41,+971 6 533 8772,,,http://www.colourscastlenursery.com/,"https://www.google.com/maps/place/Colours+Castle+Nursery/@25.3020419,55.3706891,17z/data=!3m1!4b1!4m6!3m5!1s0x3e5f5d793ef8492f:0xf914b7353e51ab8c!8m2!3d25.3020419!4d55.3706891!16s%2Fg%2F11x1nbqn2f?authuser=0&hl=en&entry=ttu&g_ep=EgoyMDI2MTAwNC4wIKXMDSoASAFQAw%3D%3D",,,,,,,,,
932,keep,,"Dalia Nursery - Al Nahda, Sharjah",,preschool,Nursery school,Al Nahda,,4.8,177,+971 50 882 2434,info@dalianursery.ae,,http://dalianursery.ae/,"https://www.google.com/maps/place/Dalia+Nursery+-+Al+Nahda,+Sharjah/@25.2994358,55.3767521,17z/data=!3m1!4b1!4m6!3m5!1s0x3e5f5c73b8752595:0xf97df4d37326a767!8m2!3d25.2994358!4d55.3767521!16s%2Fg%2F11b6d9q_1y?authuser=0&hl=en&entry=ttu&g_ep=EgoyMDI2MTAwNC4wIKXMDSoASAFQAw%3D%3D",2 months,4 years,British (EYFS),,Dalia Nursery Accepts Children From 2 Months To 4 Years Of Age.,"British, Early Years Foundation Stage Curriculum (EYFS)",,http://dalianursery.ae/,another line says 45 days to 4 years
929,keep,,Euro Kids International Nursery Branch 3- Al Nahda Branch,,preschool,Preschool,Al Nahda,,4.9,126,+971 6 550 3669,info@eurokids.ae,,https://www.eurokids.ae/,"https://www.google.com/maps/place/Euro+Kids+International+Nursery+Branch+3-+Al+Nahda+Branch/@25.2986583,55.373696,17z/data=!3m1!4b1!4m6!3m5!1s0x3e5f5d29af8fe491:0xb30a3df44a807c2d!8m2!3d25.2986583!4d55.373696!16s%2Fg%2F11vl8d4_80?authuser=0&hl=en&entry=ttu&g_ep=EgoyMDI2MTAwNC4wIKXMDSoASAFQAw%3D%3D",45 days,4 years,British (EYFS); Montessori,,we welcome children as young as 45 Days old until the age of 4 years,We follow the Early Years Foundation Stage Curriculum along with some key elements of the Montessori approach,,https://www.eurokids.ae/,
956,keep,,Johnny’s Day care,,daycare,Day care center,Al Nahda,,5,8,+971 56 989 1500,,,,"https://www.google.com/maps/place/Johnny%E2%80%99s+Day+care/@25.301113,55.3739738,17z/data=!3m1!4b1!4m6!3m5!1s0x3e5f5d7a42cf8421:0xa0b8d4d0144a5c03!8m2!3d25.301113!4d55.3739738!16s%2Fg%2F11yqhds_mq?authuser=0&hl=en&entry=ttu&g_ep=EgoyMDI2MTAwNC4wIKXMDSoASAFQAw%3D%3D",,,,,,,,,
952,keep,,Playway Nursery,,preschool,Preschool,Al Nahda,,4.8,80,+971 6 579 2049,,,https://playwaynursery.com/,"https://www.google.com/maps/place/Playway+Nursery/@25.300782,55.3700814,17z/data=!3m1!4b1!4m6!3m5!1s0x3e5f5d676d1616f5:0x3602479fcc313a8c!8m2!3d25.300782!4d55.3700814!16s%2Fg%2F11vl5dr7hj?authuser=0&hl=en&entry=ttu&g_ep=EgoyMDI2MTAwNC4wIKXMDSoASAFQAw%3D%3D",,,,,,,,,
914,keep,,Sahara Nursery,,preschool,Preschool,Al Nahda,,4.8,82,+971 58 591 5794,,,,"https://www.google.com/maps/place/Sahara+Nursery/@25.3024682,55.3827707,17z/data=!3m1!4b1!4m6!3m5!1s0x3e5f5de970e5d4b3:0xb0f43dd1797546f6!8m2!3d25.3024682!4d55.3827707!16s%2Fg%2F11h4g8vz2q?authuser=0&hl=en&entry=ttu&g_ep=EgoyMDI2MTAwNC4wIKXMDSoASAFQAw%3D%3D",,,,,,,,,
1083,keep,,Asmaa Kindergarden,,preschool,Preschool,Al Nouf,,3.3,11,+971 6 507 7008,,,,"https://www.google.com/maps/place/Asmaa+Kindergarden/@25.2789881,55.5130312,17z/data=!3m1!4b1!4m6!3m5!1s0x3ef5f5406b25636f:0x7962374680f2765b!8m2!3d25.2789881!4d55.5130312!16s%2Fg%2F11cs1tk1qq?authuser=0&hl=en&entry=ttu&g_ep=EgoyMDI2MTAwNC4wIKXMDSoASAFQAw%3D%3D",,,,,,,,,kindergarten - kept like Abu Dhabi's and Al Ain's
1034,keep,,Happy Land Nursery,,preschool,Nursery school,Al Qadisiya,,4.5,4,+971 6 524 4622,,,,"https://www.google.com/maps/place/Happy+Land+Nursery/@25.379429,55.415584,17z/data=!3m1!4b1!4m6!3m5!1s0x3e5f59ed36a28133:0xbfcd7a26138d0331!8m2!3d25.379429!4d55.415584!16s%2Fg%2F11bbwn55dc?authuser=0&hl=en&entry=ttu&g_ep=EgoyMDI2MTAwNC4wIKXMDSoASAFQAw%3D%3D",,,,,,,,,
944,keep,,Little Hearts Nursery Br. 1 Sharjah,,preschool,Nursery school,Al Qasimia,,4.9,9,+971 52 795 1492,,,,"https://www.google.com/maps/place/Little+Hearts+Nursery+Br.+1+Sharjah/@25.3430944,55.4044262,17z/data=!3m1!4b1!4m6!3m5!1s0x3e5f59c326cb8117:0x4c6b964de7e0769f!8m2!3d25.3430944!4d55.4044262!16s%2Fg%2F11lyhw2gyv?authuser=0&hl=en&entry=ttu&g_ep=EgoyMDI2MTAwNC4wIKXMDSoASAFQAw%3D%3D",,,,,,,,,
945,keep,,"Magic Kids Nursery, Mega Mall Area",,preschool,Nursery school,Al Qasimia,,5,34,+971 54 756 2555,info@magickidsnursery.com,,https://www.magickidsnursery.com/,"https://www.google.com/maps/place/Magic+Kids+Nursery,+Mega+Mall+Area/@25.3416338,55.4016879,17z/data=!3m1!4b1!4m6!3m5!1s0xf3fe8e4cf2b2fbb:0x70de704df04547aa!8m2!3d25.3416338!4d55.4016879!16s%2Fg%2F11xzh5z04g?authuser=0&hl=en&entry=ttu&g_ep=EgoyMDI2MTAwNC4wIKXMDSoASAFQAw%3D%3D",,,British (EYFS),SPEA,,We follow the SPEA approved British EYFS Curriculum (magickidsnursery.com),SPEA Approved British - EYFS Curriculum (magickidsnursery.com),https://magickidsnursery.com/,Magic Kids branch; details from the chain site
1086,keep,,Al Rahmaniya1 Nursery,,preschool,Nursery school,Al Rahmaniya,,3.9,17,+971 6 504 5555,,,,"https://www.google.com/maps/place/Al+Rahmaniya1+Nursery/@25.3535331,55.5619093,17z/data=!3m1!4b1!4m6!3m5!1s0x3ef5f41e5ece68dd:0xdfce97bfe042e50f!8m2!3d25.3535331!4d55.5619093!16s%2Fg%2F11b6hnnqv8?authuser=0&hl=en&entry=ttu&g_ep=EgoyMDI2MTAwNC4wIKXMDSoASAFQAw%3D%3D",,,,,,,,,
1087,keep,,حضانة الرحمانية الجديدة,,preschool,Kindergarten,Al Rahmaniya,,4.6,13,+971 800 05800,info@sn.ac.ae,"alnahwa@sn.ac.ae, kalba@sn.ac.ae, umalfadel@sn.ac.ae",https://www.sn.ac.ae/,"https://www.google.com/maps/place/%D8%AD%D8%B6%D8%A7%D9%86%D8%A9+%D8%A7%D9%84%D8%B1%D8%AD%D9%85%D8%A7%D9%86%D9%8A%D8%A9+%D8%A7%D9%84%D8%AC%D8%AF%D9%8A%D8%AF%D8%A9%E2%80%AD/@25.3611032,55.5763656,17z/data=!3m1!4b1!4m6!3m5!1s0x3ef5f70021685397:0xb21515cd7d2652e8!8m2!3d25.3611032!4d55.5763656!16s%2Fg%2F11vq_6jn_7?authuser=0&hl=en&entry=ttu&g_ep=EgoyMDI2MTAwNC4wIKXMDSoASAFQAw%3D%3D",,,,,,,,https://www.sn.ac.ae/,"Sharjah government nurseries site (sn.ac.ae), Arabic only; government nursery (sn.ac.ae) - kept like Abu Dhabi's Al Ghad nurseries"
895,keep,,Al Malakiyah English Nursery,,preschool,Nursery school,Al Ramla,,4.8,60,+971 56 279 3316,info@almalakiyahnursery.ae,,https://almalakiyahnursery.ae/,"https://www.google.com/maps/place/Al+Malakiyah+English+Nursery/@25.3553967,55.4217797,17z/data=!3m1!4b1!4m6!3m5!1s0x3e5f590a2aa90965:0xe61e7b8fae5032d5!8m2!3d25.3553967!4d55.4217797!16s%2Fg%2F1pp2vmh3p?authuser=0&hl=en&entry=ttu&g_ep=EgoyMDI2MTAwNC4wIKXMDSoASAFQAw%3D%3D",,,,,,,,https://almalakiyahnursery.ae/,
999,keep,,Al Shaima Nursery حضانة الشيماء,,preschool,Kindergarten,Al Ramla,,4,3,,,,,"https://www.google.com/maps/place/Al+Shaima+Nursery+%D8%AD%D8%B6%D8%A7%D9%86%D8%A9+%D8%A7%D9%84%D8%B4%D9%8A%D9%85%D8%A7%D8%A1%E2%80%AD/@25.3591651,55.4201312,17z/data=!3m1!4b1!4m6!3m5!1s0x3e5f59baafdfcea3:0xad94bf579c1d8aaa!8m2!3d25.3591651!4d55.4201312!16s%2Fg%2F11rsvdx5gv?authuser=0&hl=en&entry=ttu&g_ep=EgoyMDI2MTAwNC4wIKXMDSoASAFQAw%3D%3D",,,,,,,,,
939,keep,,Bumble Bee Nursery Alramla Sharjah,,preschool,Nursery school,Al Ramla,,4.5,128,+971 50 929 0452,info@bumblebeenursery.net,,http://www.bumblebeenursery.net/,"https://www.google.com/maps/place/Bumble+Bee+Nursery+Alramla+Sharjah/@25.356485,55.422023,17z/data=!3m1!4b1!4m6!3m5!1s0x3e5f59745ec55cbb:0x1fa556b8527a63ff!8m2!3d25.356485!4d55.422023!16s%2Fg%2F12vrkhc8b?authuser=0&hl=en&entry=ttu&g_ep=EgoyMDI2MTAwNC4wIKXMDSoASAFQAw%3D%3D",18 months,4 years,British (EYFS),SPEA,We welcome children from 1.5 to 4 years old.,All three groups follow the British EYFS curriculum.,licensed by the Sharjah Private Education Authority,http://www.bumblebeenursery.net/,
928,keep,,Fun & Play Nursery,,preschool,Nursery school,Al Ramla,,4.5,32,+971 50 398 2770,,,,"https://www.google.com/maps/place/Fun+%26+Play+Nursery/@25.360364,55.4233829,17z/data=!3m1!4b1!4m6!3m5!1s0x3e5f597561faa5a5:0xfa93d6c78b6037c7!8m2!3d25.360364!4d55.4233829!16s%2Fg%2F11b64ny2rr?authuser=0&hl=en&entry=ttu&g_ep=EgoyMDI2MTAwNC4wIKXMDSoASAFQAw%3D%3D",,,,,,,,,
1041,keep,,Red Roses British Nursery ‫حضانة الزهور الحمراء البريطانية,,preschool,Nursery school,Al Ramtha,,4.8,55,+971 52 771 1883,,,,"https://www.google.com/maps/place/Red+Roses+British+Nursery+%E2%80%AB%D8%AD%D8%B6%D8%A7%D9%86%D8%A9+%D8%A7%D9%84%D8%B2%D9%87%D9%88%D8%B1+%D8%A7%D9%84%D8%AD%D9%85%D8%B1%D8%A7%D8%A1+%D8%A7%D9%84%D8%A8%D8%B1%D9%8A%D8%B7%D8%A7%D9%86%D9%8A%D8%A9%E2%80%AD/@25.3542701,55.4490832,17z/data=!3m1!4b1!4m6!3m5!1s0x3e5f59a082504cff:0xffe3ebed1caa9bbf!8m2!3d25.3542701!4d55.4490832!16s%2Fg%2F11h6g44cs1?authuser=0&hl=en&entry=ttu&g_ep=EgoyMDI2MTAwNC4wIKXMDSoASAFQAw%3D%3D",,,,,,,,,
992,keep,,We Are Kids Nursery L.L.C.SP,,daycare,Day care center,Al Ramtha,,5,13,+971 56 761 0404,info@wearekidsnursery.ae,,http://www.wearekidsnursery.ae/,"https://www.google.com/maps/place/We+Are+Kids+Nursery+L.L.C.SP/@25.3566783,55.443536,17z/data=!3m1!4b1!4m6!3m5!1s0x3e5f595e5d368905:0x6ebbe0e9c86dd281!8m2!3d25.3566783!4d55.443536!16s%2Fg%2F11yhv1qdlj?authuser=0&hl=en&entry=ttu&g_ep=EgoyMDI2MTAwNC4wIKXMDSoASAFQAw%3D%3D",,,,,,,,http://www.wearekidsnursery.ae/,
1085,keep,,Al Rifa'a Nursery,,preschool,Nursery school,Al Rifaah,,3,2,+971 6 552 6112,,,,"https://www.google.com/maps/place/Al+Rifa'a+Nursery/@25.328248,55.4583867,17z/data=!3m1!4b1!4m6!3m5!1s0x3e5f5f32aafa5485:0x37474fcb0f054707!8m2!3d25.328248!4d55.4583867!16s%2Fg%2F11b7q8n8bv?authuser=0&hl=en&entry=ttu&g_ep=EgoyMDI2MTAwNC4wIKXMDSoASAFQAw%3D%3D",,,,,,,,,
986,keep,,Greenland Nursery,,preschool,Kindergarten,Al Rifaah,,5,54,+971 54 586 7779,info@greenland-uae.com,,https://www.greenland-uae.com/,"https://www.google.com/maps/place/Greenland+Nursery/@25.388405,55.418745,17z/data=!3m1!4b1!4m6!3m5!1s0x3e5f5900306fad37:0xf66884ce60bf7826!8m2!3d25.388405!4d55.418745!16s%2Fg%2F11vx6d9prp?authuser=0&hl=en&entry=ttu&g_ep=EgoyMDI2MTAwNC4wIKXMDSoASAFQAw%3D%3D",,,British (EYFS),SPEA,,British EYFS Curriculum,Green Land Nursery - Licensed by the Sharjah Private Education Authority,https://www.greenland-uae.com/,
979,keep,,Lollipop Nursery and Day Care,,daycare,Nursery school,Al Rifaah,,4.7,50,+971 6 524 7710,,,http://www.lollipopnursery.ae/,"https://www.google.com/maps/place/Lollipop+Nursery+and+Day+Care/@25.3885402,55.4167357,17z/data=!3m1!4b1!4m6!3m5!1s0x3e5f59ef756e0e85:0x6366a3955a2f6462!8m2!3d25.3885402!4d55.4167357!16s%2Fg%2F11f120tjy8?authuser=0&hl=en&entry=ttu&g_ep=EgoyMDI2MTAwNC4wIKXMDSoASAFQAw%3D%3D",,,,,,,,,
1029,keep,,Tender Moments Nursery,,preschool,Nursery school,Al Rifaah,,4.7,30,+971 6 522 9418,,,,"https://www.google.com/maps/place/Tender+Moments+Nursery/@25.3897855,55.421261,17z/data=!3m1!4b1!4m6!3m5!1s0x3e5f59e80cb394bd:0x4557f00cd8dfbbbe!8m2!3d25.3897855!4d55.421261!16s%2Fg%2F1tvw3drd?authuser=0&hl=en&entry=ttu&g_ep=EgoyMDI2MTAwNC4wIKXMDSoASAFQAw%3D%3D",,,,,,,,,
1036,keep,,Al Sundus Kindergarten,,preschool,Preschool,Al Sabkha,,4.6,19,,,,,"https://www.google.com/maps/place/Al+Sundus+Kindergarten/@25.3762756,55.4355486,17z/data=!3m1!4b1!4m6!3m5!1s0x3e5f59ba6276eae7:0x4c951db8da108774!8m2!3d25.3762756!4d55.4355486!16s%2Fg%2F1vg4h8dn?authuser=0&hl=en&entry=ttu&g_ep=EgoyMDI2MTAwNC4wIKXMDSoASAFQAw%3D%3D",,,,,,,,,kindergarten - kept like Abu Dhabi's and Al Ain's
1035,keep,,حضانة بج بن الإنجليزية,,preschool,Nursery school,Al Sabkha,,4.4,47,+971 6 524 0105,info@bigben.ae,info@bigbennursery.com,https://www.bigben.ae/,"https://www.google.com/maps/place/%D8%AD%D8%B6%D8%A7%D9%86%D8%A9+%D8%A8%D8%AC+%D8%A8%D9%86+%D8%A7%D9%84%D8%A5%D9%86%D8%AC%D9%84%D9%8A%D8%B2%D9%8A%D8%A9%E2%80%AD/@25.3815376,55.4290309,17z/data=!3m1!4b1!4m6!3m5!1s0x3e5f59bf1543c773:0xbdcdd9bfa59685dc!8m2!3d25.3815376!4d55.4290309!16s%2Fg%2F1tdf9l74?authuser=0&hl=en&entry=ttu&g_ep=EgoyMDI2MTAwNC4wIKXMDSoASAFQAw%3D%3D",18 months,4 years,British (EYFS),,ranging from 1 & 1/2 - 4 years old,We follow a British curriculum,,https://www.bigben.ae/,same site as Big Ben (Al Khan)
959,keep,,Happy Kids Nursery,,preschool,Nursery school,Al Shahba,,4.3,17,+971 6 538 9300,ndn@eim.ae,,http://www.earlyyearsedugrp.com/,"https://www.google.com/maps/place/Happy+Kids+Nursery/@25.3318957,55.4256606,17z/data=!3m1!4b1!4m6!3m5!1s0x3e5f59387aa09a45:0x21eb0ed6e6a47995!8m2!3d25.3318957!4d55.4256606!16s%2Fg%2F1hc2rzk49?authuser=0&hl=en&entry=ttu&g_ep=EgoyMDI2MTAwNC4wIKXMDSoASAFQAw%3D%3D",2 years,6 years,British (EYFS),,a colourful enchanting world for children aged 2 to 6 years,implementing the best practices from Early Years Foundation Stage,,http://www.earlyyearsedugrp.com/,Early Years Education Group (New Dubai Nursery); group email
972,keep,,Over The Rainbow Nursery (Al Bayan Nursery),,preschool,Nursery school,Al Shahba,,3.9,13,+971 6 538 5358,,,,"https://www.google.com/maps/place/Over+The+Rainbow+Nursery+(Al+Bayan+Nursery)/@25.3388654,55.4311762,17z/data=!3m1!4b1!4m6!3m5!1s0x3e5f593c2e11f8b5:0xa240a0c0a1567e15!8m2!3d25.3388654!4d55.4311762!16s%2Fg%2F11c7vzdgcr?authuser=0&hl=en&entry=ttu&g_ep=EgoyMDI2MTAwNC4wIKXMDSoASAFQAw%3D%3D",,,,,,,,,
930,keep,,Strawberry English Nursery,,preschool,Nursery school,Al Shahba,,4.4,49,+971 6 552 7955,,,,"https://www.google.com/maps/place/Strawberry+English+Nursery/@25.3277113,55.4326816,17z/data=!3m1!4b1!4m6!3m5!1s0x3e5f593171f815e1:0x1de5b4cdbb0b4908!8m2!3d25.3277113!4d55.4326816!16s%2Fg%2F11bw44rtqg?authuser=0&hl=en&entry=ttu&g_ep=EgoyMDI2MTAwNC4wIKXMDSoASAFQAw%3D%3D",,,,,,,,,
916,keep,,Al Farasha Kids Nursery,,preschool,Nursery school,Al Sharq,,4.5,35,+971 55 401 9163,,,,"https://www.google.com/maps/place/Al+Farasha+Kids+Nursery/@25.3647063,55.3931093,17z/data=!3m1!4b1!4m6!3m5!1s0x3e5f596bc4fbc413:0xfb261625c961bc9!8m2!3d25.3647063!4d55.3931093!16s%2Fg%2F11f120mc5n?authuser=0&hl=en&entry=ttu&g_ep=EgoyMDI2MTAwNC4wIKXMDSoASAFQAw%3D%3D",,,,,,,,,
1068,keep,,Al Qulaya'ah nurseryحضانة القليعة,,preschool,Kindergarten,Al Sharq,,4.3,4,,,,,"https://www.google.com/maps/place/Al+Qulaya'ah+nursery%D8%AD%D8%B6%D8%A7%D9%86%D8%A9+%D8%A7%D9%84%D9%82%D9%84%D9%8A%D8%B9%D8%A9%E2%80%AD/@25.373818,55.3956855,17z/data=!3m1!4b1!4m6!3m5!1s0x3e5f5a189e161217:0x3c2d22ce1412805f!8m2!3d25.373818!4d55.3956855!16s%2Fg%2F11gfmqqx7m?authuser=0&hl=en&entry=ttu&g_ep=EgoyMDI2MTAwNC4wIKXMDSoASAFQAw%3D%3D",,,,,,,,,
975,keep,,Al Saada Nursery,,preschool,Kindergarten,Al Sharq,,4.6,196,+971 50 474 2500,,,http://childcareuae.com/,"https://www.google.com/maps/place/Al+Saada+Nursery/@25.3830501,55.4079507,17z/data=!3m1!4b1!4m6!3m5!1s0x3e5f59f6a5095fe3:0xe6921aa95078ee14!8m2!3d25.3830501!4d55.4079507!16s%2Fg%2F11bwyyylf4?authuser=0&hl=en&entry=ttu&g_ep=EgoyMDI2MTAwNC4wIKXMDSoASAFQAw%3D%3D",,,,,,,,,
990,keep,,baby land nursery school sharjah,,preschool,Nursery school,Al Sharq,,4.4,5,,,,,"https://www.google.com/maps/place/baby+land+nursery+school+sharjah/@25.3641198,55.4032749,17z/data=!3m1!4b1!4m6!3m5!1s0x3e5f59878cb15b85:0x1a3aa89c128aa875!8m2!3d25.3641198!4d55.4032749!16s%2Fg%2F1ygbb7p3z?authuser=0&hl=en&entry=ttu&g_ep=EgoyMDI2MTAwNC4wIKXMDSoASAFQAw%3D%3D",,,,,,,,,
977,keep,,Euro Kids International Nursery,,preschool,Preschool,Al Sharq,,4.7,45,+971 6 522 2052,info@eurokids.ae,,http://www.eurokids.ae/,"https://www.google.com/maps/place/Euro+Kids+International+Nursery/@25.3854097,55.4121596,17z/data=!3m1!4b1!4m6!3m5!1s0x3e5f59ae5413f6cd:0x4ed3a49de9b926d6!8m2!3d25.3854097!4d55.4121596!16s%2Fg%2F11c5bsrw1r?authuser=0&hl=en&entry=ttu&g_ep=EgoyMDI2MTAwNC4wIKXMDSoASAFQAw%3D%3D",45 days,4 years,British (EYFS); Montessori,,we welcome children as young as 45 Days old until the age of 4 years,We follow the Early Years Foundation Stage Curriculum along with some key elements of the Montessori approach,,http://www.eurokids.ae/,
1006,keep,,Little Angel British Nursery | حضانة الملاك الصغير البريطانية | Kids Nursery | British Nursery | Play School,,preschool,Nursery school,Al Sharq,,5,21,+971 52 301 1155,,,https://www.instagram.com/little_angel_british_nursery_?igsh=NHJ2NWMwNjN4a3pk,"https://www.google.com/maps/place/Little+Angel+British+Nursery+%7C+%D8%AD%D8%B6%D8%A7%D9%86%D8%A9+%D8%A7%D9%84%D9%85%D9%84%D8%A7%D9%83+%D8%A7%D9%84%D8%B5%D8%BA%D9%8A%D8%B1+%D8%A7%D9%84%D8%A8%D8%B1%D9%8A%D8%B7%D8%A7%D9%86%D9%8A%D8%A9+%7C+Kids+Nursery+%7C+British+Nursery+%7C+Play+School%E2%80%AD/@25.3665081,55.417005,17z/data=!3m1!4b1!4m6!3m5!1s0x3e5f599effffffff:0x83e04fdef5692387!8m2!3d25.3665081!4d55.417005!16s%2Fg%2F11nnvs2vg0?authuser=0&hl=en&entry=ttu&g_ep=EgoyMDI2MTAwNC4wIKXMDSoASAFQAw%3D%3D",,,,,,,,,
1052,keep,,حضانة الإبداع - الشارقة,,preschool,Nursery school,Al Sharq,,4,36,+971 50 634 1777,,,http://www.facebook.com/ibdaanursery,"https://www.google.com/maps/place/%D8%AD%D8%B6%D8%A7%D9%86%D8%A9+%D8%A7%D9%84%D8%A5%D8%A8%D8%AF%D8%A7%D8%B9+-+%D8%A7%D9%84%D8%B4%D8%A7%D8%B1%D9%82%D8%A9%E2%80%AD/@25.3925898,55.425332,17z/data=!3m1!4b1!4m6!3m5!1s0x3e5f59dd571dbc95:0x56368ed81dc88883!8m2!3d25.3925898!4d55.425332!16s%2Fg%2F1vg4h8dp?authuser=0&hl=en&entry=ttu&g_ep=EgoyMDI2MTAwNC4wIKXMDSoASAFQAw%3D%3D",,,,,,,,,
1065,keep,,AL TEFIL AL NASHEET NURSERY,,preschool,Preschool,Al Suyoh,,4.9,38,+971 52 588 4472,,,http://www.altefilalnasheet.com/,"https://www.google.com/maps/place/AL+TEFIL+AL+NASHEET+NURSERY/@25.2382103,55.6270428,17z/data=!3m1!4b1!4m6!3m5!1s0x3ef58d4a653a1c4b:0x6c1bba949f8715c3!8m2!3d25.2382103!4d55.6270428!16s%2Fg%2F11y7tn4cm8?authuser=0&hl=en&entry=ttu&g_ep=EgoyMDI2MTAwNC4wIKXMDSoASAFQAw%3D%3D",,,,,,,,,
1090,keep,,Shajarat al Ibdaa Nursery L.L.C. SP,,preschool,Nursery school,Al Suyoh,,,0,+971 6 885 3308,,,https://treeofcreativity.ae/,"https://www.google.com/maps/place/Shajarat+al+Ibdaa+Nursery+L.L.C.+SP/@25.2154019,55.629103,17z/data=!3m1!4b1!4m6!3m5!1s0x3ef58d7bd30b9fcd:0xef977f62c38fb589!8m2!3d25.2154019!4d55.629103!16s%2Fg%2F11zwpq35kj?authuser=0&hl=en&entry=ttu&g_ep=EgoyMDI2MTAwNC4wIKXMDSoASAFQAw%3D%3D",,,,,,,,https://treeofcreativity.ae/,"site in Arabic, little text"
1089,keep,,حضانة السيوح - Alsiyouh Nursery,,preschool,Nursery school,Al Suyoh,,4.7,17,+971 54 206 5667,info@sn.ac.ae,,https://www.sn.ac.ae/care-and-education/,"https://www.google.com/maps/place/%D8%AD%D8%B6%D8%A7%D9%86%D8%A9+%D8%A7%D9%84%D8%B3%D9%8A%D9%88%D8%AD+-+Alsiyouh+Nursery%E2%80%AD/@25.2407894,55.5941204,17z/data=!3m1!4b1!4m6!3m5!1s0x3ef58df718d2586d:0x4205eb0966a7f660!8m2!3d25.2407894!4d55.5941204!16s%2Fg%2F11t7bw13_2?authuser=0&hl=en&entry=ttu&g_ep=EgoyMDI2MTAwNC4wIKXMDSoASAFQAw%3D%3D",,,,,,,,https://www.sn.ac.ae/care-and-education/,"Sharjah government nurseries site (sn.ac.ae), Arabic only; government nursery (sn.ac.ae) - kept like Abu Dhabi's Al Ghad nurseries"
900,keep,,Al Bait Al Sagheer Nursery (Learn & Fun),,preschool,Nursery school,Al Taawun,,4.7,38,+971 54 995 7439,info@albaitalsagheernursery.com,albaitalsagheernursery@gmail.com,http://www.albaitalsagheernursery.com/,"https://www.google.com/maps/place/Al+Bait+Al+Sagheer+Nursery+(Learn+%26+Fun)/@25.3105996,55.3741761,17z/data=!3m1!4b1!4m6!3m5!1s0x3e5f5b88a261d62d:0xb17e99ef25887039!8m2!3d25.3105996!4d55.3741761!16s%2Fg%2F11c5_2fvfv?authuser=0&hl=en&entry=ttu&g_ep=EgoyMDI2MTAwNC4wIKXMDSoASAFQAw%3D%3D",45 days,5 years,British (EYFS); Montessori,,We accept children of ages 45 days to 5 years.,It follows the British Early Years Foundation Stage and Montessari curriculum.,,http://www.albaitalsagheernursery.com/,
883,keep,,Five Kids Nursery Al Taawun Sharjah,,preschool,Preschool,Al Taawun,,4.7,124,+971 6 528 9994,,,https://5kidsnursery.com/,"https://www.google.com/maps/place/Five+Kids+Nursery+Al+Taawun+Sharjah/@25.3183848,55.3779318,17z/data=!3m1!4b1!4m6!3m5!1s0x3e5f5b9289fd2c43:0x67515fe35e46325!8m2!3d25.3183848!4d55.3779318!16s%2Fg%2F11c2nzzqkt?authuser=0&hl=en&entry=ttu&g_ep=EgoyMDI2MTAwNC4wIKXMDSoASAFQAw%3D%3D",,,,,,,,,
906,keep,,"Magic Kids Nursery, Al Taawun",,preschool,Nursery school,Al Taawun,,5,44,+971 54 762 0555,info@magickidsnursery.com,,https://magickidsnursery.com/,"https://www.google.com/maps/place/Magic+Kids+Nursery,+Al+Taawun/@25.3023979,55.3647334,17z/data=!3m1!4b1!4m6!3m5!1s0x3e5f5d5a040df94d:0x23d98269bc357573!8m2!3d25.3023979!4d55.3647334!16s%2Fg%2F11xl97fbt1?authuser=0&hl=en&entry=ttu&g_ep=EgoyMDI2MTAwNC4wIKXMDSoASAFQAw%3D%3D",,,British (EYFS),SPEA,,We follow the SPEA approved British EYFS Curriculum,SPEA Approved British - EYFS Curriculum,https://magickidsnursery.com/,
962,keep,,Pardis Nursery,,preschool,Nursery school,Al Taawun,,5,3,+971 52 705 2164,,,,"https://www.google.com/maps/place/Pardis+Nursery/@25.3048808,55.3641471,17z/data=!3m1!4b1!4m6!3m5!1s0x3e5f5b004d128569:0x38fa65ef9406af64!8m2!3d25.3048808!4d55.3641471!16s%2Fg%2F11ymjzzdzl?authuser=0&hl=en&entry=ttu&g_ep=EgoyMDI2MTAwNC4wIKXMDSoASAFQAw%3D%3D",,,,,,,,,
909,keep,,"Rising Stars Nursery LLC - Sharjah, UAE",,preschool,Nursery school,Al Taawun,,4.6,25,+971 55 293 0277,info@risingstarnursery.co,,https://risingstarsnursery.co/,"https://www.google.com/maps/place/Rising+Stars+Nursery+LLC+-+Sharjah,+UAE/@25.3113211,55.3787815,17z/data=!3m1!4b1!4m6!3m5!1s0x3e5f5bcd9b89fbfb:0xc9a45853e402c2d2!8m2!3d25.3113211!4d55.3787815!16s%2Fg%2F11w839qp3d?authuser=0&hl=en&entry=ttu&g_ep=EgoyMDI2MTAwNC4wIKXMDSoASAFQAw%3D%3D",45 days,4 years,British (EYFS),,children aged 45 days to 4 flourish,a commitment to the Early Years Foundation Stage,,https://risingstarsnursery.co/,another line says 2 to 4 years
1026,keep,,Al Tala'a Government Nursery,,preschool,Nursery school,Al Talae,,4.8,5,+971 800 80005,,,,"https://www.google.com/maps/place/Al+Tala'a+Government+Nursery/@25.3403996,55.447593,17z/data=!3m1!4b1!4m6!3m5!1s0x3e5f58d8af5d7f11:0x6f35615c50dc3896!8m2!3d25.3403996!4d55.447593!16s%2Fg%2F11b7q6w6kt?authuser=0&hl=en&entry=ttu&g_ep=EgoyMDI2MTAwNC4wIKXMDSoASAFQAw%3D%3D",,,,,,,,,government nursery - kept like Abu Dhabi's Al Ghad nurseries
940,keep,,Jebel Ali Village Early Childhood Centre - Al Zahia Br.,,preschool,Preschool,Al Zahia,,4.9,50,+971 6 510 5581,admissions@javn.ae,,http://www.javn.ae/,"https://www.google.com/maps/place/Jebel+Ali+Village+Early+Childhood+Centre+-+Al+Zahia+Br./@25.3224763,55.4638975,17z/data=!3m1!4b1!4m6!3m5!1s0x3e5f5fc871466891:0x85a2ede290798730!8m2!3d25.3224763!4d55.4638975!16s%2Fg%2F11swn7hh2w?authuser=0&hl=en&entry=ttu&g_ep=EgoyMDI2MTAwNC4wIKXMDSoASAFQAw%3D%3D",45 days,5 years,British (EYFS),SPEA,45 Days - 12 Months ... 4 - 5 Years,our core foundation is the British Early Years Foundation Stage (EYFS) framework,Jebel Ali Nursery Selected as a Beacon Nursery by SPEA,http://www.javn.ae/,chain site (mostly Dubai branches)
1024,keep,,Maple Bear Nursery Aljada - sharjah,,preschool,Nursery school,Aljada,,4.7,258,+971 52 169 0223,admissions@maplebeargulfschools.com,hr@maplebeargulfschools.com,https://www.maplebeargulfschools.com/our-location/sharjah/nursery-aljada/?utm_source=google&utm_medium=GMB,"https://www.google.com/maps/place/Maple+Bear+Nursery+Aljada+-+sharjah/@25.3186936,55.4789592,17z/data=!3m1!4b1!4m6!3m5!1s0x3e5f5f44ec5b6169:0x85ea899affb2456e!8m2!3d25.3186936!4d55.4789592!16s%2Fg%2F11sz3rq6p2?authuser=0&hl=en&entry=ttu&g_ep=EgoyMDI2MTAwNC4wIKXMDSoASAFQAw%3D%3D",45 days,6 years,Canadian,,Supporting holistic growth from ages 45 days to 6 years,Globally recognized Canadian curriculum,,https://www.maplebeargulfschools.com/our-location/sharjah/nursery-aljada/,
1048,keep,,Royal Kids Nursery,,preschool,Nursery school,Aljada,,4.5,14,+971 50 643 5900,info@theroyalkidsnursery.com,,https://www.theroyalkidsnursery.com/,"https://www.google.com/maps/place/Royal+Kids+Nursery/@25.313367,55.4776162,17z/data=!3m1!4b1!4m6!3m5!1s0x3e5f5fb38a830261:0x74cd3ff94990d45e!8m2!3d25.313367!4d55.4776162!16s%2Fg%2F11ym7547gq?authuser=0&hl=en&entry=ttu&g_ep=EgoyMDI2MTAwNC4wIKXMDSoASAFQAw%3D%3D",45 days,4 years,British (EYFS),,"Nursery classes by age, from 45 days to 4 years","An authentic British EYFS experience, in partnership with Reigate Grammar School.",,https://www.theroyalkidsnursery.com/,
1016,keep,,Kids Corner,,daycare,Day care center,Buteena,,4.5,31,+971 52 557 0135,kidsclubnurseries@gmail.com,,https://kidsclubnursery.ae/,"https://www.google.com/maps/place/Kids+Corner/@25.3707929,55.4043864,17z/data=!3m1!4b1!4m6!3m5!1s0x3e5f59465dd69035:0xd2ec6583cc6813a5!8m2!3d25.3707929!4d55.4043864!16s%2Fg%2F11lnk0qdwb?authuser=0&hl=en&entry=ttu&g_ep=EgoyMDI2MTAwNC4wIKXMDSoASAFQAw%3D%3D",,,,,,,,,
924,keep,,Al Iman English Nursery,,preschool,Nursery school,Halwan,,4.9,91,+971 6 566 0664,,,,"https://www.google.com/maps/place/Al+Iman+English+Nursery/@25.3418563,55.4282197,17z/data=!3m1!4b1!4m6!3m5!1s0x3e5f59159c7ef6a3:0xddabda42468808ee!8m2!3d25.3418563!4d55.4282197!16s%2Fg%2F11f0_dp4wn?authuser=0&hl=en&entry=ttu&g_ep=EgoyMDI2MTAwNC4wIKXMDSoASAFQAw%3D%3D",,,,,,,,,
1050,keep,,Daffodils Nursery,,preschool,Educational institution,Halwan,,,0,+971 6 552 8828,hello@daffodilsnursery.ae,,http://www.daffodilsnursery.ae/,"https://www.google.com/maps/place/Daffodils+Nursery/@25.3462553,55.4209317,17z/data=!3m1!4b1!4m6!3m5!1s0x3e5f5932f7c024ad:0x8a894b0adc9ed02!8m2!3d25.3462553!4d55.4209317!16s%2Fg%2F11fnnrt7g7?authuser=0&hl=en&entry=ttu&g_ep=EgoyMDI2MTAwNC4wIKXMDSoASAFQAw%3D%3D",2 years,4 years,British (EYFS),,2 - 3 Years Preschool / 3 - 4 Years Foundation,"The nursery employs ... the British, EYFS, Curriculum.",,http://www.daffodilsnursery.ae/,
1004,keep,,Rahiq Al Asal Nursery Branch 1,,preschool,Montessori school,Halwan,,,0,+971 6 536 0023,rahiqnursery@gmail.com,,https://rahiqalasalnursery.com/,"https://www.google.com/maps/place/Rahiq+Al+Asal+Nursery+Branch+1/@25.3524439,55.4313294,17z/data=!3m1!4b1!4m6!3m5!1s0x3e5f59dc52b3f547:0xac692bdd29455135!8m2!3d25.3524439!4d55.4313294!16s%2Fg%2F11vjcmqjnq?authuser=0&hl=en&entry=ttu&g_ep=EgoyMDI2MTAwNC4wIKXMDSoASAFQAw%3D%3D",,,British (EYFS),,,Based on the Early Years Foundation Stage (EYFS) curriculum,,https://rahiqalasalnursery.com/,
894,keep,,Euro Kids International Nursery- Maysaloon Branch,,preschool,Preschool,Maysaloon,,4.7,124,+971 6 561 2136,info@eurokids.ae,,https://www.eurokids.ae/,"https://www.google.com/maps/place/Euro+Kids+International+Nursery-+Maysaloon+Branch/@25.3636874,55.4062303,17z/data=!3m1!4b1!4m6!3m5!1s0x3e5f5986f8d69761:0x865a93e45a480ffc!8m2!3d25.3636874!4d55.4062303!16s%2Fg%2F1th80dxk?authuser=0&hl=en&entry=ttu&g_ep=EgoyMDI2MTAwNC4wIKXMDSoASAFQAw%3D%3D",45 days,4 years,British (EYFS); Montessori,,we welcome children as young as 45 Days old until the age of 4 years,We follow the Early Years Foundation Stage Curriculum along with some key elements of the Montessori approach,,https://www.eurokids.ae/,
887,keep,,Happy Home Nursery Sharjah,,preschool,Nursery school,Maysaloon,,4.8,279,+971 56 433 2045,info@happyhomenursery.com,,https://www.happyhomenursery.com/,"https://www.google.com/maps/place/Happy+Home+Nursery+Sharjah/@25.3630304,55.405846,17z/data=!3m1!4b1!4m6!3m5!1s0x3e5f5986e21e65ad:0x2934e0a68ec9383e!8m2!3d25.3630304!4d55.405846!16s%2Fg%2F1thgfhhw?authuser=0&hl=en&entry=ttu&g_ep=EgoyMDI2MTAwNC4wIKXMDSoASAFQAw%3D%3D",1 years,4 years,British (EYFS),,Starting ages for babies accepted at the Nursery is from 1 year and children can remain at the Nursery until their fourth birthday,We follow the EYFS (British) curriculum.,,https://www.happyhomenursery.com/,
976,keep,,Al Masa Al Zarqa Nursery,,preschool,Nursery school,Muwaileh,,4,39,+971 55 788 6641,,,,"https://www.google.com/maps/place/Al+Masa+Al+Zarqa+Nursery/@25.2930431,55.4600734,17z/data=!3m1!4b1!4m6!3m5!1s0x3e5f5f2012a3de47:0xbecd9598f18aa09d!8m2!3d25.2930431!4d55.4600734!16s%2Fg%2F11f54s79r4?authuser=0&hl=en&entry=ttu&g_ep=EgoyMDI2MTAwNC4wIKXMDSoASAFQAw%3D%3D",,,,,,,,,
1021,keep,,"Daffodils Nursery, Muweilah, Sharjah",,preschool,Nursery school,Muwaileh,,4.5,197,+971 58 841 4787,hello@daffodilsnursery.ae,,http://www.daffodilsnursery.ae/,"https://www.google.com/maps/place/Daffodils+Nursery,+Muweilah,+Sharjah/@25.289216,55.4479804,17z/data=!3m1!4b1!4m6!3m5!1s0x3e5f5f19742a3f53:0x2e482d2206a8d587!8m2!3d25.289216!4d55.4479804!16s%2Fg%2F11t4cbvgbs?authuser=0&hl=en&entry=ttu&g_ep=EgoyMDI2MTAwNC4wIKXMDSoASAFQAw%3D%3D",2 years,4 years,British (EYFS),,2 - 3 Years Preschool / 3 - 4 Years Foundation,"The nursery employs ... the British, EYFS, Curriculum.",,http://www.daffodilsnursery.ae/,
1032,keep,,Delma Nursery,,preschool,Nursery school,Muwaileh,,4.8,58,+971 6 767 6144,info@delma.com,,https://www.delmanursery.com/,"https://www.google.com/maps/place/Delma+Nursery/@25.3094071,55.4556424,17z/data=!3m1!4b1!4m6!3m5!1s0x3e5f5f22ffc7cb17:0x50deb98e372f256c!8m2!3d25.3094071!4d55.4556424!16s%2Fg%2F11b7g1q8xw?authuser=0&hl=en&entry=ttu&g_ep=EgoyMDI2MTAwNC4wIKXMDSoASAFQAw%3D%3D",2 years,4 years,British (EYFS),,Delma expanded into a British Curriculum Nursery that now focuses on catering to students of the ages 2 years to 4 years.,EYFS based curriculum,,https://www.delmanursery.com/,email domain (delma.com) differs from the website (delmanursery.com) - check
1047,keep,,Fun Zone Kids,,preschool,Preschool,Muwaileh,,4.9,26,+971 56 455 9484,,,https://funzonekidz.com/,"https://www.google.com/maps/place/Fun+Zone+Kids/@25.2981997,55.4569408,17z/data=!3m1!4b1!4m6!3m5!1s0x3e5f5fb512992bc5:0x5d4f64cc3e3389ed!8m2!3d25.2981997!4d55.4569408!16s%2Fg%2F11vds6k4bv?authuser=0&hl=en&entry=ttu&g_ep=EgoyMDI2MTAwNC4wIKXMDSoASAFQAw%3D%3D",,,,,,,,,
1072,keep,,Future Kids Nursery,,preschool,Nursery school,Muwaileh,,5,1,+971 56 217 3703,,,,"https://www.google.com/maps/place/Future+Kids+Nursery/@25.285053,55.4530029,17z/data=!3m1!4b1!4m6!3m5!1s0x3e5f5f5006d10b41:0x16f7a37b42d9ab04!8m2!3d25.285053!4d55.4530029!16s%2Fg%2F11vcr97tyd?authuser=0&hl=en&entry=ttu&g_ep=EgoyMDI2MTAwNC4wIKXMDSoASAFQAw%3D%3D",,,,,,,,,
1039,keep,,Jumeirah International Nurseries,,preschool,Nursery school,Muwaileh,,5,12,+971 6 715 5851,,,https://jinspire.com/,"https://www.google.com/maps/place/Jumeirah+International+Nurseries/@25.3090625,55.4670625,17z/data=!3m1!4b1!4m6!3m5!1s0x3e5f5fdd46d5c4ef:0x9c07cc43236fa222!8m2!3d25.3090625!4d55.4670625!16s%2Fg%2F11xfs_w_x3?authuser=0&hl=en&entry=ttu&g_ep=EgoyMDI2MTAwNC4wIKXMDSoASAFQAw%3D%3D",45 days,6 years,British (EYFS),,Join us for an inspiring start from Nursery to Year 1 (age 45 days to 6 years old).,#eyfs #britishcurriculum; a holistic and inspiring British education,,https://jinspire.com/,"branch at Al Mamsha, Sharjah"
1017,keep,,Magic Kids Nursery Muweilah Commercial,,preschool,Nursery school,Muwaileh,,4.9,70,+971 56 731 4555,info@magickidsnursery.com,,https://www.magickidsnursery.com/,"https://www.google.com/maps/place/Magic+Kids+Nursery+Muweilah+Commercial/@25.304988,55.4586183,17z/data=!3m1!4b1!4m6!3m5!1s0x3e5f5ff97646c193:0xd050bd48895abcc3!8m2!3d25.304988!4d55.4586183!16s%2Fg%2F11wj0ds6bd?authuser=0&hl=en&entry=ttu&g_ep=EgoyMDI2MTAwNC4wIKXMDSoASAFQAw%3D%3D",,,British (EYFS),SPEA,,We follow the SPEA approved British EYFS Curriculum (magickidsnursery.com),SPEA Approved British - EYFS Curriculum (magickidsnursery.com),https://magickidsnursery.com/,Magic Kids branch; details from the chain site
963,keep,,"Magic Kids Nursery, Muweilah",,preschool,Nursery school,Muwaileh,,4.8,236,+971 56 731 4555,info@magickidsnursery.com,,,"https://www.google.com/maps/place/Magic+Kids+Nursery,+Muweilah/@25.2981173,55.4575794,17z/data=!3m1!4b1!4m6!3m5!1s0x3e5f5f3ababf0263:0x27dd24b3652c3f9d!8m2!3d25.2981173!4d55.4575794!16s%2Fg%2F11s5b_1w__?authuser=0&hl=en&entry=ttu&g_ep=EgoyMDI2MTAwNC4wIKXMDSoASAFQAw%3D%3D",,,British (EYFS),SPEA,,We follow the SPEA approved British EYFS Curriculum (magickidsnursery.com),SPEA Approved British - EYFS Curriculum (magickidsnursery.com),https://magickidsnursery.com/,Magic Kids branch; details from the chain site
1018,keep,,Sama Al Nujoom,,daycare,Day care center,Muwaileh,,5,15,+971 55 574 6994,,,https://www.sama-al-nujoom.com/,"https://www.google.com/maps/place/Sama+Al+Nujoom/@25.2901963,55.4468212,17z/data=!3m1!4b1!4m6!3m5!1s0x3e5f5f1c39b13a35:0x8e94b00888b2cd7e!8m2!3d25.2901963!4d55.4468212!16s%2Fg%2F11wxby6q_r?authuser=0&hl=en&entry=ttu&g_ep=EgoyMDI2MTAwNC4wIKXMDSoASAFQAw%3D%3D",,,,,,,,,
1064,keep,,"SMART CUBS Daycare,Nursery,Tuition",,daycare,Day care center,Muwaileh,,4.2,5,+971 52 876 0077,,,https://www.smartcubs.ae/,"https://www.google.com/maps/place/SMART+CUBS+Daycare,Nursery,Tuition/@25.2972021,55.457734,17z/data=!3m1!4b1!4m6!3m5!1s0x3e5f5f6a5e5c987b:0x889a666dac51408b!8m2!3d25.2972021!4d55.457734!16s%2Fg%2F11vm5xcll4?authuser=0&hl=en&entry=ttu&g_ep=EgoyMDI2MTAwNC4wIKXMDSoASAFQAw%3D%3D",,,,,,,,,
1082,keep,,روضة القرائن,,preschool,Preschool,Muwaileh,,4.3,20,+971 6 808 6130,,,,"https://www.google.com/maps/place/%D8%B1%D9%88%D8%B6%D8%A9+%D8%A7%D9%84%D9%82%D8%B1%D8%A7%D8%A6%D9%86%E2%80%AD/@25.2993836,55.5200804,17z/data=!3m1!4b1!4m6!3m5!1s0x3ef5f509a67666d9:0x3283f896ef7d9eef!8m2!3d25.2993836!4d55.5200804!16s%2Fg%2F11cs067yh_?authuser=0&hl=en&entry=ttu&g_ep=EgoyMDI2MTAwNC4wIKXMDSoASAFQAw%3D%3D",,,,,,,,,kindergarten - kept like Abu Dhabi's and Al Ain's
904,keep,,British Orchard Nursery - Halwaan Sharjah,,preschool,Nursery school,Samnan,,4.7,198,+971 56 177 3241,info@britishorchardnursery.com,"jbr@britishorchardnursery.com, mirdif@britishorchardnursery.com, mbz@britishorchardnursery.com, altwar@britishorchardnursery.com",http://www.britishorchardnursery.com/,"https://www.google.com/maps/place/British+Orchard+Nursery+-+Halwaan+Sharjah/@25.342932,55.4200055,17z/data=!3m1!4b1!4m6!3m5!1s0x3e5f598d6eb2df7b:0x132e35399312a4f6!8m2!3d25.342932!4d55.4200055!16s%2Fg%2F11hzhcq9wt?authuser=0&hl=en&entry=ttu&g_ep=EgoyMDI2MTAwNC4wIKXMDSoASAFQAw%3D%3D",45 days,5 years,British (EYFS),,We accept children from 45 days to 5 years old,BON follows the EYFS (British) curriculum,,http://www.britishorchardnursery.com/,chain site; no Sharjah branch email
919,keep,,Dolphin Nursery,,preschool,Kindergarten,Samnan,,4.7,112,+971 50 114 4919,,,http://childcareuae.com/,"https://www.google.com/maps/place/Dolphin+Nursery/@25.341387,55.4216272,17z/data=!3m1!4b1!4m6!3m5!1s0x3e5f596a4ff069f1:0x6c0e962208cfa26e!8m2!3d25.341387!4d55.4216272!16s%2Fg%2F11bbrc7vsn?authuser=0&hl=en&entry=ttu&g_ep=EgoyMDI2MTAwNC4wIKXMDSoASAFQAw%3D%3D",,,,,,,,,
1022,keep,,.Sharjah Kindercare Nursery,,preschool,Nursery school,Sharqan,,4.1,10,+971 4 398 4900,ndn@eim.ae,,http://www.earlyyearsedugrp.com/,"https://www.google.com/maps/place/.Sharjah+Kindercare+Nursery/@25.375958,55.403794,17z/data=!3m1!4b1!4m6!3m5!1s0x3e5f598ab3304d4d:0x838b3545cd24af0c!8m2!3d25.375958!4d55.403794!16s%2Fg%2F1pp2tjpq0?authuser=0&hl=en&entry=ttu&g_ep=EgoyMDI2MTAwNC4wIKXMDSoASAFQAw%3D%3D",2 years,6 years,British (EYFS),,a colourful enchanting world for children aged 2 to 6 years,implementing the best practices from Early Years Foundation Stage,,http://www.earlyyearsedugrp.com/,Early Years Education Group (New Dubai Nursery); group email
991,keep,,Bright Future British Nursery - حضانة المستقبل المشرق البريطانية,,preschool,Nursery school,Sharqan,,5,15,+971 56 333 5797,info@brightfuturenursery.com,,https://brightfuturenursery.com/,"https://www.google.com/maps/place/Bright+Future+British+Nursery+-+%D8%AD%D8%B6%D8%A7%D9%86%D8%A9+%D8%A7%D9%84%D9%85%D8%B3%D8%AA%D9%82%D8%A8%D9%84+%D8%A7%D9%84%D9%85%D8%B4%D8%B1%D9%82+%D8%A7%D9%84%D8%A8%D8%B1%D9%8A%D8%B7%D8%A7%D9%86%D9%8A%D8%A9%E2%80%AD/@25.3796461,55.4149433,17z/data=!3m1!4b1!4m6!3m5!1s0x3e5f59462232fb6f:0xb24b5f9662c7f3f!8m2!3d25.3796461!4d55.4149433!16s%2Fg%2F11x2cm_nf8?authuser=0&hl=en&entry=ttu&g_ep=EgoyMDI2MTAwNC4wIKXMDSoASAFQAw%3D%3D",,,Montessori,,,we embrace the Montessori approach,,https://brightfuturenursery.com/,name says 'British'; site lists groups 2-6 / 3-5 / 3-6 years (unclear)
988,keep,,Happy Face Nursery,,preschool,Preschool,Sharqan,,3,2,+971 54 779 2333,,,http://www.happyfacenursery.com/,"https://www.google.com/maps/place/Happy+Face+Nursery/@25.3856769,55.4156975,17z/data=!3m1!4b1!4m6!3m5!1s0x3e5f59ee4223a0e1:0x1e16588767543080!8m2!3d25.3856769!4d55.4156975!16s%2Fg%2F1wbrw7rd?authuser=0&hl=en&entry=ttu&g_ep=EgoyMDI2MTAwNC4wIKXMDSoASAFQAw%3D%3D",,,,,,,,,
1055,keep,,The Canadian Preschool,,preschool,Preschool,Sharqan,,3.7,3,+971 50 398 8106,,,,"https://www.google.com/maps/place/The+Canadian+Preschool/@25.3769146,55.4065871,17z/data=!3m1!4b1!4m6!3m5!1s0x3e5f59f4cb5b385b:0xbd6f5e2bbcf83b34!8m2!3d25.3769146!4d55.4065871!16s%2Fg%2F119wbgff0?authuser=0&hl=en&entry=ttu&g_ep=EgoyMDI2MTAwNC4wIKXMDSoASAFQAw%3D%3D",,,,,,,,,
1045,keep,,Club Center - Canadian Montessori Nursery - AUS,,daycare,Day care center,University City,,5,1,+971 54 509 1191,info@canadianmontessorinursery.com,"training@canadianmontessorinursery.com, admin@cmn.ae",https://canadianmontessorinursery.com/,"https://www.google.com/maps/place/Club+Center+-+Canadian+Montessori+Nursery+-+AUS/@25.3150189,55.4909064,17z/data=!3m1!4b1!4m6!3m5!1s0x3e5f5f602287dcf7:0x2409008905b4e2e!8m2!3d25.3150189!4d55.4909064!16s%2Fg%2F11c6vv4ctg?authuser=0&hl=en&entry=ttu&g_ep=EgoyMDI2MTAwNC4wIKXMDSoASAFQAw%3D%3D",,,Montessori,,,we are committed to providing a holistic Montessori education,,https://canadianmontessorinursery.com/,"'KHDA-approved' refers to their teacher-training courses, not the nursery"
1079,keep,,حضانة جامعة الشارقة,,preschool,Nursery school,University City,,3.2,20,+971 6 505 3790,,,,"https://www.google.com/maps/place/%D8%AD%D8%B6%D8%A7%D9%86%D8%A9+%D8%AC%D8%A7%D9%85%D8%B9%D8%A9+%D8%A7%D9%84%D8%B4%D8%A7%D8%B1%D9%82%D8%A9%E2%80%AD/@25.2943405,55.4849336,17z/data=!3m1!4b1!4m6!3m5!1s0x3e5f5f78bad9a1cf:0x6f248b0230280231!8m2!3d25.2943405!4d55.4849336!16s%2Fg%2F11bwm45pvp?authuser=0&hl=en&entry=ttu&g_ep=EgoyMDI2MTAwNC4wIKXMDSoASAFQAw%3D%3D",,,,,,,,,University of Sharjah nursery
995,keep,,Blooming Stars Nursery,,preschool,Nursery school,Wasit,,5,1,+971 54 234 7798,hello@bloomingstars.ae,bloomingstarsnursery@gmail.com,http://www.bloomingstarsnursery.com/,"https://www.google.com/maps/place/Blooming+Stars+Nursery/@25.3524279,55.4378723,17z/data=!3m1!4b1!4m6!3m5!1s0x3e5f590bf9ec4bf3:0xfa740c6ef9329fac!8m2!3d25.3524279!4d55.4378723!16s%2Fg%2F11zhb0p155?authuser=0&hl=en&entry=ttu&g_ep=EgoyMDI2MTAwNC4wIKXMDSoASAFQAw%3D%3D",1 years,4 years,Arabic / English bilingual,SPEA,for children aged 1 year to 4 years,Bilingual Arabic & English; aligned with UAE Ministry of Education early learning standards,Fully licensed by the Sharjah Private Education Authority,http://www.bloomingstarsnursery.com/,founded 2026
1059,keep,,Cherry Blossom Nursery,,preschool,Nursery school,Wasit,,4.4,14,+971 6 532 2677,info@cbnursery.ae,admissions@cbnursery.ae,https://cbnursery.ae/,"https://www.google.com/maps/place/Cherry+Blossom+Nursery/@25.3669909,55.4562914,17z/data=!3m1!4b1!4m6!3m5!1s0x3e5f59b8d8c01073:0xcb0d8e2f7318954!8m2!3d25.3669909!4d55.4562914!16s%2Fg%2F11m_82zrww?authuser=0&hl=en&entry=ttu&g_ep=EgoyMDI2MTAwNC4wIKXMDSoASAFQAw%3D%3D",1 years,4 years,British (EYFS); Arabic / English bilingual,,We welcome children aged 1 to 4 years old,high-quality EYFS bilingual education; native English and Arabic educators co-lead classroom activities,,https://cbnursery.ae/,
1038,keep,,Derby Nursery (Dibber Sharjah),,preschool,Nursery school,Wasit,,4.9,121,+971 6 555 6817,familyrelations@dibber.com,"sana.saleem@dibber.com, familyrelations@dibberfamily.com",https://www.edu.dibber.com/dibber-nursery-sharjah,"https://www.google.com/maps/place/Derby+Nursery+(Dibber+Sharjah)/@25.3538625,55.454607,17z/data=!3m1!4b1!4m6!3m5!1s0x3e5f58e42529c241:0x55ecca01c09dea06!8m2!3d25.3538625!4d55.454607!16s%2Fg%2F11b7qnpn15?authuser=0&hl=en&entry=ttu&g_ep=EgoyMDI2MTAwNC4wIKXMDSoASAFQAw%3D%3D",45 days,6 years,British (EYFS),,children aged 45 days to 6 years,offering the British EYFS (Early Years Foundation Stage) curriculum,,https://www.edu.dibber.com/dibber-nursery-sharjah,also Dibber's Norwegian pedagogy; the site also shows a staff member's address (sana.saleem@)
1075,keep,,"Suweihat Nursery, Sharjah",,preschool,Nursery school,Wasit,,4.7,10,+971 6 552 8744,,,,"https://www.google.com/maps/place/Suweihat+Nursery,+Sharjah/@25.3487846,55.4523788,17z/data=!3m1!4b1!4m6!3m5!1s0x3e5f58e0b5de6f1d:0xaa5b90d4644f47af!8m2!3d25.3487846!4d55.4523788!16s%2Fg%2F11ckqs1fzy?authuser=0&hl=en&entry=ttu&g_ep=EgoyMDI2MTAwNC4wIKXMDSoASAFQAw%3D%3D",,,,,,,,,
1027,keep,,Wasit 2 Nursery - حضانة واسط 2,,preschool,Nursery school,Wasit,,5,1,,,,,"https://www.google.com/maps/place/Wasit+2+Nursery+-+%D8%AD%D8%B6%D8%A7%D9%86%D8%A9+%D9%88%D8%A7%D8%B3%D8%B7+2%E2%80%AD/@25.3525338,55.4438639,17z/data=!3m1!4b1!4m6!3m5!1s0x3e5f590000af7355:0xf37c30a561158e10!8m2!3d25.3525338!4d55.4438639!16s%2Fg%2F11vwq2l2_m?authuser=0&hl=en&entry=ttu&g_ep=EgoyMDI2MTAwNC4wIKXMDSoASAFQAw%3D%3D",,,,,,,,,
1053,keep,,Wasit Independent Nursery حضانة واسط المستقلة,,preschool,Nursery school,Wasit,,4,4,,,,,"https://www.google.com/maps/place/Wasit+Independent+Nursery+%D8%AD%D8%B6%D8%A7%D9%86%D8%A9+%D9%88%D8%A7%D8%B3%D8%B7+%D8%A7%D9%84%D9%85%D8%B3%D8%AA%D9%82%D9%84%D8%A9%E2%80%AD/@25.3529381,55.4436268,17z/data=!3m1!4b1!4m6!3m5!1s0x3e5f5928d09d6e45:0xdc52178d6ca92bf2!8m2!3d25.3529381!4d55.4436268!16s%2Fg%2F11l5fv5q0b?authuser=0&hl=en&entry=ttu&g_ep=EgoyMDI2MTAwNC4wIKXMDSoASAFQAw%3D%3D",,,,,,,,,
1091,keep,,Wasit Nursery,,preschool,Nursery school,Wasit,,4.4,5,+971 6 538 3523,,,,"https://www.google.com/maps/place/Wasit+Nursery/@25.3521003,55.4399246,17z/data=!3m1!4b1!4m6!3m5!1s0x3e5f591b0bd17ee1:0x7f4e5fb7e438f441!8m2!3d25.3521003!4d55.4399246!16s%2Fg%2F11b7q986m4?authuser=0&hl=en&entry=ttu&g_ep=EgoyMDI2MTAwNC4wIKXMDSoASAFQAw%3D%3D",,,,,,,,,
1060,keep,,wassit Kindergarten روضة واسط,,preschool,Preschool,Wasit,,4.2,10,+971 6 507 7060,,,,"https://www.google.com/maps/place/wassit+Kindergarten+%D8%B1%D9%88%D8%B6%D8%A9+%D9%88%D8%A7%D8%B3%D8%B7%E2%80%AD/@25.3435588,55.4655508,17z/data=!3m1!4b1!4m6!3m5!1s0x3e5f59141c2841a5:0xde0c033a89809604!8m2!3d25.3435588!4d55.4655508!16s%2Fg%2F11h_3jrwd4?authuser=0&hl=en&entry=ttu&g_ep=EgoyMDI2MTAwNC4wIKXMDSoASAFQAw%3D%3D",,,,,,,,,kindergarten - kept like Abu Dhabi's and Al Ain's
1028,keep,,Creative Child Nursery,,preschool,Nursery school,,,4.4,56,+971 50 688 8289,,,https://www.creativechild-nur.com/,"https://www.google.com/maps/place/Creative+Child+Nursery/@25.3034768,55.5893462,17z/data=!3m1!4b1!4m6!3m5!1s0x3ef5f3320f59ef19:0xc26031aa43c9fb3d!8m2!3d25.3034768!4d55.5893462!16s%2Fg%2F11h111rf77?authuser=0&hl=en&entry=ttu&g_ep=EgoyMDI2MTAwNC4wIKXMDSoASAFQAw%3D%3D",,,,,,,,,
984,keep,,Future International Nursery - Sharjah,,preschool,Nursery school,,,4.6,39,+971 56 601 3111,info@futureinternationalnursery.com,,http://www.futureinternationalnursery.com/,"https://www.google.com/maps/place/Future+International+Nursery+-+Sharjah/@25.3521421,55.4770071,17z/data=!3m1!4b1!4m6!3m5!1s0x3e5f58bda56157a1:0xcd0f9d3345fad30d!8m2!3d25.3521421!4d55.4770071!16s%2Fg%2F1xgrldzr?authuser=0&hl=en&entry=ttu&g_ep=EgoyMDI2MTAwNC4wIKXMDSoASAFQAw%3D%3D",1 months,5 years,British (EYFS); Arabic / English bilingual,,1 month minimum when joining ... KG 1: 4 years by 31st December,a bilingual curriculum based on the Early Years Foundation Stage (EYFS) framework enriched with the International Early Years curriculum (IEYC),,http://www.futureinternationalnursery.com/,has a KG1 class (4-5)
1067,keep,,Little Steps Nursery,,preschool,Nursery school,,,4.7,41,+971 54 263 0020,,,https://littlestepsnursery.ae/,"https://www.google.com/maps/place/Little+Steps+Nursery/@25.2623269,55.5009494,17z/data=!3m1!4b1!4m6!3m5!1s0x3ef5f53de6bb0e4f:0xe2320d8344888791!8m2!3d25.2623269!4d55.5009494!16s%2Fg%2F11kk06myn4?authuser=0&hl=en&entry=ttu&g_ep=EgoyMDI2MTAwNC4wIKXMDSoASAFQAw%3D%3D",,,,,,,,,
