name,address,city,area,phone,website,rating,review_count,latitude,longitude,place_id,description,google_maps_url,source_query,categories,hours,reviews,images
Little Kingdom Childcare,"Sector A Bahria Enclave, Islamabad, Pakistan",Islamabad,Bahria Enclave,+92 333 4058215,https://www.facebook.com/LittleKingdomChildcarePK/,5,3,33.6917577,73.2199699,ChIJleKfRADp3zgRObOapU_d8FI,,https://www.google.com/maps/place/Little+Kingdom+Childcare/data=!4m7!3m6!1s0x38dfe900449fe295:0x52f0dd4fa59ab339!8m2!3d33.6917577!4d73.2199699!16s%2Fg%2F11vy6ny7bl!19sChIJleKfRADp3zgRObOapU_d8FI?authuser=0&hl=en&rclk=1,daycare in Islamabad,Child care agency,{},[],
Islamic Day-Care (IDC) Center & Instill School,"House 353-B, Street 22, Gulzar e Quaid, Rawalpindi, Rawalpindi, Pakistan",Islamabad,Gulzar Gulzar e Quaid,"
0309 2265649",,4.9,35,33.5998008,73.1292624,0x38dfed4fe9af5665:0,,"https://www.google.com/maps/place/Islamic+Day-Care+(IDC)+Center+%26+Instill+School/@33.5998008,73.1292624,17z/data=!3m1!4b1!4m6!3m5!1s0x38dfed4fe9af5665:0xc8c4a6c176c9d26e!8m2!3d33.5998008!4d73.1292624!16s%2Fg%2F11h51_41dg?authuser=0&hl=en&entry=ttu&g_ep=EgoyMDI2MDQwMS4wIKXMDSoASAFQAw%3D%3D",daycare in Islamabad,Day care center,{},"[{""author"": ""Farrukh Gondal"", ""rating"": 1, ""text"": ""I’ve been with this daycare for years, and it honestly breaks my heart to say this, but things have changed so much. The new policies feel more like barriers than support. It seems they’ve forgotten that parents are their biggest supporters, not just customers.\nThis place once had warmth, understanding, and a personal touch. Now it feels cold, rigid, and distant. Every new rule feels like it’s made for their convenience, not for the families who stood by them for so long.\nIt’s painful to watch something that once felt like family turn into a business that no longer listens. I truly hope they remember what made people trust them in the first place."", ""date"": ""5 months ago""}, {""author"": ""Farrukh Gondal"", ""rating"": 1, ""text"": ""I’ve been with this daycare for years, and it honestly breaks my heart to say this, but things have changed so much. The new policies feel more like barriers than support. It seems they’ve forgotten that parents are their biggest supporters, not just customers.\nThis place once had warmth, understanding, and a personal touch. Now it feels cold, rigid, and distant. Every new rule feels like it’s made for their convenience, not for the families who stood by them for so long.\nIt’s painful to watch something that once felt like family turn into a business that no longer listens. I truly hope they remember what made people trust them in the first place."", ""date"": ""5 months ago""}, {""author"": ""sumavia Ali"", ""rating"": 5, ""text"": ""I am absolutely delighted with the care and service provided by IDC.The staff are exceptional - they are warm, caring, and professional. The daily reports and regular updates from the staff keep me informed about my child's activities, meals, and sleep patterns. Thank you to the entire team for providing exceptional care and support to my child!"", ""date"": ""a year ago""}, {""author"": ""sumavia Ali"", ""rating"": 5, ""text"": ""I am absolutely delighted with the care and service provided by IDC.The staff are exceptional - they are warm, caring, and professional. The daily reports and regular updates from the staff keep me informed about my child's activities, meals, and sleep patterns. Thank you to the entire team for providing exceptional care and support to my child!"", ""date"": ""a year ago""}, {""author"": ""Basit Khan"", ""rating"": 5, ""text"": ""One of the best day care in gulzar e Quaid. We are very satisfied with this daycare. Our daughter stays fresh every day, and a lot of attention is given to cleanliness."", ""date"": ""11 months ago""}]",https://lh3.googleusercontent.com/gps-cs-s/AHVAweo6_bfLQUmwOOh6XhTmAa2hMjc7WZOJoAb3Sq1wb3FYxKp_mfzQ9zHU-wWeI-GKpkkfGzf0PexO7zTpybtbdhQJGP6ppBfwpF959_VWZ3Tp8M_kYHXEIt7jXSDEZjHJmJ57Onc=w1200-h800|https://lh3.googleusercontent.com/gps-cs-s/AHVAwerlEvSoYnQcN0nRfS_ojaKiL9OTiDkz2U5Gd3ZK0X7tCYVcfngoxil97QtMdAKzfn_Kwb3j71WZ7BTEvlRUBa21cDLyF2vZWHZo0M0d9snXZ-zpwGrDoda1CJAhQ8i8sdTkhKUu=w1200-h800|https://lh3.googleusercontent.com/gps-cs-s/AHVAweoMCkDh2maTdFgiAEBBdKooNPemC83mREVtyMVD1IHkBwKta0RSLy7DR61TKS99mUDxcO8IqUHNcqvV9K7Ug986ZZrONQBzsVHG_p1w3cc-RCHMZriedXFtbhMI6ief_j1zXRM=w1200-h800|https://lh3.googleusercontent.com/a-/ALV-UjXyGqAqJldce5kwsc9LJLZDzbo1pG3lp8xhi-igDS-aQpvOMe05=w1200-h800
Cloud Nest Daycare,"Floor, Block A, Abu Dhabi Towers, Apartment 103, Ist, Markaz Rd, F-11, Islamabad, 44000, Pakistan",Islamabad,F-11,+92 333 9277221,http://cloudnestdaycare.com/,5,4,33.6821198,72.9878537,0x38dfbd7b86ca4233:0,,"https://www.google.com/maps/place/Cloud+Nest+Daycare/@33.6821198,72.9878537,17z/data=!3m1!4b1!4m6!3m5!1s0x38dfbd7b86ca4233:0xdbef3f1983d00494!8m2!3d33.6821198!4d72.9878537!16s%2Fg%2F11rx3_07fk?authuser=0&hl=en&entry=ttu&g_ep=EgoyMDI2MDQwMS4wIKXMDSoASAFQAw%3D%3D",daycare in Islamabad,Day care center,{},"[{""author"": ""Wajeeha Sayed"", ""rating"": 5, ""text"": ""Very amazing experience with them .. will highly recommend to the parents who are busy .. because they have alot of kids so enjoying playing together doing activities ,learning alot of things... I even noticed that my kid started eating and sharing things with other kids..."", ""date"": ""a year ago""}, {""author"": ""Wajeeha Sayed"", ""rating"": 5, ""text"": ""Very amazing experience with them .. will highly recommend to the parents who are busy .. because they have alot of kids so enjoying playing together doing activities ,learning alot of things... I even noticed that my kid started eating and sharing things with other kids..."", ""date"": ""a year ago""}, {""author"": ""Danny Khan"", ""rating"": 5, ""text"": ""The best day care in islamabad. My kids are improving alot in communication as well as in daily physical activities. Very cooperative management. Highly reccomended"", ""date"": ""3 years ago""}, {""author"": ""Danny Khan"", ""rating"": 5, ""text"": ""The best day care in islamabad. My kids are improving alot in communication as well as in daily physical activities. Very cooperative management. Highly reccomended"", ""date"": ""3 years ago""}, {""author"": ""Mahwish Aslam"", ""rating"": 5, ""text"": ""Excellent School and Day care (y) I really want to appreciate the management and staff because I have felt a lot of improvement in my kids after joining Cloud nest 👏🏆❣️ …"", ""date"": ""3 years ago""}]",https://lh3.googleusercontent.com/gps-cs-s/AHVAwepzZfBDoDTHMozt4q8LPh3XkM1UT0B9oPLsrGqakpp-fRE6BfMRxMWmAgDZmArr7hGh2Nodn57n8bftpY5kBP4KMq1kfXr-4JUXWtmMSZA7IsF_PHeO85bT8hnE1wiDbjNRbMfXGg=w1200-h800|https://lh3.googleusercontent.com/gps-cs-s/AHVAwepAkvGbm1RhlUG2qr1-MZ4T0vK2F7XQTxU0Y_zkodWPfIQBe9iDkFqC6C30_Z7ZBM7aivrz6t1SI44iCkMw_MwpTThPSsaVrcSJeDs56fZVXNygA8GJCTEbYEP74WDsKUBAcZU0=w1200-h800|https://lh3.googleusercontent.com/a-/ALV-UjXJTyp-OREy9nkd9dt9tDMZT_g67P2JWBlMP_vVmajwA8EDvKKx=w1200-h800|https://lh3.googleusercontent.com/a/ACg8ocIAtU_A__yJUqFCj5n6nH_ocNSD0U2ZU3I9L62_wlwg-JKnlA=w1200-h800
Startwell Montessori and Daycare Islamabad,"House 1384 Street 23, G-14/4 G 14/4 G-14, Islamabad, 44000, Pakistan",Islamabad,G-14/4,+92 51 2306214,,4.6,25,33.6418697,72.9485192,0x38df97a97edcc2b1:0,,"https://www.google.com/maps/place/Startwell+Montessori+and+Daycare+Islamabad/@33.6418697,72.9485192,17z/data=!3m1!4b1!4m6!3m5!1s0x38df97a97edcc2b1:0x2bbf6d6828d541df!8m2!3d33.6418697!4d72.9485192!16s%2Fg%2F11t850qzsw?authuser=0&hl=en&entry=ttu&g_ep=EgoyMDI2MDQwMS4wIKXMDSoASAFQAw%3D%3D",daycare in Islamabad,Kindergarten,{},"[{""author"": ""Zertashiyah M"", ""rating"": 5, ""text"": ""We’ve had a wonderful experience at Startwell Montessori. The teachers are well trained and genuinely care about the child. Our child has been attending for a year and we have seen such a transformation in her confidence and skills. Highly recommended for any parent seeking a true montessori experience."", ""date"": ""8 months ago""}, {""author"": ""Zertashiyah M"", ""rating"": 5, ""text"": ""We’ve had a wonderful experience at Startwell Montessori. The teachers are well trained and genuinely care about the child. Our child has been attending for a year and we have seen such a transformation in her confidence and skills. Highly recommended for any parent seeking a true montessori experience."", ""date"": ""8 months ago""}, {""author"": ""Hawk Star"", ""rating"": 5, ""text"": ""My child is 3.5 years she had couldn't express her emotions in words social behavior issues at home. Her learning experience at StartWell Montessori has built her confidence and now she is adjusting very well with her age mates too. She very happy to go to school which makes us happy too. I will recommend it for Junior school especially parents who are looking for a caring environment for their children."", ""date"": ""2 years ago""}, {""author"": ""Hawk Star"", ""rating"": 5, ""text"": ""My child is 3.5 years she had couldn't express her emotions in words social behavior issues at home. Her learning experience at StartWell Montessori has built her confidence and now she is adjusting very well with her age mates too. She very happy to go to school which makes us happy too. I will recommend it for Junior school especially parents who are looking for a caring environment for their children."", ""date"": ""2 years ago""}, {""author"": ""Saher Khalid"", ""rating"": 5, ""text"": ""I have been availing startwell montessori and daycare facility for two years now and I am really satisfied with their exceptional care. The school environment is really clean and attractive for kids.The staff is very cooperative and pays attention to special needs of every child. What sets startwell apart is the principal who is very approachable and kind. She has an uncanny ability to empathize with parents' concerns and swiftly resolves any issues. She really understands the psychological and development stages of kids and designs the activities that help in the cognitive development of kids. The school pays special attention to make every kid independent, my kids have learnt wearing shoes and eating independently from school. The facility is really good for working mothers who are looking for a daycare center for their kids."", ""date"": ""a year ago""}]",https://lh3.googleusercontent.com/gps-cs-s/AHVAwepAV1Oh9wQEdcD2Wxax9XZBAFMV56xEKigYvYWd58dktt-kVQczEgT60-Ay8YdhTsBXyZ2DSrCUMNS3j4fbh3LRuq4Kr_ofB-JbIZG7X_SYtMcRWNKs9EKWX3cHOHbqdBWd_uu7=w1200-h800|https://lh3.googleusercontent.com/gps-cs-s/AHVAwerX9cJkV5cC-3tLnQhZF0M4LV01pxiV8EwmnKp3Gu51UpgFRGvwgA2BrgisRiVp3-ezLtpZZFx3N02nZF3awIxOB_R6lWu1A8w2Q5uKcgqrZgny4j0MAMGs-Kw2y9I5fDS9g9z9XQ=w1200-h800|https://lh3.googleusercontent.com/a-/ALV-UjXR8mJWs2zbZIoUegfhoghTkrpg4K1Fnc9O8kHFB88VvpUbg69C=w1200-h800|https://lh3.googleusercontent.com/a/ACg8ocIzozu7BjzdV4loi_JzjWuT4W8ah5ZmJ-8tFx8HPurDDuvqbA=w1200-h800
Honey Bees International Daycare & School,"68 Street 3, NPF E 11/4 E-11, Islamabad, 44000, Pakistan",Islamabad,E-11,+92 337 9237237,http://www.honeybeesinternational.com/,4.8,31,33.6977447,72.9861734,ChIJ3buEqnO-3zgR7sL32GJWulQ,,https://www.google.com/maps/place/Honey+Bees+International+Daycare+%26+School/data=!4m7!3m6!1s0x38dfbe73aa84bbdd:0x54ba5662d8f7c2ee!8m2!3d33.6977447!4d72.9861734!16s%2Fg%2F11c2np436w!19sChIJ3buEqnO-3zgR7sL32GJWulQ?authuser=0&hl=en&rclk=1,daycare in Islamabad,Day care center,{},"[{""author"": ""Habib Rehman"", ""rating"": 5, ""text"": ""A Remarkable Journey: From Honey Bees International to Aitchison College\n\nAs a proud father, I feel immense gratitude and joy reflecting on my son's educational journey. Today, he walks the prestigious halls of Aitchison College, one of the finest institutions in the country. But the story that truly fills my heart with pride begins much earlier, at a school that laid the strongest foundation imaginable: Honey Bees International.\n\nRecently, during an interaction, the Principal of Aitchison College asked my son where he had studied before. The question came after seeing my son's academic results; results that, in the Principal’s own words, were “quite surprising.” It was clear he wasn’t just impressed, he was genuinely curious. My son confidently replied, “Honey Bees International.”\n\nThat moment said everything.\nHoney Bees International is not just a school; it’s a nurturing ground where young minds are encouraged to explore, question, and grow. The care, dedication, and personalized attention my son received there have clearly paid off. The school doesn't simply prepare children for exams, it prepares them for life.\n\nThe values, confidence, and academic excellence instilled in him during those early years created a foundation strong enough to stand out, even in the elite environment of Aitchison.\n\nTo the incredible teachers and staff at Honey Bees International, thank you. You saw potential, fostered it, and gave my child wings. Today, those wings are helping him soar.\n\nIf you're looking for a place where your child’s journey can begin with love, vision, and excellence, look no further than Honey Bees International. I couldn’t recommend it more highly.\n\nA proud father of Alamdar, Habib"", ""date"": ""5 months ago""}, {""author"": ""Habib Rehman"", ""rating"": 5, ""text"": ""A Remarkable Journey: From Honey Bees International to Aitchison College\n\nAs a proud father, I feel immense gratitude and joy reflecting on my son's educational journey. Today, he walks the prestigious halls of Aitchison College, one of the finest institutions in the country. But the story that truly fills my heart with pride begins much earlier, at a school that laid the strongest foundation imaginable: Honey Bees International.\n\nRecently, during an interaction, the Principal of Aitchison College asked my son where he had studied before. The question came after seeing my son's academic results; results that, in the Principal’s own words, were “quite surprising.” It was clear he wasn’t just impressed, he was genuinely curious. My son confidently replied, “Honey Bees International.”\n\nThat moment said everything.\nHoney Bees International is not just a school; it’s a nurturing ground where young minds are encouraged to explore, question, and grow. The care, dedication, and personalized attention my son received there have clearly paid off. The school doesn't simply prepare children for exams, it prepares them for life.\n\nThe values, confidence, and academic excellence instilled in him during those early years created a foundation strong enough to stand out, even in the elite environment of Aitchison.\n\nTo the incredible teachers and staff at Honey Bees International, thank you. You saw potential, fostered it, and gave my child wings. Today, those wings are helping him soar.\n\nIf you're looking for a place where your child’s journey can begin with love, vision, and excellence, look no further than Honey Bees International. I couldn’t recommend it more highly.\n\nA proud father of Alamdar, Habib"", ""date"": ""5 months ago""}, {""author"": ""Mahnoor Nauman"", ""rating"": 5, ""text"": ""I am really happy with my experience at Honeybees. The teachers are kind, patient, and truly dedicated to every child’s growth. They give personal attention and make learning fun and engaging. The school’s activities are very well planned, encouraging creativity, confidence, and teamwork among the kids. The environment is cheerful, clean, and nurturing, it feels like a second home for the children. Overall, Honeybees provides a wonderful balance of learning and play, and I can see a positive difference in my child’s confidence and communication skills. Highly recommended."", ""date"": ""5 months ago""}, {""author"": ""Mahnoor Nauman"", ""rating"": 5, ""text"": ""I am really happy with my experience at Honeybees. The teachers are kind, patient, and truly dedicated to every child’s growth. They give personal attention and make learning fun and engaging. The school’s activities are very well planned, encouraging creativity, confidence, and teamwork among the kids. The environment is cheerful, clean, and nurturing, it feels like a second home for the children. Overall, Honeybees provides a wonderful balance of learning and play, and I can see a positive difference in my child’s confidence and communication skills. Highly recommended."", ""date"": ""5 months ago""}, {""author"": ""NZ M"", ""rating"": 5, ""text"": ""I’m truly grateful to the entire team at\nHoneybees E11 for the care, warmth, and attention they’ve shown my child since joining. Starting at a new school can be challenging, but the teachers and staff have gone above and beyond to make the transition smooth and welcoming. Their kindness, patience, and encouragement have helped my child settle in quickly, build confidence, and genuinely look forward to school each day. It’s wonderful to see such a nurturing environment where children are valued, supported, and inspired to learn and grow."", ""date"": ""5 months ago""}]",https://lh3.googleusercontent.com/gps-cs-s/AHVAwep4MTrU8PeyET0wzsfCeVpkT6CB7NuLn5agLdiZeDszHapuWUjx5vVNkyWsuxRA2ml0Ht-SHISjAeMN3BmcAOkuKAKAW7INVEfA3A4KNAbHDRREF3kZ3XxsyvlGWAJlHXcotLqP=w1200-h800|https://lh3.googleusercontent.com/gps-cs-s/AHVAweqxIOfPZ_nzGUCV78RO0z-Y37qtNWIcO6aTYwNaENuTT-8sKJh7iiiGcKZjEgFKIcpBfNfjMKkDNR-OZUlWdWP0ac81x78UQ0AYDAgLzT0fzu--BugRVItne4xeDUYJwsxDKrhHUq6eHtw=w1200-h800|https://lh3.googleusercontent.com/gps-cs-s/AHVAwepd_FUf-XtXzmN5jvEWRel8WL85NSPg3nFgtq5jqyC0AAqUov5MoY7xaRBMolEAHScnYPmh7wlClqSHjUEQvNfnNf1Od4gJGmve6XWOXCZgeTsWFJKE7bwh9A6O14obX6a2iq1i0Q=w1200-h800|https://lh3.googleusercontent.com/gps-cs-s/AHVAwepO8VxWEqZOgW_oD9geXkIgNoh9gZMlR7Ce0nS0DgkZFTuA6OGoKjjzjErApVZ3zFKIyu5xETyh4aBPSqRt2MmTdkN0Q2OJ21HdOckJ4OPVM2IaCjnE3j7wzE5ODWC2Dl7hGR3Rnjxr7Ztj=w1200-h800
EARLY Bird Montessori,"A-8, 2 Phase, Islamabad, Pakistan",Islamabad,E-11,+92 332 9044447,,4.9,85,33.6370425,73.2193367,0x38dfe9ed1acd8647:0,,"https://www.google.com/maps/place/EARLY+Bird+Montessori/@33.6370425,73.2193367,17z/data=!3m1!4b1!4m6!3m5!1s0x38dfe9ed1acd8647:0x3ac192d9ca9b9bdb!8m2!3d33.6370425!4d73.2193367!16s%2Fg%2F11vt1tpnmm?authuser=0&hl=en&entry=ttu&g_ep=EgoyMDI2MDQwMS4wIKXMDSoASAFQAw%3D%3D",daycare in Islamabad,Preschool,{},"[{""author"": ""Waneya Waqas"", ""rating"": 5, ""text"": ""What great quality of education plus such an amazing environment for my kids. They love going to school they feel safe the teaching staff is professional plus they have such amazing activities for children to learn highly recommended love it best decision of my life to choose early bird"", ""date"": ""6 months ago""}, {""author"": ""Waneya Waqas"", ""rating"": 5, ""text"": ""What great quality of education plus such an amazing environment for my kids. They love going to school they feel safe the teaching staff is professional plus they have such amazing activities for children to learn highly recommended love it best decision of my life to choose early bird"", ""date"": ""6 months ago""}, {""author"": ""rehan Janjua"", ""rating"": 5, ""text"": ""Excellent School with professional staff. No doubt they are true to their slogan \""We cultivate minds\"". They work on the strong foundation of kids. Highly Satisfied. Appreciable & keep up the good work. ماشاء اللہ"", ""date"": ""8 months ago""}, {""author"": ""rehan Janjua"", ""rating"": 5, ""text"": ""Excellent School with professional staff. No doubt they are true to their slogan \""We cultivate minds\"". They work on the strong foundation of kids. Highly Satisfied. Appreciable & keep up the good work. ماشاء اللہ"", ""date"": ""8 months ago""}, {""author"": ""Shahnaseeb Rajput"", ""rating"": 5, ""text"": ""I have a wonderful experience. They provide excellent standards of education and care. Our children don't only need education. They need care and love more. This is what they are excellent in providing, education with love and care"", ""date"": ""6 months ago""}]",https://lh3.googleusercontent.com/gps-cs-s/AHVAweoMqY4CSbb26tikM6SZ-WABitwkQwe0-zCP-DmGzjeS4cYboGEHiU7xCICWR8VaJ7c8qTfiw8VC0bd9iTr88H5SVj4aSO0LL9sohXtrmBr0hLI3eW4DKbh2rkAjza_02pg5QZv045NJ_hoR=w1200-h800|https://lh3.googleusercontent.com/gps-cs-s/AHVAweoehh824Jd9-v5js2KtRXRLfiCbLOkaA9RYvA40V5auJOH8Fw2bryJpCfxZww_nbiEWRaNySm27GSxb3MNsnS1fu-nl-THwES1Vz0FZpiwjvkZvOw61IRFWMWjeoulARTB-TPNZ40Q2mL3p=w1200-h800|https://lh3.googleusercontent.com/gps-cs-s/AHVAweo5jxa_H91gqRjVtmzVrcKTRHRWpM3JgCuo5ibbUfrM-isgrIE3ReFEm4PHeAGL8usJO05j3AxLuiIOroQKXFv8sVr8KMhEMyPHyJ_ic4frQCmV7zFGMe3dvtG-13dq6dVKEq52WXMQDNA=w1200-h800|https://lh3.googleusercontent.com/gps-cs-s/AHVAweqIIrl7KMVq0XHpkvIkzH5oni3KjXxD2jfxkPzucFumpWu35NJ3FzQopSoBhjaCC3kJBjszzfH1WxHB_bmdGDxDMSVpYL4YoyPX8qFGliS82ymhaqNPoZdAb9wfCbF4yD301ktWVQy0sBA1=w1200-h800
Toddlers Daycare & Montessori,"Street 122, D-12/4 D 12/4 D-12, Islamabad, 44000, Pakistan",Islamabad,D-12,+92 307 4348125,,5,36,33.6998893,72.9519673,0x38dfbd8a1a080c1b:0,,"https://www.google.com/maps/place/Toddlers+Daycare+%26+Montessori/@33.6998893,72.9519673,17z/data=!3m1!4b1!4m6!3m5!1s0x38dfbd8a1a080c1b:0xa0b85b26d296e5f7!8m2!3d33.6998893!4d72.9519673!16s%2Fg%2F11t1637n0x?authuser=0&hl=en&entry=ttu&g_ep=EgoyMDI2MDQwMS4wIKXMDSoASAFQAw%3D%3D",daycare in Islamabad,Day care center,{},"[{""author"": ""Noshaba Naz"", ""rating"": 5, ""text"": ""I am extremely satisfied from my child daycare center and the  staff is extremely caring and attentive, and they will always exceed expectations to ensure that my child is loved and secure. They have an amazing curriculum that is filled with fun and educational activities.\""\n- *Highly Recommended*: \""I would highly recommend the toddler Daycare to any parent seeking a loving and stimulating setting for their children. The place is very clean and secure."", ""date"": ""6 months ago""}, {""author"": ""Noshaba Naz"", ""rating"": 5, ""text"": ""I am extremely satisfied from my child daycare center and the  staff is extremely caring and attentive, and they will always exceed expectations to ensure that my child is loved and secure. They have an amazing curriculum that is filled with fun and educational activities.\""\n- *Highly Recommended*: \""I would highly recommend the toddler Daycare to any parent seeking a loving and stimulating setting for their children. The place is very clean and secure."", ""date"": ""6 months ago""}, {""author"": ""Shahab Khan"", ""rating"": 5, ""text"": ""My 1 year old daughter is enrolled here, the staff of the Day Care is very cooperative and caring, my daughter always get a lot of love and affection from the staff and specially from the owner, the owner of the daycare is very humble and down to earth lady, I like her behaviour and support, whenever I feel confused and worried about my daughter's health and routine she always guide me in a very easy and sensible way. Highly recommended, for the parents who are specially doing jobs and can't give best time to their children."", ""date"": ""6 months ago""}, {""author"": ""Shahab Khan"", ""rating"": 5, ""text"": ""My 1 year old daughter is enrolled here, the staff of the Day Care is very cooperative and caring, my daughter always get a lot of love and affection from the staff and specially from the owner, the owner of the daycare is very humble and down to earth lady, I like her behaviour and support, whenever I feel confused and worried about my daughter's health and routine she always guide me in a very easy and sensible way. Highly recommended, for the parents who are specially doing jobs and can't give best time to their children."", ""date"": ""6 months ago""}, {""author"": ""Tahra Nazir"", ""rating"": 5, ""text"": ""I feel safe since I sent my child to this daycare. The teachers here teach very well. The environment here is also very good."", ""date"": ""6 months ago""}]",https://lh3.googleusercontent.com/gps-cs-s/AHVAweqzj9QqP0gEYwvaxTRnkiSJ2BQbbbmKfia9K9KKmr8-NMaXlSMFP5JTlmAVvD8E3z6XUgOrkGpc-JP01fRvyzLfW2iiUxCDP7ZO0pzjbGp5sIgrNr_dkn29vHskG5mgX4V8gIzV=w1200-h800|https://lh3.googleusercontent.com/gps-cs-s/AHVAweqw8-lBi88t9gTQIZb5lSS2EMixGqk7LQDTW1iPQ5-ZqjLrFV1VHi-5VZuBbwlIdgGQE2NXEBiHFEkKT3KGL9k3wWxC3-8Pdg6IGIsS-ZwXu_dGYn4EEzEvS7F6lVpKJrv5hnkMzg=w1200-h800|https://lh3.googleusercontent.com/gps-cs-s/AHVAweq32fwBpEGWvr1j_tEQ7yvI85H3An0DCMXZneXDs-Tu_Negwwj1DBNdsZs9xQvHwZcnvdieQ15bfv8FmxmDBmVy79DwnoyS1BvidMbKTjmzc3svhEX6pD9Fe2OTDzPJPIOJ3FbHahZO5q0=w1200-h800|https://lh3.googleusercontent.com/gps-cs-s/AHVAweoikPv8ZB-6ky_6Qju5tALm2YC9bAq8WnV2Wat28tJATDhw8kLQiHAkbtOL1Bih6bj4If_J_3bS9WQbykszX_H5aQZdtvrL-4rzYnPpfjyQfleegu9Bfqjb02MjdupU6MD1g94=w1200-h800
Little leaf - Pakistan's 1st Nature based Day care,"Na 3, 7th Rd, Satellite Town, Rawalpindi, 46000, Pakistan",Islamabad,Satellite Town,+92 345 5211046,https://www.instagram.com/littleleafcares/,4.3,38,33.6436807,73.06998,ChIJ5enlbkWV3zgRa-VcQTC7ci8,,https://www.google.com/maps/place/Little+leaf+-+Pakistan%27s+1st+Nature+based+Day+care/data=!4m7!3m6!1s0x38df95456ee5e9e5:0x2f72bb30415ce56b!8m2!3d33.6436807!4d73.06998!16s%2Fg%2F11vj9bfts5!19sChIJ5enlbkWV3zgRa-VcQTC7ci8?authuser=0&hl=en&rclk=1,daycare in Islamabad,Day care center,{},"[{""author"": ""aadil hussain"", ""rating"": 5, ""text"": ""Little Leaf Daycare located in 6th Road Satellite Town, Rawalpindi is one of the best Daycare in Rawalpindi/ Islamabad. The Teachers are really Professional and smiled faces. Specially Miss Fatima is very good. Her attitude and behaviour is very professional. She knows how to treat childs. We admit our 2 year child in Little Leaf Daycare and are really happy. I advise other people also to admit their childrens in Little Leaf Daycare.\nThanks"", ""date"": ""2 months ago""}, {""author"": ""aadil hussain"", ""rating"": 5, ""text"": ""Little Leaf Daycare located in 6th Road Satellite Town, Rawalpindi is one of the best Daycare in Rawalpindi/ Islamabad. The Teachers are really Professional and smiled faces. Specially Miss Fatima is very good. Her attitude and behaviour is very professional. She knows how to treat childs. We admit our 2 year child in Little Leaf Daycare and are really happy. I advise other people also to admit their childrens in Little Leaf Daycare.\nThanks"", ""date"": ""2 months ago""}, {""author"": ""Sidrah Rashid"", ""rating"": 5, ""text"": ""Little Leaf is a unique daycare with focus on nature and creative activities – my kid comes home talking about plants, gardening, and all the fun workshops they get to do. The staff is super friendly and caring, and it’s clear they’re passionate about what they do. It is very refreshing to see a daycare that’s all about learning through nature and creativity. Highly recommend it for parents looking for something different and meaningful!"", ""date"": ""a year ago""}, {""author"": ""Sidrah Rashid"", ""rating"": 5, ""text"": ""Little Leaf is a unique daycare with focus on nature and creative activities – my kid comes home talking about plants, gardening, and all the fun workshops they get to do. The staff is super friendly and caring, and it’s clear they’re passionate about what they do. It is very refreshing to see a daycare that’s all about learning through nature and creativity. Highly recommend it for parents looking for something different and meaningful!"", ""date"": ""a year ago""}, {""author"": ""Saba Mumtaz"", ""rating"": 5, ""text"": ""My experience with Little Leaf has been very positive. From a daycare perspective, I believe it is an excellent option for parents, as the children receive very good care and attention."", ""date"": ""2 months ago""}]",https://lh3.googleusercontent.com/gps-cs-s/AHVAweoYB3yOc6cwzEg56MUTqN9NZKhUY8r0yHmfDSEfya9OVWgVHW6by7sG36eRvL4gka1s9uP4-kRQ7sb0c9z6pJvLEi820VNJ20G7uuAv82IACPF4pyWM7ZxTbgEo5rkV-UJd046K=w1200-h800|https://lh3.googleusercontent.com/gps-cs-s/AHVAweqmjDDN_IZhJkHbW56agLRzL2F4bZjcrSHLgriTpAki5QOy2wKodE8V6IwNGskRY8pf9pqFu9DrQfImatD10S7phgfBjbjqsRy2tYw_TdMNpszEKw_Bfx90npEHp5ulwZ8ISciB=w1200-h800|https://lh3.googleusercontent.com/a/ACg8ocLAHBlLUcsUfLH172HqGF79zmw1QclBILTV4UeKiDj_iEa9Dw=w1200-h800|https://lh3.googleusercontent.com/a-/ALV-UjXKgqjQTs44HBmKVNyFJvoG6S_o9AXFq_K65GRnnNlWj6owH7zm=w1200-h800
Sprouts Valley Daycare and Preschool,"main road no. 1, Jammu & Kashmir Housing Society G 15/3 G-15, Islamabad, 44000, Pakistan",Islamabad,G-15,+92 311 1165333,https://sproutsvalleyedu.com.pk/,4.8,4,33.6364003,72.9246381,0x38df97dd5760bb83:0,,"https://www.google.com/maps/place/Sprouts+Valley+Daycare+and+Preschool/@33.6364003,72.9246381,17z/data=!3m1!4b1!4m6!3m5!1s0x38df97dd5760bb83:0x622551b4733d7768!8m2!3d33.6364003!4d72.9246381!16s%2Fg%2F11mrdsdk06?authuser=0&hl=en&entry=ttu&g_ep=EgoyMDI2MDQwMS4wIKXMDSoASAFQAw%3D%3D",daycare in Islamabad,Day care center,{},"[{""author"": ""Rawan"", ""rating"": 5, ""text"": ""A wonderful nursery with caring teachers and a safe, loving environment. Highly recommended!\nThey truly focus on learning, play, and kindness.\"""", ""date"": ""3 months ago""}, {""author"": ""Rawan"", ""rating"": 5, ""text"": ""A wonderful nursery with caring teachers and a safe, loving environment. Highly recommended!\nThey truly focus on learning, play, and kindness.\"""", ""date"": ""3 months ago""}, {""author"": ""Aiman Khan"", ""rating"": 5, ""text"": ""Sprouts Valley School is a well-known daycare and preschool that provides a safe, caring, and stimulating environment for young children. The school focuses on early learning through fun activities, play-based experiences, and hands-on exploration. Trained and friendly teachers ensure that every child feels comfortable, confident, and supported. Sprouts Valley School helps children develop good habits, social skills, and early academic foundations, making it an ideal place for little learners to grow and shine."", ""date"": ""4 months ago""}, {""author"": ""Aiman Khan"", ""rating"": 5, ""text"": ""Sprouts Valley School is a well-known daycare and preschool that provides a safe, caring, and stimulating environment for young children. The school focuses on early learning through fun activities, play-based experiences, and hands-on exploration. Trained and friendly teachers ensure that every child feels comfortable, confident, and supported. Sprouts Valley School helps children develop good habits, social skills, and early academic foundations, making it an ideal place for little learners to grow and shine."", ""date"": ""4 months ago""}, {""author"": ""Ammar Naqvi"", ""rating"": 4, ""text"": ""Day care facilities"", ""date"": ""5 days ago""}]",https://lh3.googleusercontent.com/gps-cs-s/AHVAwepwVYLzR4Etsba2w3L0MndWcmexIRRw5bb-G0lBGmC4G5LQohmfgwW0a2Sybu-TD1yI4-mlcWBB4dl9XGu5V5mmI1P0DQNm9yVV8qPvgoQKGQYumP2ZxxcrX17E7-rbb2sNjOVX0Y3Mo2UU=w1200-h800|https://lh3.googleusercontent.com/gps-cs-s/AHVAwepKxQXSZ0hAkWoxY4pevd7aJFKiolHHulMA8_Rh8JGGdloULGemvvRQPkRj6r4JzAZHMK5dK4ATfJy5wrhYcTUXEz_KfeHknth5vSb77OUvFRjzfPRh90tOMVDhVJ4Zo7L2PFT8ltxRkAIk=w1200-h800|https://lh3.googleusercontent.com/gps-cs-s/AHVAwerQgJ-SO3rs6h3X9W8gtuBlINwY7JE50Gi7BANLHmI1Yo3CPttcmgA2nHJnuNNynpWMoctBDY2zmoTccji0fvM4vnWFdE9JIz79M6nR6X2Mb80S8wGTa3uWS9UYItr7tsOfdDSvtaYq6nox=w1200-h800|https://lh3.googleusercontent.com/gps-cs-s/AHVAwer63prgR_ITLkiCG2gsNJoTzvYmXVdM_pBmDNJAUJjIczPp4dYHQlcej0V_yy5Ysg0d6iz0uykRdWiF-AMJBwpcqnaZvsl1r-RDOxjtJ5JIs6mPV5BYvxpyeI85cSQvXzu7cFZBEXQ-F3WF=w1200-h800
Early Bird Preschool and Daycare,"Plaza No. 61, Ground Floor, Iqbal Boulevard, commercial Sector D DHA Phase II, Islamabad, 44000, Pakistan",Islamabad,DHA,+92 311 5324912,,5,41,33.5374345,73.1556939,ChIJA6JovaE-TW0R09wWXvliPNM,,https://www.google.com/maps/place/Early+Bird+Preschool+and+Daycare/data=!4m7!3m6!1s0x6d4d3ea1bd68a203:0xd33c62f95e16dcd3!8m2!3d33.5374345!4d73.1556939!16s%2Fg%2F11wwrz47yt!19sChIJA6JovaE-TW0R09wWXvliPNM?authuser=0&hl=en&rclk=1,daycare in Islamabad,Preschool,{},"[{""author"": ""mehwish batool"", ""rating"": 5, ""text"": ""I am thoroughly impressed with the exceptional care and support provided by the team. Ms Maryam's kindness and dedication to the children are truly commendable. My son has shown remarkable improvement in his behavior and has learned so much since joining the program. The developmental activities are engaging and well-structured, promoting overall growth and development. The staff's coordination and support are outstanding, making this daycare feel like a second home to my child. I highly recommend to any parent seeking a nurturing and educational environment for their child of DHA and nearby areas."", ""date"": ""5 months ago""}, {""author"": ""mehwish batool"", ""rating"": 5, ""text"": ""I am thoroughly impressed with the exceptional care and support provided by the team. Ms Maryam's kindness and dedication to the children are truly commendable. My son has shown remarkable improvement in his behavior and has learned so much since joining the program. The developmental activities are engaging and well-structured, promoting overall growth and development. The staff's coordination and support are outstanding, making this daycare feel like a second home to my child. I highly recommend to any parent seeking a nurturing and educational environment for their child of DHA and nearby areas."", ""date"": ""5 months ago""}, {""author"": ""Fahim Akhter"", ""rating"": 5, ""text"": ""We are really happy with early bird all the staff is caring and professional. Our 2.5 year old loves going there. Also you have an app where photo updates are provided through out the day which makes it very connected and convenient. You always know what you're toddler is up to.\n\nThe staff is kind enough to keep timings flexible when needed. The kid loves them.\n\nVery happy with everything here."", ""date"": ""3 months ago""}, {""author"": ""Fahim Akhter"", ""rating"": 5, ""text"": ""We are really happy with early bird all the staff is caring and professional. Our 2.5 year old loves going there. Also you have an app where photo updates are provided through out the day which makes it very connected and convenient. You always know what you're toddler is up to.\n\nThe staff is kind enough to keep timings flexible when needed. The kid loves them.\n\nVery happy with everything here."", ""date"": ""3 months ago""}, {""author"": ""Aneesa Bibi"", ""rating"": 5, ""text"": ""My daughter attended Early Bird Montessori and Day Care for about six months when she was under four years old, and we had a very good experience. The environment is warm, safe, and welcoming, which was very important for me as a parent of a small child.\n\nThe teachers and staff are kind, patient, and very gentle with the kids. My daughter enjoyed going to school and I could see her becoming more confident, social, and independent over time. She learned new things through play, activities, and stories, and would come home happy and excited to talk about her day.\n\nI feel Early Bird Montessori and Day Care is especially good for younger children who are just starting their school journey. Now that my daughter is four plus, we have moved her to the next level, but I truly appreciate the foundation and care she received here.\n\nThank you to the whole team at Early Bird Montessori and Day Care for taking such good care of my child."", ""date"": ""4 months ago""}]",https://lh3.googleusercontent.com/gps-cs-s/AHVAweq_L5o5iZdXB0Y9oupYeg5bowg2Nuwrv3lJk9cQ9vhXbpqYxgekgmxM47bmToavWaplSW5qESgo-ZeH-eu5ukkV0HlykpogryiI7iBbNrAQzAy1toWwDTKbD3NwKfS6fvf-w6nNwyxUDhk=w1200-h800|https://lh3.googleusercontent.com/gps-cs-s/AHVAweqlABZSZ-63vpbMlQKl7flIfxi4Kl7qt79UE4vcDcU3BoJiNID2JXEB15vGgXIpO5tXXENeehXftGu4hAZA4D7tQyFJ_30VXruzFZid69GGvTg8WNsPq3AzXh5EYAfzINxuXUUQ9A=w1200-h800|https://lh3.googleusercontent.com/a-/ALV-UjWDY-yqJUalS6WTetC6J6JQTfe3Kgu53ucVtmctkDqme8CU9qI=w1200-h800|https://lh3.googleusercontent.com/a-/ALV-UjUpCEqiHEnC3vRtIiaSaXkhXqr3boosc7asSeK6mytHNQTtUNYpcQ=w1200-h800
Kidz Republik Childcare & Preschool,"Lower ground floor, sliver oaks, Silver Oaks Apartments, 4 Service Rd E, F 10/4 F-10, Islamabad, Pakistan",Islamabad,F-10,+92 309 2229732,,4.7,29,33.6912512,73.016724,0x38dfbf8cc9c81d6f:0,,"https://www.google.com/maps/place/Kidz+Republik+Childcare+%26+Preschool/@33.6912512,73.016724,17z/data=!3m1!4b1!4m6!3m5!1s0x38dfbf8cc9c81d6f:0xae287a220cfbde3!8m2!3d33.6912512!4d73.016724!16s%2Fg%2F11j379by_y?authuser=0&hl=en&entry=ttu&g_ep=EgoyMDI2MDQwMS4wIKXMDSoASAFQAw%3D%3D",daycare in Islamabad,Preschool,{},"[{""author"": ""Rebecca Yaqoob"", ""rating"": 1, ""text"": ""The principal was nice to invite us to see the sschool. But her behavior with the toddler was not professional. My daughter took a bright color eraser from her office. And she was snatching it out of her hand forcefully with both hands like a kid without showing any patience or tactics to deal with a 3 year old who doesn't even talk much. My daughter went from classroom to some bathroom in their premises and no teacher went after or had a tract of where she is. The principal was watching with me on the camera in her office. Went to look and still couldn't locate where she was. With little kids they have only 1 teacher in the class. Who will not leave the rest to look for the missing one. The library was close because principals infant was being taken care of there by a teacher with baby cot in the library. Library should be open for kids. It's not suppose to be a baby room with lights off.\nThey have notice boards very low everywhere with thumb pins which my daughter took out and held in her hand. Highly unsafe for kids ! School is a small indoor facility with several small classrooms pretty with colors but it lack the passion for kids. There is nonproper outdoor ground for children to play. Principal's behavior showed more power and strictness then consideration and patience that u need for little children. I chose to not take my daughter there. I hope it helps."", ""date"": ""Edited 5 months ago""}, {""author"": ""Rebecca Yaqoob"", ""rating"": 1, ""text"": ""The principal was nice to invite us to see the sschool. But her behavior with the toddler was not professional. My daughter took a bright color eraser from her office. And she was snatching it out of her hand forcefully with both hands like a kid without showing any patience or tactics to deal with a 3 year old who doesn't even talk much. My daughter went from classroom to some bathroom in their premises and no teacher went after or had a tract of where she is. The principal was watching with me on the camera in her office. Went to look and still couldn't locate where she was. With little kids they have only 1 teacher in the class. Who will not leave the rest to look for the missing one. The library was close because principals infant was being taken care of there by a teacher with baby cot in the library. Library should be open for kids. It's not suppose to be a baby room with lights off.\nThey have notice boards very low everywhere with thumb pins which my daughter took out and held in her hand. Highly unsafe for kids ! School is a small indoor facility with several small classrooms pretty with colors but it lack the passion for kids. There is nonproper outdoor ground for children to play. Principal's behavior showed more power and strictness then consideration and patience that u need for little children. I chose to not take my daughter there. I hope it helps."", ""date"": ""Edited 5 months ago""}, {""author"": ""Mahlika Ali"", ""rating"": 5, ""text"": ""I recently enrolled my child in Kidz Republic preschool, and I couldn't be happier with my decision. The staff is not only knowledgeable and professional, but also extremely caring and attentive to the needs of each child. The facilities are top-notch, with bright and welcoming classrooms and a wide range of engaging activities.\n\nMy child has developed both socially and academically since starting at Kidz Republic. They come home each day excited about what they've learned, and have made some great friends in the process.\n\nWhat really sets Kidz Republic apart, though, is the level of personalized attention that each child receives. The teachers take the time to get to know each child and their unique interests, and tailor their lessons accordingly. They also keep parents up-to-date on our child's progress and areas for improvement,\nwhich is greatly appreciated.\n\nOverall, I would highly recommend Kidz Republic to any parent looking for a nurturing and stimulating environment for their child. I am so grateful for the positive impact they have had on my child's early education and development."", ""date"": ""2 years ago""}, {""author"": ""Mahlika Ali"", ""rating"": 5, ""text"": ""I recently enrolled my child in Kidz Republic preschool, and I couldn't be happier with my decision. The staff is not only knowledgeable and professional, but also extremely caring and attentive to the needs of each child. The facilities are top-notch, with bright and welcoming classrooms and a wide range of engaging activities.\n\nMy child has developed both socially and academically since starting at Kidz Republic. They come home each day excited about what they've learned, and have made some great friends in the process.\n\nWhat really sets Kidz Republic apart, though, is the level of personalized attention that each child receives. The teachers take the time to get to know each child and their unique interests, and tailor their lessons accordingly. They also keep parents up-to-date on our child's progress and areas for improvement,\nwhich is greatly appreciated.\n\nOverall, I would highly recommend Kidz Republic to any parent looking for a nurturing and stimulating environment for their child. I am so grateful for the positive impact they have had on my child's early education and development."", ""date"": ""2 years ago""}, {""author"": ""Arshia Shaukat"", ""rating"": 5, ""text"": ""Kids Republik School is one of the best schools. My sons are going there for almost 2 years. When they joined, they were too young. At first, we were worried that how they would manage. but trust me they treat them like flowers & as if they are their own. All the teachers, staff & principal always take great care of them, they are learning so much from there. The whole vibe of the school is super cute & attractive which makes kids go daily.\nIf you are looking for a school that makes their base super strong. go for this one. 5 stars to everyone there :)"", ""date"": ""2 years ago""}]",https://lh3.googleusercontent.com/gps-cs-s/AHVAwer4FxbsbjtaL6aQZ1XnGFL_JQZpPxkPBRpMA4tkq2nZjP7EdF04TAu81mMZ_vh9HYc6jkK4w2NPR3kXWPQQNCJoxV6rnrJqFel-59ztCNhvmzxOiXuDr6B5R2_g5K2wSRQo8YWzwA=w1200-h800|https://lh3.googleusercontent.com/gps-cs-s/AHVAweoURH4WFH3BRai4-iDs5Gx0zQ4alLjFGqS93bHq5Ih9DtlEoeN8v7bXfXHJy-x-bhu1X4vqPuMrW6aEiMvUXtuwCANqGH6MK-KRL0hW7RgbXjyY4UEIJoSANYr-V5QDY2uySFZP=w1200-h800|https://lh3.googleusercontent.com/a/ACg8ocIpD3HBF2oio6CNxkGVMRTLJFFypy6IG8ejWwroVXjUeCHw-A=w1200-h800|https://lh3.googleusercontent.com/a-/ALV-UjVHKmrYEB9xgA8GiociNOYA315tQ_-I8AU_gW2rh1SQkiezeN9c=w1200-h800
Fun Learning Daycare and Montessori,"Street 9, Soan Gardens Block B Islamabad, 44000, Pakistan",Islamabad,Soan Gardens,+92 333 4339452,,4.7,22,33.5694372,73.1495748,0x38dfed2c847f61fb:0,,"https://www.google.com/maps/place/Fun+Learning+Daycare+and+Montessori/@33.5694372,73.1495748,17z/data=!3m1!4b1!4m6!3m5!1s0x38dfed2c847f61fb:0xd4bc4051e4e9b1bc!8m2!3d33.5694372!4d73.1495748!16s%2Fg%2F11p5x7grms?authuser=0&hl=en&entry=ttu&g_ep=EgoyMDI2MDQwMS4wIKXMDSoASAFQAw%3D%3D",daycare in Islamabad,Day care center,{},"[{""author"": ""Warda Nabeel"", ""rating"": 5, ""text"": ""I am working in corporate sector and I would like to appreciate the owner and the managers of this daycare. My son started here when he was 8 months old. He now absolutely loves the place. He is eager to go to the daycare and stays happy throughout the day. Watching him makes me so relieved and happy and I can focus on my job. The helper and teachers are so kind,polite and accomodating. Everyone is doing a great job. Thankyou to each and everyone specially Mam Sana who has set up a great culture within the daycare.\nHighly recommended."", ""date"": ""a year ago""}, {""author"": ""Warda Nabeel"", ""rating"": 5, ""text"": ""I am working in corporate sector and I would like to appreciate the owner and the managers of this daycare. My son started here when he was 8 months old. He now absolutely loves the place. He is eager to go to the daycare and stays happy throughout the day. Watching him makes me so relieved and happy and I can focus on my job. The helper and teachers are so kind,polite and accomodating. Everyone is doing a great job. Thankyou to each and everyone specially Mam Sana who has set up a great culture within the daycare.\nHighly recommended."", ""date"": ""a year ago""}, {""author"": ""Imran Saeed"", ""rating"": 5, ""text"": ""I feel it's my social responsibility to share my review about fun learning daycare. Because this is a blessing for working morhers. My two kids are in daycare and I am more than satisfied from the responsible and humble personality of Mrs waris the lady who ran n organized this institute I am grateful for their brilliant services"", ""date"": ""Edited a year ago""}, {""author"": ""Imran Saeed"", ""rating"": 5, ""text"": ""I feel it's my social responsibility to share my review about fun learning daycare. Because this is a blessing for working morhers. My two kids are in daycare and I am more than satisfied from the responsible and humble personality of Mrs waris the lady who ran n organized this institute I am grateful for their brilliant services"", ""date"": ""Edited a year ago""}, {""author"": ""Ishrat Taimur"", ""rating"": 5, ""text"": ""A very well managed place to keep a child safe n pampered. know well how to care a child.\nmoreover they focus on learning as well...\nthis is the best n most reasonable hands to leave kids while we are at work...\nkeep the good work going 👍🏻\nthanks for accommodating me."", ""date"": ""a year ago""}]",https://lh3.googleusercontent.com/gps-cs-s/AHVAwepau2nJJ_Y89LYIF_Z5mkKf54ijgdaXGMQ0OT6ZbfG8MfFux7Qmi1p404zNBP_50Oa3LRFQxHdAF8bNrGPFAk_TnNR7Rf-8gbVaqYBktirJVHxTcBWsmaNdD6AQ09VG67DKNWGG=w1200-h800|https://lh3.googleusercontent.com/gps-cs-s/AHVAweqQK9cUBh7iMeEEI55sDOOER5-J7ekcxtWSHbEl8ylhfIiv8APNcDL5LJHCB8yrgJvDMk-6JAOVbZGNXplKcAAv-quB5i2OL1SUESorUSS6ua9AJ6FWt5UCScEzVcPbJj6nIcnKEw=w1200-h800|https://lh3.googleusercontent.com/gps-cs-s/AHVAwerUyEU45Y7m9uwzd6fhytgCYNtkcWBHeroPg5F-Ah1oKqNAJvgjpYGPWPQG9qpIwMQwcvazxOcOKCE4z5eypU5G-PvJUT-zZ65ZlJjxzfX8pkbT-CISflfO_6IAGlW6hHTrq_gV=w1200-h800|https://lh3.googleusercontent.com/a/ACg8ocJf3wJzODwkVUdV1EEa1fiTenflRg22SM-RjyMw7wpvMIy-dg=w1200-h800
Royal Crown Daycare,"House 375 Street Number 4-A, Ghouri Town VIP Block Ghauri Town VIP Block Ghauri Town, Islamabad, 44000, Pakistan",Islamabad, Ghauri Town,+92 343 1566011,,4,1,33.6244542,73.1206175,0x38dfebb511f930f7:0,,"https://www.google.com/maps/place/Royal+Crown+Daycare/@33.6244542,73.1206175,17z/data=!3m1!4b1!4m6!3m5!1s0x38dfebb511f930f7:0x59364621a03e3464!8m2!3d33.6244542!4d73.1206175!16s%2Fg%2F11xp2hjd3p?authuser=0&hl=en&entry=ttu&g_ep=EgoyMDI2MDQwMS4wIKXMDSoASAFQAw%3D%3D",daycare in Islamabad,Day care center,{},"[{""author"": ""Farah Naeem"", ""rating"": 4, ""text"": ""The best and highly secured daycare in Islamabad"", ""date"": ""8 months ago""}, {""author"": ""Farah Naeem"", ""rating"": 4, ""text"": ""The best and highly secured daycare in Islamabad"", ""date"": ""8 months ago""}]",https://lh3.googleusercontent.com/gps-cs-s/AHVAweqpqTAXckJZ7rTzYb4AaQJuUnqmZFkvDdfeWHzljcwxKQ5neQEbzgcZuJLSaZq8GrWdX554jJ42fwUHUFIhTZqLYgNWsy-OCqa1Qd8EEpq5iJKu4yjOP7e-WtF87cj1vj9uP0r6DRV4w24=w1200-h800|https://lh3.googleusercontent.com/gps-cs-s/AHVAwerd51kTdNkpPzCWvvCZ8FJRLmXYGGewkQ-WzJxsrUlIAFBwCevh8oEkHPWwf4G2XrpFpw0z0PjJjX0-zFvP_9Q4aKPgVX1PNepGJumHukD0Dso5FYJ-mNayoyR6wSC1X631y26N8rHuU5U5=w1200-h800|https://lh3.googleusercontent.com/a-/ALV-UjVZrJ9dsztbAOh1vl1oeQfzabwXcYMXS0Pky99WjUrXPlUEHuTZ=w1200-h800
Home Day care,"401 Street Number 18, PWD Housing Society Sector D PWD Society, Islamabad, Pakistan",Islamabad,PWD Housing,+92 331 5270584,,5,9,33.5717318,73.1478085,0x38dfede34576c523:0,,"https://www.google.com/maps/place/Home+Day+care/@33.5717318,73.1478085,17z/data=!3m1!4b1!4m6!3m5!1s0x38dfede34576c523:0x6f9fc07c8522b067!8m2!3d33.5717318!4d73.1478085!16s%2Fg%2F11s0pqxrlb?authuser=0&hl=en&entry=ttu&g_ep=EgoyMDI2MDQwMS4wIKXMDSoASAFQAw%3D%3D",daycare in Islamabad,Day care center,{},"[{""author"": ""Jutt Jee"", ""rating"": 5, ""text"": ""This home day care provides a safe, clean, and well-organized environment. The caregiver is professional, attentive, and communicates clearly. My child is engaged, supported, and happy each day. I highly recommend this day care for reliable, high-quality care."", ""date"": ""4 months ago""}, {""author"": ""Jutt Jee"", ""rating"": 5, ""text"": ""This home day care provides a safe, clean, and well-organized environment. The caregiver is professional, attentive, and communicates clearly. My child is engaged, supported, and happy each day. I highly recommend this day care for reliable, high-quality care."", ""date"": ""4 months ago""}, {""author"": ""Tayyab Younas"", ""rating"": 5, ""text"": ""My baby boy has been going Home Day Care for 11 months. Mrs. Gulfam (owner of Home Day Care) is very caring. Environment of the day care is superb. Everyday when I pick my baby from the day care, I find him active condition. Highly recommend."", ""date"": ""2 years ago""}, {""author"": ""Tayyab Younas"", ""rating"": 5, ""text"": ""My baby boy has been going Home Day Care for 11 months. Mrs. Gulfam (owner of Home Day Care) is very caring. Environment of the day care is superb. Everyday when I pick my baby from the day care, I find him active condition. Highly recommend."", ""date"": ""2 years ago""}, {""author"": ""Muhammad Usama Mansha"", ""rating"": 5, ""text"": ""a best place for a kid.\na safe and playful, i left my kid there for 4 hours till 10pm. your kid will have lots of things to do here."", ""date"": ""4 years ago""}]",https://lh3.googleusercontent.com/gps-cs-s/AHVAwepJtOeMJ2X5l681rrqpODNs56j8uXovAHRC6-YmahO54_LTYLfCKNcvuJNIzPJf0ngQYzKOlsFqAne5GQSeJhfOwlWLgLolFyj20XsXaUOa776n7BSKqoClA3_gxWtE1lZU9UI_jh8KiUqg=w1200-h800|https://lh3.googleusercontent.com/gps-cs-s/AHVAwep1EdFmYaIgLDch8nQ8JLIoNp50GC0VwHgg4aIGexP6yRSdYtfSvqCnDc1-_hrdzwqJiF2EzCR14kw7kXR-JeEc-POzgOLRkxRCvu2wwtkQLERe9WuBU0S1gWx-fGYz25xAycJXUw=w1200-h800|https://lh3.googleusercontent.com/gps-cs-s/AHVAwepu7KXy_yKf5o4wWUiuAQxpgzw3_TGGR_W7LeMi-ii9Z9bIcZJFa1vD6o4EBmZH5JN-g8DEQWrbIHYrhscak8R0tHAx7gzE7L-ZIxjXlPa-qaqCbw2YTFUoBrmS2G5NI9o-WTdxBQ=w1200-h800|https://lh3.googleusercontent.com/gps-cs-s/AHVAweqJF1VqCukqF6s3V8IGs-6ihmch-YzPLUXUviGd0p5JkcuPoxD4iG6-pj2pg5d-T3YPZsvUEUsPKGTU2Jc_tMhb6rDxl8_jsUWkL9cxi7z-aNz7uTayqkSctshv67_hEEEkocoy=w1200-h800
Winglet DayCare and Montessori,"11, Sector I-8/2 Islamabad, 44000, Pakistan",Islamabad,I-8/2,+92 337 3339788,,4.3,6,33.6640049,73.0662401,0x38df95934f191aaf:0,,"https://www.google.com/maps/place/Winglet+DayCare+and+Montessori/@33.6640049,73.0662401,17z/data=!3m1!4b1!4m6!3m5!1s0x38df95934f191aaf:0xe6e0309f0b8671a4!8m2!3d33.6640049!4d73.0662401!16s%2Fg%2F11y6s52hn1?authuser=0&hl=en&entry=ttu&g_ep=EgoyMDI2MDQwMS4wIKXMDSoASAFQAw%3D%3D",daycare in Islamabad,Day care center,{},"[{""author"": ""Uzma Qasim"", ""rating"": 5, ""text"": ""I can't express enough how truly grateful I am for the care and attention my baby has received at this wonderful daycare from last two months. From the very first day, when I met Rimsha and Mrs. Shaista (after visiting many other places), I knew I had found the perfect place for my son. My baby had a hard time adjusting to anyone other than immediate family members, but the loving, patient approach of this mother daughter duo has made all the difference. They gave me the time and space to help my baby settle in during those early days, building a deep trust between us. Now, my little one is so happy to go there every day 😊"", ""date"": ""a year ago""}, {""author"": ""Uzma Qasim"", ""rating"": 5, ""text"": ""I can't express enough how truly grateful I am for the care and attention my baby has received at this wonderful daycare from last two months. From the very first day, when I met Rimsha and Mrs. Shaista (after visiting many other places), I knew I had found the perfect place for my son. My baby had a hard time adjusting to anyone other than immediate family members, but the loving, patient approach of this mother daughter duo has made all the difference. They gave me the time and space to help my baby settle in during those early days, building a deep trust between us. Now, my little one is so happy to go there every day 😊"", ""date"": ""a year ago""}, {""author"": ""ghazal jawad"", ""rating"": 5, ""text"": ""Great atmosphere, excellent experience and kids were overwhelmed…Thank you winglet daycare❤️"", ""date"": ""a year ago""}, {""author"": ""ghazal jawad"", ""rating"": 5, ""text"": ""Great atmosphere, excellent experience and kids were overwhelmed…Thank you winglet daycare❤️"", ""date"": ""a year ago""}, {""author"": ""sana musa khan"", ""rating"": 1, ""text"": """", ""date"": ""5 months ago""}]",https://lh3.googleusercontent.com/gps-cs-s/AHVAweq1SwlNS-kG6LnskIU_Q1E97Tq2QMGXm-AqDdEp8HR1b1d-JBAuZx7_MEdfB0RTQeFUBztEsQHiQrTZ9HOugzrFjjElWYnWuHaOi4h1sIycpnQWUYFRPSswAe8-d36iZLq5hwEZiw=w1200-h800|https://lh3.googleusercontent.com/gps-cs-s/AHVAweolzMje6qu7X5Gfqd_ydhzLwLh5eafH_useWl6PxKRr-qwp1LlhsJ0kv0t6LF7GvatKWeWPSLc0O4VA5DdtA3OK8Y1TTXw2Q3VipFHqkCkJYiT2WcTM9ihSOGsPAtDtXtJQoKnbwiLWl1jD=w1200-h800|https://lh3.googleusercontent.com/gps-cs-s/AHVAweoaZpd9cnZf_MhZ3HRqucy-kiM1vaTfXzFKc4wRJkKG24S1Rzrr8DcD3eKoCdbmsVrzZulwbN3yq4mi0vPbaMM4nzNS56Kn6FCJ-HbtgkazaGcGH02qEBV0PgDLqj8iUFKyOE1pOJuY2YYx=w1200-h800|https://lh3.googleusercontent.com/a-/ALV-UjXk0rGRMC7ZSdX3LbvXdDar0K3pVZa731O3Xm6Ibl9-1obU-cLk=w1200-h800
Whizzkidz World,"Shop 11/12, Lower Ground floor, Luxus Mall, Gulberg Greens Gulberg Greens Block B Islamabad, Pakistan",Islamabad,Gulberg Greens ,+92 51 6107508,,5,46,33.6027917,73.1600293,ChIJCcE-QALt3zgRtHhFnvWIe-E,,https://www.google.com/maps/place/Whizzkidz+World/data=!4m7!3m6!1s0x38dfed02403ec109:0xe17b88f59e4578b4!8m2!3d33.6027917!4d73.1600293!16s%2Fg%2F11md821809!19sChIJCcE-QALt3zgRtHhFnvWIe-E?authuser=0&hl=en&rclk=1,daycare in Islamabad,Day care center,{},"[{""author"": ""zainab shahid"", ""rating"": 5, ""text"": ""My review for whizz kids world summer camp\nLocation : convenient\nCentre :\nClean well maintained air conditioned hall, clean toilet.\nStaff:\nVery responsible, cooperative, polite and hardworking\nActivities: variety, carefully planned and executed on daily basis. Included learning, arts,crafts, games, show and tell, story time,physical exercise and socialising\nTiming: very convenient for working mothers 9:30am-2:30pm full day rather than 2 3 hours provided by other camps\nChildren of different ages were enrolled.\nMy daughter 7 years age came home happy everyday\nValue for money 10/10\nEnrollment fees included all art supplies and stationery"", ""date"": ""8 months ago""}, {""author"": ""zainab shahid"", ""rating"": 5, ""text"": ""My review for whizz kids world summer camp\nLocation : convenient\nCentre :\nClean well maintained air conditioned hall, clean toilet.\nStaff:\nVery responsible, cooperative, polite and hardworking\nActivities: variety, carefully planned and executed on daily basis. Included learning, arts,crafts, games, show and tell, story time,physical exercise and socialising\nTiming: very convenient for working mothers 9:30am-2:30pm full day rather than 2 3 hours provided by other camps\nChildren of different ages were enrolled.\nMy daughter 7 years age came home happy everyday\nValue for money 10/10\nEnrollment fees included all art supplies and stationery"", ""date"": ""8 months ago""}, {""author"": ""Hadiqa Hasan"", ""rating"": 5, ""text"": ""I've been impressed with whizzkidz world daycare. The staff are warm, caring, and genuinely invested in the children's well-being and development.\n\nThe facility is clean, safe, and well-organized, with a variety of engaging activities that cater to different interests and age groups. My son loves the creative play sessions, while my daughter enjoys the homework help and playtime.\n\nCommunication with parents is excellent, with regular updates on the children's daily activities, meals, and milestones. The staff are responsive to our needs and concerns, making us feel confident and supported.\n\nOverall, I highly recommend Whizzkidz world to families seeking a nurturing and stimulating environment for their children. The care and attention provided by the staff have made a significant difference in our children's lives, and we're grateful for the opportunity to partner with such a wonderful team."", ""date"": ""6 months ago""}, {""author"": ""Hadiqa Hasan"", ""rating"": 5, ""text"": ""I've been impressed with whizzkidz world daycare. The staff are warm, caring, and genuinely invested in the children's well-being and development.\n\nThe facility is clean, safe, and well-organized, with a variety of engaging activities that cater to different interests and age groups. My son loves the creative play sessions, while my daughter enjoys the homework help and playtime.\n\nCommunication with parents is excellent, with regular updates on the children's daily activities, meals, and milestones. The staff are responsive to our needs and concerns, making us feel confident and supported.\n\nOverall, I highly recommend Whizzkidz world to families seeking a nurturing and stimulating environment for their children. The care and attention provided by the staff have made a significant difference in our children's lives, and we're grateful for the opportunity to partner with such a wonderful team."", ""date"": ""6 months ago""}, {""author"": ""Zoha Faisal"", ""rating"": 5, ""text"": ""Very satisfied with the daycare.. the activities are fun, very engaging, and educational.. the staff teach each child with love and patience. Really happy :)"", ""date"": ""3 months ago""}]",https://lh3.googleusercontent.com/gps-cs-s/AHVAwerlSdDcVCA3hGoOww_wLkRA2FFznIZu5DGfd-_lGWnFpsgrUCTqstHHKOOg-PhsGP8C86O96X1rMSIXlZb2UDNfcYZ8pvhwe-NPS1ufK27fHHPwCXVmhqxTpC2kCR39b1eBjBW05m11W2o=w1200-h800|https://lh3.googleusercontent.com/gps-cs-s/AHVAweo00v88xouSZ_mGdExkjKTtNZd6-96EzDNtQAfTPNQnFCAosrN5d9k3bo9kKK_sUZ-3Za7ZlYz01jbSXg-AqTz9Ac7Ffgir3omnyTpW6WgGioqfgIQVjVglGoSNdnUjqplYiY_Fk9nLx5Ie=w1200-h800|https://lh3.googleusercontent.com/gps-cs-s/AHVAwerHhAgLBc3Tfet_lxI5khYZyTvuYKPoZiOgSGEIMOWF80LQmWK4qAh3vlmiLLGwz57J1DF_b8OCqB4LdNhMB50zFug4oz4pBZerpbFCdAqOeZfsR_Ra1yHSNkrXUnJiewD62zl6QANZvLiB=w1200-h800|https://lh3.googleusercontent.com/a/ACg8ocJAF6xRzkbNPm_byYZspQQWjA6R7h32vPck2nFtgn9qEzRXmg=w1200-h800
Rockville Daycare & Early Years,"Faheem Heights, Sector, Diplomatic, Enclave, 44000, Pakistan",Islamabad,Diplomatic Enclave,+92 51 8431761,https://rockville.edu.pk/,4,11,33.7321716,73.1224776,ChIJv5SeBljA3zgRI67Z2csbxCA,,https://www.google.com/maps/place/Rockville+Daycare+%26+Early+Years/data=!4m7!3m6!1s0x38dfc058069e94bf:0x20c41bcbd9d9ae23!8m2!3d33.7321716!4d73.1224776!16s%2Fg%2F11c1q4g76v!19sChIJv5SeBljA3zgRI67Z2csbxCA?authuser=0&hl=en&rclk=1,daycare in Islamabad,Day care center,{},"[{""author"": ""Ainnn Aa"", ""rating"": 5, ""text"": ""The  best school and daycare in Islamabad! My kids absolutely love it! Big gratitude to the principal and nannies! Schedule is too comfortable, and principal is very glad to help even when it’s not a basic time of working!"", ""date"": ""a year ago""}, {""author"": ""Ainnn Aa"", ""rating"": 5, ""text"": ""The  best school and daycare in Islamabad! My kids absolutely love it! Big gratitude to the principal and nannies! Schedule is too comfortable, and principal is very glad to help even when it’s not a basic time of working!"", ""date"": ""a year ago""}, {""author"": ""Asel Abdrakhman"", ""rating"": 5, ""text"": ""My daughter has been going to this kindergarten for more than a year and we are very grateful to the director, nannies and staff for caring for the children, for their attention to each child and their friendly attitude towards parents. My daughter enjoys going to kindergarten and you are sure that she has a good time there. The kindergarten organizes holidays and birthdays well. We wish you prosperity!"", ""date"": ""a year ago""}, {""author"": ""Asel Abdrakhman"", ""rating"": 5, ""text"": ""My daughter has been going to this kindergarten for more than a year and we are very grateful to the director, nannies and staff for caring for the children, for their attention to each child and their friendly attitude towards parents. My daughter enjoys going to kindergarten and you are sure that she has a good time there. The kindergarten organizes holidays and birthdays well. We wish you prosperity!"", ""date"": ""a year ago""}, {""author"": ""Su Atak"", ""rating"": 5, ""text"": ""Rockville daycare is the best daycare you can find in the diplomatic enclave. The amount of care snd attention they give to all the kids amazing. I recommend it for all toddlers parents."", ""date"": ""a year ago""}]",https://lh3.googleusercontent.com/gps-cs-s/AHVAweoNyAysWXjX5_3mJmIFASeiFClSrQoM5HX7SajtS6PwJsuxG39825b_IleA3vIa_ja1QLlsjj2-gVv6wMGZ1qMeNDdFh6TrnRs0Mim70j5FbQyuzm-pczRVRp1_rX7Ay_iSSY2uVQ=w1200-h800|https://lh3.googleusercontent.com/gps-cs-s/AHVAwepBdjUrthjQg7pDbbg_sYuOh6d7MERrYHCe-OZHmXLuahvK765kp3U7JU6m2dUJdLRjTS-8zrtjNQJuurVqXaVT9QYHgtfym5N0VwPf8hLHTOM2VDXpujOxo7HgJntaAk8gQmb1=w1200-h800|https://lh3.googleusercontent.com/gps-cs-s/AHVAweodWOxRCLUXLdPfVnj1agZx-gyNSaOmrUxQp_caETAWGc619mTREOZGJjYIzedNKXZcaydGUVrOh0KaC4oFot7xwz24k6gy9Jqy_Y4m6QJwu93mx1RJo9ecz4d6WJuWf-KvXWav=w1200-h800|https://lh3.googleusercontent.com/gps-cs-s/AHVAweqe7WB7NQuSrklAqV7Ij9z7biWYSbwNu2TNYFLzARInngzga-q5Sqij3Kxo8Y3cTURySxk5udHPhhLvZ4NJHkWs63Q4F4M6NCxHKO2NZcMvvolGOtME7eSfuDyBX3reZdEYTcA4=w1200-h800
The Early Years Daycare - Potohar Centre,"House No.370, National Police Foundation, Main Road, PWD, Islamabad, 45570, Pakistan",Islamabad,PWD,+92 331 3385439,https://theearlyyears.edu.pk/,4.7,16,33.5652256,73.1267695,0x38dfed292293733d:0,,"https://www.google.com/maps/place/The+Early+Years+Daycare+-+Potohar+Centre/@33.5652256,73.1267695,17z/data=!3m1!4b1!4m6!3m5!1s0x38dfed292293733d:0xa405171696f4d1d5!8m2!3d33.5652256!4d73.1267695!16s%2Fg%2F11w43nxbyk?authuser=0&hl=en&entry=ttu&g_ep=EgoyMDI2MDQwMS4wIKXMDSoASAFQAw%3D%3D",daycare in Islamabad,Day care center,{},"[{""author"": ""Ghazala Tanveer"", ""rating"": 5, ""text"": ""A place filled with laughter, joy and happiness for children. Highly recommend to those parents who are looking for a best day care and child development centre ."", ""date"": ""a year ago""}, {""author"": ""Ghazala Tanveer"", ""rating"": 5, ""text"": ""A place filled with laughter, joy and happiness for children. Highly recommend to those parents who are looking for a best day care and child development centre ."", ""date"": ""a year ago""}, {""author"": ""Syed Karam Shah"", ""rating"": 4, ""text"": ""Quite good and safe environment. Minor gaps like parking place is not available.\nSince it is start, hope\nthese will be sorted out with the passage of time"", ""date"": ""a year ago""}, {""author"": ""Syed Karam Shah"", ""rating"": 4, ""text"": ""Quite good and safe environment. Minor gaps like parking place is not available.\nSince it is start, hope\nthese will be sorted out with the passage of time"", ""date"": ""a year ago""}, {""author"": ""Sania Tanveer"", ""rating"": 5, ""text"": ""Its not only a day care centre its a place  where children can have homely environment in supervision of well trained staff ."", ""date"": ""a year ago""}]",https://lh3.googleusercontent.com/gps-cs-s/AHVAweol8zO6PFvaPtEF-HxCLIPoI_qgruPKfZSlx2rCRF_9AqROB3XYG0LkQLeU3JWmOl8CzhLhmqX6rwNcUM9POePutpGfkRgygBJYvxp2Je8RfN7m8xiQ79T8Ivnlvkm8HdmXnqKu=w1200-h800|https://lh3.googleusercontent.com/gps-cs-s/AHVAweq25H_xGqmKE4NERQgT0_FaM5WRoWyOpbw-0fWU-xWbSWvkagPvmvgm2ArMT-HG-lwUWKFa5unw7xm6p1jZBlZ3-8AeAcX8UGULX4ejjLpVNL1leuj9kus5Cf176JrWo7wSLoVx=w1200-h800|https://lh3.googleusercontent.com/gps-cs-s/AHVAwerda99aZ_f-_mndVj41TDat2t0NmzYcb2sG6DAs7my91p_GzNTW9tj-wF3YCqsaIIKxt6RjCpFaZVjI_9OIczrS6AdUKDPw63VRMko9YkAzoOTmRYI7Q26hajm4Y8qfs4Exi9M1=w1200-h800|https://lh3.googleusercontent.com/a/ACg8ocJ_Cwqn-G744TvFCqwD17-fYDwErtX1efP4qT7WFzfePN4JrA=w1200-h800
Children's House,"House 27 Street 25, F-8/2 F 8/2 F-8, Islamabad, 44000, Pakistan",Islamabad,F-8/2,+92 333 5482267,,4.6,48,33.7119557,73.0317793,0x38dfbe516a54613f:0,,"https://www.google.com/maps/place/Children's+House/@33.7119557,73.0317793,17z/data=!3m1!4b1!4m6!3m5!1s0x38dfbe516a54613f:0x27da75bba01cd3d2!8m2!3d33.7119557!4d73.0317793!16s%2Fg%2F11fy22d9jy?authuser=0&hl=en&entry=ttu&g_ep=EgoyMDI2MDQwMS4wIKXMDSoASAFQAw%3D%3D",daycare in Islamabad,Nursery school,{},"[{""author"": ""Zeba Zafar"", ""rating"": 5, ""text"": ""I’m really impressed with the summer camp my kid recently had at Children’s House!My child had an amazing time and looked forward to going every day. The camp offered a wonderful balance of creative activities that kept the kids engaged and learning in a fun way. I especially loved the evening club, which included Taekwondo and Quran classes – a great combination of physical fitness and spiritual growth.\n\nThe focus on English speaking skills was very noticeable, and I’ve already seen improvement in my child’s confidence when communicating. The daycare is exceptionally clean, with plenty of open space for outdoor play, and the swimming day was definitely a highlight for the kids.\n\nOverall, it’s a safe, well-organized, and nurturing environment that truly cares about children’s holistic development. Highly recommended to parents looking for a quality facilities in a clean and spacious setting!"", ""date"": ""8 months ago""}, {""author"": ""Zeba Zafar"", ""rating"": 5, ""text"": ""I’m really impressed with the summer camp my kid recently had at Children’s House!My child had an amazing time and looked forward to going every day. The camp offered a wonderful balance of creative activities that kept the kids engaged and learning in a fun way. I especially loved the evening club, which included Taekwondo and Quran classes – a great combination of physical fitness and spiritual growth.\n\nThe focus on English speaking skills was very noticeable, and I’ve already seen improvement in my child’s confidence when communicating. The daycare is exceptionally clean, with plenty of open space for outdoor play, and the swimming day was definitely a highlight for the kids.\n\nOverall, it’s a safe, well-organized, and nurturing environment that truly cares about children’s holistic development. Highly recommended to parents looking for a quality facilities in a clean and spacious setting!"", ""date"": ""8 months ago""}, {""author"": ""Dr Azma"", ""rating"": 5, ""text"": ""I loved my son’s experience over here. The staff and everyone in general is co-operative. Will keep on visiting over the weekends for their mommy and me sessions. Also. The best thing is they are always very accommodating and flexible. I can’t be less thankful to the teachers who made my son happy and cheered him everyday. The owner herself is extremely nice lady!!! Loved loved this setup."", ""date"": ""7 months ago""}, {""author"": ""Dr Azma"", ""rating"": 5, ""text"": ""I loved my son’s experience over here. The staff and everyone in general is co-operative. Will keep on visiting over the weekends for their mommy and me sessions. Also. The best thing is they are always very accommodating and flexible. I can’t be less thankful to the teachers who made my son happy and cheered him everyday. The owner herself is extremely nice lady!!! Loved loved this setup."", ""date"": ""7 months ago""}, {""author"": ""areesa parvaiz"", ""rating"": 5, ""text"": ""Children’s House has been such a special place for us. From day one, the warmth and care shown by Ms. Naila made all the difference. My child attended the school for a short time due to relocation but he looked forward to school every morning.  I could see how much he was learning—both academically and emotionally. The environment is nurturing and thoughtfully designed, and the team truly understands young children. We would love to come back to Children’s House whenever we get a chance."", ""date"": ""9 months ago""}]",https://lh3.googleusercontent.com/gps-cs-s/AHVAweq-ox_LLjDYfeFJrcJAtpNT_Zhdz173MnpyhmsMWVNnvkxYKYJsA8edM4SmYykKkOLTG1JZx8ykI-ST0-Pe_8S14hayynr-S5fX32wo2KiY6JP8rEXXogmj5AI-MlC5wr7dpq5E=w1200-h800|https://lh3.googleusercontent.com/gps-cs-s/AHVAweqI7FIVhUXwbDx6qahyVWm9L9kph4xCOV7dSTDCPxULKcn8erWXreCuEPZHPU8wuWRhEFsgY9RJcVT1L4DgqIJyEMIOnGh0XI_sVr6HQ3CgILI8LHkEPNFDRKiC6L0Dv3FZ6gHxKWjfZLs=w1200-h800|https://lh3.googleusercontent.com/gps-cs-s/AHVAwepb_88EOldgutusxk2UE21KOUmP3J6URxvpqkJLtffY-BZbhN8W-l4YG_5tiKQSNyUqXYdl9PXkFvfAUkcA-5EukQZG4Q8LfqG3YiMa9O0sy_iIUGj3XsVX_PPloEE4l9jD5QCO=w1200-h800|https://lh3.googleusercontent.com/gps-cs-s/AHVAweqB5g0Dk3NxPJ5jKf5hGici7igmQdqazxwdtgcJ2hG5orkiTEbO0p_6X0huC-idl-zZUmjjH0vlLOh9lijGJKVfP3RXfj-VeUFp5xddiRliLj37YspqqAQ2dkCCDdsWTgmyf_0Mvg=w1200-h800
DAYCARE (THE LYNX SCHOOL SMC PVT LTD),"House 931 Street 91, I-8/4 I 8/4 I-8, Islamabad, 44000, Pakistan",Islamabad,I-8/4,+92 51 2722107,http://www.thelynxschool.edu.pk/,5,4,33.66427,73.081164,ChIJQ281biKV3zgRAzaSRdseaA4,,https://www.google.com/maps/place/DAYCARE+%28THE+LYNX+SCHOOL+SMC+PVT+LTD%29/data=!4m7!3m6!1s0x38df95226e356f43:0xe681edb45923603!8m2!3d33.66427!4d73.081164!16s%2Fg%2F11jt3dqxr0!19sChIJQ281biKV3zgRAzaSRdseaA4?authuser=0&hl=en&rclk=1,daycare in Islamabad,Day care center,{},"[{""author"": ""Yasir Abbasi"", ""rating"": 5, ""text"": ""Great atmosphere for kids."", ""date"": ""3 months ago""}, {""author"": ""Yasir Abbasi"", ""rating"": 5, ""text"": ""Great atmosphere for kids."", ""date"": ""3 months ago""}, {""author"": ""SM “EXPLORE YOUR MIND” MALIK"", ""rating"": 5, ""text"": """", ""date"": ""a year ago""}, {""author"": ""SM “EXPLORE YOUR MIND” MALIK"", ""rating"": 5, ""text"": """", ""date"": ""a year ago""}, {""author"": ""Areeba Raja"", ""rating"": 5, ""text"": """", ""date"": ""3 years ago""}]",https://lh3.googleusercontent.com/gps-cs-s/AHVAweqx3EogFsdgzNjlGhURomlTK-cR00otenfKCNwczAbvwolCSvEef6Y-2T8Rp_nesO283NhLpj70KyqsKdVcFAtVASVR0dW3KZYx708bOl77wnHZBY8VjHkqntcEeCM3EfqwiNma=w1200-h800|https://lh3.googleusercontent.com/a-/ALV-UjVetAaobGSPfKFI2XevcrefIszSTG-QvV7YbyVgLeRrcF4ykxIY8g=w1200-h800|https://lh3.googleusercontent.com/a-/ALV-UjX1HALHwJ_RMSamuTyRcicYftR_6z6govzAO7Cq2FtDKYXrFLDZ=w1200-h800|https://lh3.googleusercontent.com/a/ACg8ocIeMoJwGk41yW6I9qGcMqtO8qbsJYu_6SXT6unGXn1HfRBg7M0=w1200-h800
TLC Nursery Serena,"Serena Business Complex, G-5, Islamabad, 44000, Pakistan",Islamabad,G-5,+92 51 2094071,https://www.facebook.com/TLCdaycarepreschool,4.7,11,33.7174052,73.1011146,0x38dfc06fec3e6751:0,,"https://www.google.com/maps/place/TLC+Nursery+Serena/@33.7174052,73.1011146,17z/data=!3m1!4b1!4m6!3m5!1s0x38dfc06fec3e6751:0xbcb079b7692b6faf!8m2!3d33.7174052!4d73.1011146!16s%2Fg%2F1pxq31qqj?authuser=0&hl=en&entry=ttu&g_ep=EgoyMDI2MDQwMS4wIKXMDSoASAFQAw%3D%3D",daycare in Islamabad,Preschool,{},"[{""author"": ""Abbas Gul"", ""rating"": 5, ""text"": ""One of the best institution to send your little ones in Islamabad. I am genuinely satisfied with their programs and my child's progress.\nWould highly recommend TLC."", ""date"": ""2 months ago""}, {""author"": ""Abbas Gul"", ""rating"": 5, ""text"": ""One of the best institution to send your little ones in Islamabad. I am genuinely satisfied with their programs and my child's progress.\nWould highly recommend TLC."", ""date"": ""2 months ago""}, {""author"": ""Ayesha Akhtar"", ""rating"": 5, ""text"": ""TLC Serena Campus will always feel like home to us. My daughter spent almost two years there, and we even used the daycare facility when needed. The staff is genuinely caring, highly qualified, and always open to listening to what parents truly want for their children. The environment is warm, nurturing, and beautifully designed—something you usually see at top international schools. The attention to detail in the decor makes the space feel engaging and inspiring for little ones.\n\nWhat makes TLC Serena extra special is Eesha Imran, the campus head. Her kindness, leadership, and the way she runs the school with so much love made a lasting impact on us. Even now, my daughter remembers TLC Serena and Eesha with so much fondness and respect, and we always talk about it as if it’s home.\n\nA huge shoutout to Ms. Sara, who played a key role in Zoey’s transition from preschool to Grade 1. She prepared her so well that the shift felt completely natural, and I’ll always be grateful for the confidence and skills she instilled in her.\n\nIf you’re looking for a place that feels like family while providing top-notch early education, I can’t recommend TLC Serena enough!"", ""date"": ""a year ago""}, {""author"": ""Ayesha Akhtar"", ""rating"": 5, ""text"": ""TLC Serena Campus will always feel like home to us. My daughter spent almost two years there, and we even used the daycare facility when needed. The staff is genuinely caring, highly qualified, and always open to listening to what parents truly want for their children. The environment is warm, nurturing, and beautifully designed—something you usually see at top international schools. The attention to detail in the decor makes the space feel engaging and inspiring for little ones.\n\nWhat makes TLC Serena extra special is Eesha Imran, the campus head. Her kindness, leadership, and the way she runs the school with so much love made a lasting impact on us. Even now, my daughter remembers TLC Serena and Eesha with so much fondness and respect, and we always talk about it as if it’s home.\n\nA huge shoutout to Ms. Sara, who played a key role in Zoey’s transition from preschool to Grade 1. She prepared her so well that the shift felt completely natural, and I’ll always be grateful for the confidence and skills she instilled in her.\n\nIf you’re looking for a place that feels like family while providing top-notch early education, I can’t recommend TLC Serena enough!"", ""date"": ""a year ago""}, {""author"": ""Amina Nasim Khan (ank)"", ""rating"": 5, ""text"": ""A Journey of Love, Learning, and Growth at TLC\n\nFrom the tender age of 2.5 years, my daughter’s journey with TLC (Tender Love and Care) began, and it has been a cherished chapter for both of us. As a mother, finding the right environment where my child could flourish emotionally, intellectually, and socially while feeling safe and secure was a top priority. TLC, with its nurturing and holistic approach, provided exactly that, setting a high standard for how early childhood education should be.\n\nThe whole team at TLC has been instrumental in shaping my daughter’s formative years, but it’s Esha Imran’s warmth and attention to detail that stand out. She, along with the rest of the staff, treated my daughter not just as another student but as a child deserving individual attention, love, and care. Whether through everyday classroom interactions or special moments during school events, TLC fostered an environment where my daughter felt safe, loved, and excited to explore the world around her.\n\nOver the years, as a single mom, I’ve watched my daughter evolve from a curious toddler into an independent, thoughtful, and creative young girl. The early days of discovering new words, learning how to socialize, and developing her fine motor skills gradually transitioned into more complex, exploratory learning experiences. TLC encouraged her natural curiosity and guided her through a balanced mix of play-based learning and structured activities.\n\nNow, as she graduates from TLC at the age of six, she is well-equipped for her next chapter of exploration and discovery. The foundation laid during these early years has instilled a love for learning in her, something I will forever be grateful for. TLC didn’t just prepare her academically; it nurtured her emotionally, building her confidence to face the world and take on new challenges with enthusiasm and resilience.\n\nAs we embark on this next journey, I know that the seeds of curiosity, compassion, and confidence sown at TLC will continue to grow. From the bottom of my heart, thank you to everyone at TLC for giving my child such a wonderful start in life, and a special thanks to Esha Imran for the tender love and care that will always remain with us.\n\nI’d also like to acknowledge Teacher Sara’s exceptional efforts in elevating the learning curve, teaching them to read, write, and count, all while incorporating wellness and kindness into their daily lives, shaping them into beautiful tiny humans who will carry these values throughout their lives."", ""date"": ""a year ago""}]",https://lh3.googleusercontent.com/gps-cs-s/AHVAwepNQJH8hPkSRuM9LbIfqI67BZ4aTv8KluXULDBPKGlB_4RXBQ2VqxuwKO-S1KMfJcR8aJa4rnsLWnTatyW7ww-CIVNTzFuJyW24AB0GuoJD2ivYR_ieQQVyQeZywyQ9dcYwCsxK1A=w1200-h800|https://lh3.googleusercontent.com/gps-cs-s/AHVAwerJ-RFtlAvPfmyE4Suv4_jwgGOAnUFEvvO6Imm-XOEPA-P3PMdj0LJd5ZboOw4B4tErUiHOXCoBXMfdEiZDiKNJqNO5wN6sFOXPXGMtAf5glWstAWAoqtD9V48HGVrx8j4C4zao=w1200-h800|https://lh3.googleusercontent.com/a-/ALV-UjU0oe6blnh9nZoBP0zktrXlmwQtKdz3uHJA4TV70K2x-JdPZgg=w1200-h800|https://lh3.googleusercontent.com/a/ACg8ocK8ewCCrmKAKQQQMNGBVdsptiGxeS4rf4iCu2nnzC1gyP9r6A=w1200-h800
Mabel Toddler Learning And Daycare Centre,"House#826 Street No. 85, I-8/4 I 8/4 I-8, Islamabad, 44000, Pakistan",Islamabad,I-8/4,+92 333 1865618,https://www.instagram.com/mabel_toddlerlearningdaycare?utm_source=qr&igsh=MTZvMThyM3pwdDV3Ng==,5,27,33.6663488,73.0819186,ChIJfVQtmrmV3zgRhkF2FVb9RjI,,https://www.google.com/maps/place/Mabel+Toddler+Learning+And+Daycare+Centre/data=!4m7!3m6!1s0x38df95b99a2d547d:0x3246fd5615764186!8m2!3d33.6663488!4d73.0819186!16s%2Fg%2F11xn4257x_!19sChIJfVQtmrmV3zgRhkF2FVb9RjI?authuser=0&hl=en&rclk=1,daycare in Islamabad,Day care center,{},"[{""author"": ""Marriam Habib"", ""rating"": 5, ""text"": ""We’ve had a wonderful experience with Mabel Toddler Learning and Daycare Centre. The staff are incredibly caring, patient, and attentive, which gives me great peace of mind knowing my son is in a safe and nurturing environment each day.\n\nWhat I really appreciate is how the caregivers take the time to understand each child and support their development at their own pace. My son has grown more comfortable with routines and enjoys the activities there, which says a lot about the positive atmosphere they’ve created.\n\nCommunication with the staff has always been great. They are approachable, supportive, and keep parents well informed. I’m truly grateful to have found a place where my child feels cared for and happy."", ""date"": ""a month ago""}, {""author"": ""Marriam Habib"", ""rating"": 5, ""text"": ""We’ve had a wonderful experience with Mabel Toddler Learning and Daycare Centre. The staff are incredibly caring, patient, and attentive, which gives me great peace of mind knowing my son is in a safe and nurturing environment each day.\n\nWhat I really appreciate is how the caregivers take the time to understand each child and support their development at their own pace. My son has grown more comfortable with routines and enjoys the activities there, which says a lot about the positive atmosphere they’ve created.\n\nCommunication with the staff has always been great. They are approachable, supportive, and keep parents well informed. I’m truly grateful to have found a place where my child feels cared for and happy."", ""date"": ""a month ago""}, {""author"": ""Dr. Ibad ul Haq"", ""rating"": 5, ""text"": ""This daycare provides a safe, nurturing, and stimulating environment for children. The staff are very professional, attentive, and genuinely caring towards the kids. The facility is clean and well-organized, and there are plenty of engaging activities that support learning and development. Communication with parents is also excellent. I would highly recommend this daycare to anyone looking for trustworthy childcare"", ""date"": ""a month ago""}, {""author"": ""Dr. Ibad ul Haq"", ""rating"": 5, ""text"": ""This daycare provides a safe, nurturing, and stimulating environment for children. The staff are very professional, attentive, and genuinely caring towards the kids. The facility is clean and well-organized, and there are plenty of engaging activities that support learning and development. Communication with parents is also excellent. I would highly recommend this daycare to anyone looking for trustworthy childcare"", ""date"": ""a month ago""}, {""author"": ""Umar Safir"", ""rating"": 5, ""text"": ""Its been 4 months since i have been sending my daughter (14months old now) and i am very much satisfied with the staff and have seen drastic. Improvement in the behaviour and confidence/communication of my child.\nThe teachers are well educated and have degrees in psychology which enables them to better understand how to develop the skills of the child.\n\nI would definitely recommend this space for everyone who has a child between 1-3."", ""date"": ""a month ago""}]",https://lh3.googleusercontent.com/gps-cs-s/AHVAweqKiH_cdkznRlVyAY4_8Mw2thklOYtA3eCkNWmlMxZh8hNuxLeQX50OAWQH3wFl7G3v8yGFqI2r-7R4Fu1O4atFjONvRxJLRfcyIn0rl469NNCHMDKok--dJy5zsViqvJsVt9DhlMlaljWV=w1200-h800|https://lh3.googleusercontent.com/gps-cs-s/AHVAweoWmrKeMZ98ROIUailHpNrGdlYQiDwCy3hJfhdWeW8ex5q3sW98EImzC3laDDHiu-WSA0OJ63yWb_PMTGkrYwtf930XF8JNeFGqyruWy70gViCayk9OPJnYeBqU5iPMKB9-UKXfUqYfRnc=w1200-h800|https://lh3.googleusercontent.com/gps-cs-s/AHVAwepES8wRXyysINecOJTeqlcnANMV1BWWHR3MTpB2MLLAETzMOHEZ9RS83tgIeyrbG_HjoTyS5nR1o5QVU3p9-0QXXtZbRGzyLu2-2iauv29m2_YSHefse3HSS89hQzOzj-gMOFzaKz-w18A=w1200-h800|https://lh3.googleusercontent.com/a-/ALV-UjU8GbUme68j_lpTEwXNzLKWn8W-0wRT4xz_Wguyb4q-kqMU7to=w1200-h800
The Hazen School & Day care Centre,"23 St 17, PWD Housing Society Sector C PWD Society, Islamabad, Pakistan",Islamabad,PWD Housing,+92 334 0526935,https://www.facebook.com/TheHazenSchoolPWDcampus/,4.4,62,33.5705459,73.1448818,0x38dfede6e60ee001:0,,"https://www.google.com/maps/place/The+Hazen+School+%26+Day+care+Centre/@33.5705459,73.1448818,17z/data=!3m1!4b1!4m6!3m5!1s0x38dfede6e60ee001:0x113b696252f832cb!8m2!3d33.5705459!4d73.1448818!16s%2Fg%2F11lq2m3d3y?authuser=0&hl=en&entry=ttu&g_ep=EgoyMDI2MDQwMS4wIKXMDSoASAFQAw%3D%3D",daycare in Islamabad,Preschool,{},"[{""author"": ""Afzal Khan"", ""rating"": 5, ""text"": ""My son loves it here! The staff is patient and attentive, and the activities are well-planned and educational. I appreciate the school’s focus on creativity and exploration, allowing children to learn at their own pace. Only reason I’m giving 4 stars instead of 5 is that I wish the school offered more outdoor play options, but overall it's a fantastic place"", ""date"": ""a year ago""}, {""author"": ""Afzal Khan"", ""rating"": 5, ""text"": ""My son loves it here! The staff is patient and attentive, and the activities are well-planned and educational. I appreciate the school’s focus on creativity and exploration, allowing children to learn at their own pace. Only reason I’m giving 4 stars instead of 5 is that I wish the school offered more outdoor play options, but overall it's a fantastic place"", ""date"": ""a year ago""}, {""author"": ""Junaid Javed khan"", ""rating"": 5, ""text"": ""this school offers a great learning environment with dedicated teachers and a strong sense of community. The facilities are well-maintained, and there are plenty of extracurricular activities to engage students. Highly recommend!"", ""date"": ""a year ago""}, {""author"": ""Junaid Javed khan"", ""rating"": 5, ""text"": ""this school offers a great learning environment with dedicated teachers and a strong sense of community. The facilities are well-maintained, and there are plenty of extracurricular activities to engage students. Highly recommend!"", ""date"": ""a year ago""}, {""author"": ""Deneez Meelas"", ""rating"": 5, ""text"": ""Our two-month-old daughter has been at The Hazen School for a few weeks now, and I couldn’t be happier with the care she’s getting. The staff is nurturing and gentle, and I feel confident leaving her here every morning."", ""date"": ""a year ago""}]",https://lh3.googleusercontent.com/gps-cs-s/AHVAwerCte22STB-G7it_IwBYk1NKCwUfyzKokF5WADSwMMh13kTtsKcd2SkKNi4GCop23IyOxWe6G0DsNvDfgxGw6L4BtsY_rnTAtvCRzes6wbybXNapaTuFsvR-zzOWsGHFm7s2lHG=w1200-h800|https://lh3.googleusercontent.com/gps-cs-s/AHVAweoHtSr14cKxQlXbisQQEdKj6UKxnDSYxv21UwMQn5W8rjEGOgcMypr3LK_InirlVDw47R86h6y4KokhhufnR0bz2auZtmyhTLoFkp215TBDgNxWTRqHwGuQdjzvgXKwWK2bM43iS7L2Gyg=w1200-h800|https://lh3.googleusercontent.com/gps-cs-s/AHVAweosJSu6coJmL1AroMEWBD_xBqzyBMEVMCmEjE5jf9MigFUYL3zzwSsDKHHpt5I0Y7IfY36-0oXXBm3U3ySDJXMjrB5zvp8vgBjCTGqz9tOvE6eItzosceX9k15kbroi-QkGAh7a=w1200-h800|https://lh3.googleusercontent.com/gps-cs-s/AHVAweqzbjKAiHPY6VKiFTQed3ONR0OJIWE8zN-Q2riBzYMhL7-jmajru3_TjdrxO8HKqzsyn3M2hw23XD9gE1Yncv_kk7vzN1Sopkt99OefxP5tYoj5HZoNjP7Cq2RsOXNg29xx5f1WVkBMiDk=w1200-h800
TLC Nursery Diplomatic Enclave,"Plot 3-B/1 Building 3, Mediterranean Plaza, Ramna 4 Diplomatic Enclave, Islamabad, 44000, Pakistan",Islamabad,Diplomatic Enclave,+92 51 8775852,https://www.facebook.com/tlcdohacampus,5,6,33.7261379,73.1206806,ChIJ1TWTUHDB3zgRmx1BW2QrxrA,,https://www.google.com/maps/place/TLC+Nursery+Diplomatic+Enclave/data=!4m7!3m6!1s0x38dfc170509335d5:0xb0c62b645b411d9b!8m2!3d33.7261379!4d73.1206806!16s%2Fg%2F11t77hz7yk!19sChIJ1TWTUHDB3zgRmx1BW2QrxrA?authuser=0&hl=en&rclk=1,daycare in Islamabad,Preschool,{},"[{""author"": ""yasmin yasmin"", ""rating"": 5, ""text"": ""Chose TLC for my daughter’s first school experience and couldn’t be happier with this decision. Amazing staff from Miss Eesha the principal to all the teachers and assistants, professional, patient, kind and attentive. All the safety policies are respected. The curriculum and activities perfectly balanced. After one year we noticed a considerable growth in our kids’ communication skills and confidence. Thank you TLC team what a great journey !❤️"", ""date"": ""7 months ago""}, {""author"": ""yasmin yasmin"", ""rating"": 5, ""text"": ""Chose TLC for my daughter’s first school experience and couldn’t be happier with this decision. Amazing staff from Miss Eesha the principal to all the teachers and assistants, professional, patient, kind and attentive. All the safety policies are respected. The curriculum and activities perfectly balanced. After one year we noticed a considerable growth in our kids’ communication skills and confidence. Thank you TLC team what a great journey !❤️"", ""date"": ""7 months ago""}, {""author"": ""Sarah Abdelazim"", ""rating"": 5, ""text"": ""Our first pick for my son was TLC-Diplomatic Enclave, and it ended up being a great one. We were really pleased and satisfied with the way he developed and grew. His communication, confidence, and vocabulary all significantly increased in a remarkably short period of time. My son felt really at ease and content. The scope, the materials, the activities offered, and the helpful staff made the entire structure outstanding. We noticed a noticeable change in his confidence and the way he expressed his needs and thoughts, and the staff was well-organised and knowledgeable. He was well taken care of, and I heartily recommend this place."", ""date"": ""7 months ago""}, {""author"": ""Sarah Abdelazim"", ""rating"": 5, ""text"": ""Our first pick for my son was TLC-Diplomatic Enclave, and it ended up being a great one. We were really pleased and satisfied with the way he developed and grew. His communication, confidence, and vocabulary all significantly increased in a remarkably short period of time. My son felt really at ease and content. The scope, the materials, the activities offered, and the helpful staff made the entire structure outstanding. We noticed a noticeable change in his confidence and the way he expressed his needs and thoughts, and the staff was well-organised and knowledgeable. He was well taken care of, and I heartily recommend this place."", ""date"": ""7 months ago""}, {""author"": ""Timea Olah"", ""rating"": 5, ""text"": ""The best nursery my son has ever been to! He absolutely loved everything about it, especially his wonderful teachers, Miss Zara and Miss Eesha. They played a huge role in his growth, providing him with the care, encouragement, and guidance he needed to flourish. The nurturing environment and dedicated staff make this nursery a fantastic choice for families looking to give their children a strong start in both education and personal development. I highly recommend TLC Nursery to any parent seeking a safe, loving, and enriching place for their little ones!"", ""date"": ""a year ago""}]",https://lh3.googleusercontent.com/gps-cs-s/AHVAwepuaKpMujTVgErCltBq1raTZCWShJJ-prWSjDqkwv0xVI70tm21x-7Bzcaj2pZY9dtapRLrkMP2j3fYYD2kqaBOwA-h6sJ1Cgm3KApPXu4gwyLpKZrzCd52N-Gx9kByT-gGZsAgTA=w1200-h800|https://lh3.googleusercontent.com/gps-cs-s/AHVAwer-AUx9vJzwfU7m_vwsuKcuN-wBR0VMg_jOth8mlFNutncLXaXRQjVk-s56iyNJwb40fHpRTczdNX8MEKaHV2M3ka8UC45T9D_E1-CFCG4_7g5nxXSbEbwQ7nZ-NoXbULTJ46Oq=w1200-h800|https://lh3.googleusercontent.com/gps-cs-s/AHVAweoZLmiEzH6QMS91d8m7cR1-BLhZEIOIGG9fCjTzh4y67M44jqO8MlTDtFnG9JD9gTo8kDZjh4qcV6d3uTG2UCMhF4QXrnNycLy0UMaz7gf7MmodNZPPKfGqyOSWe1XEVXYvz6JT=w1200-h800|https://lh3.googleusercontent.com/a/ACg8ocLjYZOVtOPFGL6bgTsFWb35FyIVuuWqHT3uxzevn1_AcGqLAA=w1200-h800
Kindle Sprout Daycare and School,"metro bus station, Service Rd, opposite to G-13, south G-12, Islamabad, 44000, Pakistan",Islamabad,G-13,+92 312 3177778,,5,14,33.6497026,72.9782328,ChIJ47r_Zx6V3zgR3w8uWgVCd6E,,https://www.google.com/maps/place/Kindle+Sprout+Daycare+and+School/data=!4m7!3m6!1s0x38df951e67ffbae3:0xa17742055a2e0fdf!8m2!3d33.6497026!4d72.9782328!16s%2Fg%2F11y_pypnzm!19sChIJ47r_Zx6V3zgR3w8uWgVCd6E?authuser=0&hl=en&rclk=1,daycare in Islamabad,Preschool,{},"[{""author"": ""mahwish hameed"", ""rating"": 5, ""text"": ""Very supportive staff and good academic standards. Highly recommended!"", ""date"": ""a month ago""}, {""author"": ""mahwish hameed"", ""rating"": 5, ""text"": ""Very supportive staff and good academic standards. Highly recommended!"", ""date"": ""a month ago""}, {""author"": ""Aqsa Nouman"", ""rating"": 5, ""text"": ""I highly recommend this school for its quality education, caring teachers, and safe environment. It is a wonderful place where children learn, grow, and build confidence"", ""date"": ""a month ago""}, {""author"": ""Aqsa Nouman"", ""rating"": 5, ""text"": ""I highly recommend this school for its quality education, caring teachers, and safe environment. It is a wonderful place where children learn, grow, and build confidence"", ""date"": ""a month ago""}, {""author"": ""Azlan Khan"", ""rating"": 5, ""text"": ""I'm really satisfied from the results of my child and will recommend it to everybody 👍 …"", ""date"": ""a month ago""}]",https://lh3.googleusercontent.com/gps-cs-s/AHVAwepogJRH96-aQCKfUav6jqtS_g-VgUkq_NWNvGBMTHIpERV2mNDCtU9b0qxbqF0cgERF5k4MbAzbPXFrKoeOxu_BXzs0_Wc6FJT7ZEMew2pchVdHSu6KdjPBLze6ROPLpeLfSnkq0_bKXNgS=w1200-h800|https://lh3.googleusercontent.com/gps-cs-s/AHVAwepcQT09_fATgt4p8Ge-xNVjSo-ZfmFec01TASdpVOezE-5XiOAGQfqw4NAer8SFqEm3QD7CjSn_LOscglx27zeA65EEc6tWwY87pFR58sEq4G-gLDk6fOGy5VE2FuVMqwS65DVrCUS_8BOZ=w1200-h800|https://lh3.googleusercontent.com/gps-cs-s/AHVAwerUlE0O7yvP8i0EmFgGym37uxsZ06qyViqwR3Lc_vdP1nuH-Uoc0yTWerY0zQKFLWnWfBppQkAlKY7tMLnh1XkMbbBYoYkVOg9NKLrvIbYXmEug1dn_BYzCrbfS7HkTuLc2PiPhHO9r3i3F=w1200-h800|https://lh3.googleusercontent.com/gps-cs-s/AHVAweqMLLMdPPkIglkYC7yUUaMMlsSLpuK3cY_YMzVvSLMAAXu5Tv9DfL5CduHymI3uK1RvemjGPBOI05DZvrZJSllzvYkeUQts7mb-qEC9rndrHPlbLzyIDz0tqmbfdIMTm2Ol6hvb4B_AGCs2=w1200-h800
Interactive Learning & ChildCare,"House # 1-A, Main Parbat Rd, F-7/4 F 7/4 F-7, Islamabad, 44000, Pakistan",Islamabad,F-7/4,+92 337 7877659,http://www.interactivelearning-cc.com/,4.4,18,33.7202168,73.0685988,ChIJaW0tXv6_3zgRMIJS6ytJGjI,,https://www.google.com/maps/place/Interactive+Learning+%26+ChildCare/data=!4m7!3m6!1s0x38dfbffe5e2d6d69:0x321a492beb528230!8m2!3d33.7202168!4d73.0685988!16s%2Fg%2F11vdgk7k6d!19sChIJaW0tXv6_3zgRMIJS6ytJGjI?authuser=0&hl=en&rclk=1,daycare in Islamabad,Preschool,{},"[{""author"": ""Aamna Shoukat"", ""rating"": 5, ""text"": ""The best decision for my kid's grooming was to admit her to Interactive learning and child care. They have the best teaching staff for preschool and amazing fun activities for children which excites them to go to school everyday and the best part is that they have planned everything so well that my daughter never feels tired or lethargic when she comes back home. Very well organized and amazing facility with the most cooperative and facilitating staff."", ""date"": ""a year ago""}, {""author"": ""Aamna Shoukat"", ""rating"": 5, ""text"": ""The best decision for my kid's grooming was to admit her to Interactive learning and child care. They have the best teaching staff for preschool and amazing fun activities for children which excites them to go to school everyday and the best part is that they have planned everything so well that my daughter never feels tired or lethargic when she comes back home. Very well organized and amazing facility with the most cooperative and facilitating staff."", ""date"": ""a year ago""}, {""author"": ""Ayesha Fahad"", ""rating"": 5, ""text"": ""The curriculum is well-rounded, combining play-based learning with structured activities that promote cognitive, social, and emotional development. The facilities are clean and well-maintained, offering a safe space for children to explore and learn. Overall, ILC  is highly recommended to commitment to fostering a supportive and stimulating educational experience for young children."", ""date"": ""a year ago""}, {""author"": ""Ayesha Fahad"", ""rating"": 5, ""text"": ""The curriculum is well-rounded, combining play-based learning with structured activities that promote cognitive, social, and emotional development. The facilities are clean and well-maintained, offering a safe space for children to explore and learn. Overall, ILC  is highly recommended to commitment to fostering a supportive and stimulating educational experience for young children."", ""date"": ""a year ago""}, {""author"": ""Fatim Arbab"", ""rating"": 5, ""text"": ""I wanted to take a moment to share with you an incredible educational opportunity that has truly made a difference in our child's life.\n\nFrom the moment we enrolled our little one, we knew we had found something special. The interactive learning environment they provide is unparalleled. Instead of simply memorizing facts, our child is actively engaged in hands-on activities, games, and projects that ignite their curiosity and spark a love for learning.\n\nThe experienced educators at Interactive Learning are not just teachers; they're mentors who deeply care about each child's growth and development. Their dedication to providing personalized attention and support has helped our child thrive academically, socially, and emotionally.\n\nWe wholeheartedly recommend it to any parent who wants the best for their child's education and future."", ""date"": ""a year ago""}]",https://lh3.googleusercontent.com/gps-cs-s/AHVAwepBD4zGU8ksuWXuHVf58UkF4IA5gxLStbotncconEk4K2L3tNLCQPm40bQMoXUUG9F3NQ5GuXmW57KuL8Ueqf1Ykd6stGMY7JMf3f_Jbcvm6Vk5949EZVhxzIVep3GT7mHBV0Yf=w1200-h800|https://lh3.googleusercontent.com/gps-cs-s/AHVAweqRU7n2QoHaGJucU6GEpKAqQtJ7sx6fFi-5hsifqQ5C5AOP8gFwY6ufjsn1sx9Aeb_nyTThqMIxCvK2fCCMgEbl1NbU0SVYLX7zFyLd1DlN4wNBLKJslnJB-oEYsTFPhkXK2n2gyrjgEjD2=w1200-h800|https://lh3.googleusercontent.com/gps-cs-s/AHVAweomS2uyhXl54n3HUEtXamrPXZOwz4M-q1O-YYBzyVlm-1CuUIYcJqIOk6dgmv7wKW8_s-wUzFXvEeebG6azY3Eyxz6hTW0LnppFJ1g3mDK2FYitrHxWoiIqnHgf1Ol9gcaZsjoH=w1200-h800|https://lh3.googleusercontent.com/a/ACg8ocL3J3pzk1-iH4TBUeycMZCKkGZwBoaRS7A_8pWBqdZ6oNTRgx0=w1200-h800
TinyTitans Daycare and Kindergarten,"C 41 Street Number 18, PWD Housing Society Sector C Sector, Islamabad, 44000, Pakistan",Islamabad,PWD Housing,+92 321 5501744,,4.9,7,33.5693305,73.1439181,ChIJlbR0f4nzGCgRnHugs2L6PeU,,https://www.google.com/maps/place/TinyTitans+Daycare+and+Kindergarten/data=!4m7!3m6!1s0x2818f3897f74b495:0xe53dfa62b3a07b9c!8m2!3d33.5693305!4d73.1439181!16s%2Fg%2F11lmc0ly0c!19sChIJlbR0f4nzGCgRnHugs2L6PeU?authuser=0&hl=en&rclk=1,daycare in Islamabad,Day care center,{},"[{""author"": ""Saba Waheed"", ""rating"": 5, ""text"": ""I put my son here for summer camp and that was the best, productive decision ever. My son learned robotics, resin art, baking, karate, and what not. There is no day care in twin cities that does that; at least I haven’t seen any because I did my thorough research before putting my son here. The setup is modern, clean, and up to the mark - and you would be shocked at their pricing. We don’t compromise on anything when it comes to kids so clearly tiny titans is the best choice. Going to put my 5 month old in their daycare as well. Thanks Tiny titans."", ""date"": ""a year ago""}, {""author"": ""Saba Waheed"", ""rating"": 5, ""text"": ""I put my son here for summer camp and that was the best, productive decision ever. My son learned robotics, resin art, baking, karate, and what not. There is no day care in twin cities that does that; at least I haven’t seen any because I did my thorough research before putting my son here. The setup is modern, clean, and up to the mark - and you would be shocked at their pricing. We don’t compromise on anything when it comes to kids so clearly tiny titans is the best choice. Going to put my 5 month old in their daycare as well. Thanks Tiny titans."", ""date"": ""a year ago""}, {""author"": ""rameez israr"", ""rating"": 5, ""text"": ""Timy Titans is one of the best school with exceptional facilities that a child can have in his mental and physical development."", ""date"": ""Edited a year ago""}, {""author"": ""rameez israr"", ""rating"": 5, ""text"": ""Timy Titans is one of the best school with exceptional facilities that a child can have in his mental and physical development."", ""date"": ""Edited a year ago""}, {""author"": ""Giga2"", ""rating"": 5, ""text"": ""I was eagerly waiting to share my children's great experience here. I am very much relaxed by their techniques and their way of teaching. I surely recommend this daycare for erveryone."", ""date"": ""a year ago""}]",https://lh3.googleusercontent.com/gps-cs-s/AHVAwerkKm-xyt3LGS3lHtlsCa1hGVnBO3FTUR_XDlUksLr2zNLtZv_AWHyZZLSMXJQI6teBDU1YJBEGp1_OF2zQXwP5a7uTNxAdOnFxlTDKZHogcMCpQC5CiHR7AE20yK908Rv-4981iA=w1200-h800|https://lh3.googleusercontent.com/gps-cs-s/AHVAwerqtkJJtSEuif3lR6HYPyn4Jh-IZwu-V8sCOnPwo65avDlph_9P-cRsGIRnlNMzdREydcg-C6DONrYKTKU0tYPVNxufQPwObGqvu0-7bKcx_9wQvaAZM2ZCQiKLHqqDDWVzGnh6=w1200-h800|https://lh3.googleusercontent.com/a-/ALV-UjWF4pg7vD79v_-zUyQa5lPYTYFuEbwDsnSMLPC7ETtYEhxM0rCy3w=w1200-h800|https://lh3.googleusercontent.com/a-/ALV-UjUtWfcWr8w2r4shiVWuNqf5Z3G6FwoTzcq0iUPTI-SOM5w1TbGd=w1200-h800
Eyrie Preschool & Daycare,"h 120 Street 81, F.E.C.H.S. FECHS E 11/2 E-11, Islamabad, Pakistan",Islamabad,E-11,+92 51 8739845,,4.5,11,33.6999937,72.9705717,ChIJz7Jj11K93zgRj5SHIJZHtrc,,https://www.google.com/maps/place/Eyrie+Preschool+%26+Daycare/data=!4m7!3m6!1s0x38dfbd52d763b2cf:0xb7b647962087948f!8m2!3d33.6999937!4d72.9705717!16s%2Fg%2F11gyccvc5n!19sChIJz7Jj11K93zgRj5SHIJZHtrc?authuser=0&hl=en&rclk=1,daycare in Islamabad,Preschool,{},"[{""author"": ""Saman Saeed"", ""rating"": 5, ""text"": ""Being a strong supporter of treating a child with kindness and respect, and not burdening little children with academic pressure way more than they can handle, I chose Eyrie for my first child. Met Fatima, who felt motivated and compassionate towards providing an environment for children that literally felt like a nest. Her approach towards academics is something that struck me as she believes in carrying a child on its on pace in terms of whatever learning is happening as well as putting the role of play in learning. As far as inculcating coping skills in children is concerned, she has played a vital role in lifting up my child's confidence, dealing with her fears as well as standing for what seems important for her needs. I could see these changes all along in my child along with development of reading and writing skills through her teaching style.\nThe best thing about the school is that there's a strong bond between the parents and Fatima and so that helps the family discuss and cater anything that bothers one and thus hope for a better environment.\nSchools having such culture might not seem very attractive or practically promoting to some parents who have different values and priorities, but I can confidently say that sometimes it's not the NORMAL things that create an impact in life but something different and new that can. Besides, if there's a person in your child's life that she will always remember and look up to for her model of kindness, don't hesitate to take the less traveled road that has wonders ahead.\nThumbs up for Eyrie and the team.\nLots of Love and good wishes <3"", ""date"": ""a year ago""}, {""author"": ""Saman Saeed"", ""rating"": 5, ""text"": ""Being a strong supporter of treating a child with kindness and respect, and not burdening little children with academic pressure way more than they can handle, I chose Eyrie for my first child. Met Fatima, who felt motivated and compassionate towards providing an environment for children that literally felt like a nest. Her approach towards academics is something that struck me as she believes in carrying a child on its on pace in terms of whatever learning is happening as well as putting the role of play in learning. As far as inculcating coping skills in children is concerned, she has played a vital role in lifting up my child's confidence, dealing with her fears as well as standing for what seems important for her needs. I could see these changes all along in my child along with development of reading and writing skills through her teaching style.\nThe best thing about the school is that there's a strong bond between the parents and Fatima and so that helps the family discuss and cater anything that bothers one and thus hope for a better environment.\nSchools having such culture might not seem very attractive or practically promoting to some parents who have different values and priorities, but I can confidently say that sometimes it's not the NORMAL things that create an impact in life but something different and new that can. Besides, if there's a person in your child's life that she will always remember and look up to for her model of kindness, don't hesitate to take the less traveled road that has wonders ahead.\nThumbs up for Eyrie and the team.\nLots of Love and good wishes <3"", ""date"": ""a year ago""}, {""author"": ""Javara Allah Bukhsh"", ""rating"": 5, ""text"": ""I wanted to share my thoughts on my kid's school. A couple things I really like are the smaller class sizes, which means the teachers can give each student more one-on-one attention. My little one went to a couple bigger schools before this and it was tough to chat with the teachers sometimes. But here, I find it easy to talk to them real quick when I'm dropping off or picking up.\n\nI also appreciate being able to pop into my kid's classroom now and then to see how they're doing. It's helpful that they send home a monthly calendar so we know what's coming up too. Since starting at this school, I've noticed a big improvement in my kid's grades and how much they seem to enjoy learning.\n\nBoth the lessons and books seem geared well towards the kids' levels. I was especially impressed with how they teach Jolly phonics - my little one is already reading really well for their age without feeling like they have to memorize it all.\n\nOverall, under Principal Fatemah's leadership, I'd totally recommend this place. The environment is really nurturing and the teachers make learning feel personalized. My kid is clearly thrived here. I give thanks to Fatemah for the open communication and how she and her staff takes parent suggestions in the right spirit of helping each child succeed."", ""date"": ""a year ago""}, {""author"": ""Javara Allah Bukhsh"", ""rating"": 5, ""text"": ""I wanted to share my thoughts on my kid's school. A couple things I really like are the smaller class sizes, which means the teachers can give each student more one-on-one attention. My little one went to a couple bigger schools before this and it was tough to chat with the teachers sometimes. But here, I find it easy to talk to them real quick when I'm dropping off or picking up.\n\nI also appreciate being able to pop into my kid's classroom now and then to see how they're doing. It's helpful that they send home a monthly calendar so we know what's coming up too. Since starting at this school, I've noticed a big improvement in my kid's grades and how much they seem to enjoy learning.\n\nBoth the lessons and books seem geared well towards the kids' levels. I was especially impressed with how they teach Jolly phonics - my little one is already reading really well for their age without feeling like they have to memorize it all.\n\nOverall, under Principal Fatemah's leadership, I'd totally recommend this place. The environment is really nurturing and the teachers make learning feel personalized. My kid is clearly thrived here. I give thanks to Fatemah for the open communication and how she and her staff takes parent suggestions in the right spirit of helping each child succeed."", ""date"": ""a year ago""}, {""author"": ""Rizwana Khan"", ""rating"": 5, ""text"": ""The best thing about Eyrie is that the teachers here are not only highly competent but also extremely caring and attentive to the individual needs of each child. The environment here is fantastic and encourages children's overall growth. We have seen amazing growth in our son's abilities and confidence. We are completely satisfied with the school environment and faculty."", ""date"": ""2 years ago""}]",https://lh3.googleusercontent.com/gps-cs-s/AHVAwer4CwCcJO6uaqLCVcx0KR56YkxqhSlfMiQ3FHDC4mFsegMRdyMCRA8_AsWDgPLJ68geyD19Uiy2aDt_8-tHeF2Y1fHwFSqzKNL9CB1ihNntdwYRj4LtoZ5Al_5j-QNpF9ujcyWi=w1200-h800|https://lh3.googleusercontent.com/gps-cs-s/AHVAweqy38x-cttdSIxN_LH5pGg19zvYkvqyStZlBXVpyfjFTmvHyY_T7HLWwb9g2xeDiff91hc7zWCp_1odeVt986yUSsx9pvdhAEt-Mz0O5skTZZaKD8w4Gc-SAUuow1tyheBfQyKI=w1200-h800|https://lh3.googleusercontent.com/gps-cs-s/AHVAwerfzOomeIvOBlo1M6swAAShF_txdOUEpPv3J-8PgxAPnQL-xvWtYfERSv0P593cepPHIo_qHQQt4A_pvpbutOOyGYqYEodKZ_GDoryXShTz_fwPzE2QmJS9eIO2wbX-0c0bxYia0w=w1200-h800|https://lh3.googleusercontent.com/a-/ALV-UjXBourOFlTpetfM814QpMnSKzq2OXoDfXitIzOnIDtoowiRF50j=w1200-h800
Sky International School and Daycare.,"St 2, Phase 4-B Phase 4B Ghauri Town, Islamabad, Pakistan",Islamabad,Ghauri Town,+92 321 9843513,https://business.google.com/create?fp=8316132947376936892&hl=en&authuser=0&gmbsrc=-en-et-ip-z-gmb-s-z-l~mrc%7Cclaimbz%7Cu&ppsrc=GMBMI&utm_campaign=-en-et-ip-z-gmb-s-z-l~mrc%7Cclaimbz%7Cu&utm_source=gmb_mrc81&utm_medium=et&getstarted&lis=0,5,1,33.6174038,73.1399817,0x38dfebe51943c6fd:0,,"https://www.google.com/maps/place/Sky+International+School+and+Daycare./@33.6174038,73.1399817,17z/data=!3m1!4b1!4m6!3m5!1s0x38dfebe51943c6fd:0x7368d6dad95317bc!8m2!3d33.6174038!4d73.1399817!16s%2Fg%2F11y1hmc61y?authuser=0&hl=en&entry=ttu&g_ep=EgoyMDI2MDQwMS4wIKXMDSoASAFQAw%3D%3D",daycare in Islamabad,International school,{},[],https://lh3.googleusercontent.com/gps-cs-s/AHVAwerbCd0Y_AorRTH70gnAV9smY137d4Y23z1th-naACDrDktR6mL4ApxfZwwojXZIcHippASBsuqMjjMbyvrV8SYKDEX037mE50VMvh9fTBS9UfN1MJf5WsNvvc5nFD706F3VkAA=w1200-h800|https://lh3.googleusercontent.com/gps-cs-s/AHVAweqI--5MQj6KNjhNU0nTNa9fPUfBfPHmEIohXhs8VJnxKD_1_iEUtBNAf-O0fUOiS2NXYzfnfQCbVXDRXjbklPtv5Gl8GaYc403LFeFKyZ_ISpvc5gZ2izFKUTgpfWB5ei4h_wo=w1200-h800|https://lh3.googleusercontent.com/gps-cs-s/AHVAwersikjwU59xx13cwXkcxFidM6mRHVgBcJwZi7ExvFLxpk5ZnWxY66Cl3ayvPhgqX8HLiBDYX0S7o8OI9otf0SZfsXhzwc_FOPdNtlpSzJlwbsIBFhdShfkMFxJEs4_FSMpa6Jc_=w1200-h800|https://lh3.googleusercontent.com/gps-cs-s/AHVAweomdlJtIHIE7iid4DCSlWqUL9NtyDspQflBqbtfqWFFPFu0xiAV3pFxDLP_wAQhzihe27tmv32-r54qK5kV5Xa-4JmX9cTZYC2Vmm-9UUdcVcrFrGcUauXiO7gpUfkz9LK2woLrGQ=w1200-h800
Little Hands Montessori & Daycare,"House 245 Street 37, G-9/1 G 9/1 G-9, Islamabad, 44091, Pakistan",Islamabad,G-9/1,+92 331 5050664,https://www.facebook.com/share/16eAFHra8Y/,4.3,8,33.6847069,73.0330775,0x38dfbf72cb9e1c93:0,,"https://www.google.com/maps/place/Little+Hands+Montessori+%26+Daycare/@33.6847069,73.0330775,17z/data=!3m1!4b1!4m6!3m5!1s0x38dfbf72cb9e1c93:0xa19f3c1ef1ccef2d!8m2!3d33.6847069!4d73.0330775!16s%2Fg%2F11rzwxhkc1?authuser=0&hl=en&entry=ttu&g_ep=EgoyMDI2MDQwMS4wIKXMDSoASAFQAw%3D%3D",daycare in Islamabad,Day care center,{},"[{""author"": ""Chaudhary Aqib"", ""rating"": 1, ""text"": ""I am writing this review with a heavy heart after a very disturbing experience with Little Hands Montessori in Islamabad. Initially, the daycare appeared professional and caring, which gave us confidence in their services. However, everything changed shortly after they collected the full fee.\n\nOver time, we began noticing worrying changes in our child’s behavior—fearfulness, anxiety, and resistance to going back to the daycare. Upon further observation and indirect questioning, we came to know that staff members were mistreating and even physically punishing the children. This is not only unacceptable but deeply traumatizing for young minds who are supposed to be in a safe and nurturing environment.\n\nWhat’s more heartbreaking is how they manipulated parents’ trust just to take the money and then showed their true colors. Such negligence and abusive behavior can leave lasting psychological scars on children.\n\nAs parents, we entrust our children to a daycare with the belief that they will be treated with love, care, and patience. This experience has completely shattered our trust. I urge all parents to thoroughly investigate and observe any daycare facility before making a decision.\n\nI hope this review serves as a warning to others. No one should go through what our family has endured."", ""date"": ""8 months ago""}, {""author"": ""Chaudhary Aqib"", ""rating"": 1, ""text"": ""I am writing this review with a heavy heart after a very disturbing experience with Little Hands Montessori in Islamabad. Initially, the daycare appeared professional and caring, which gave us confidence in their services. However, everything changed shortly after they collected the full fee.\n\nOver time, we began noticing worrying changes in our child’s behavior—fearfulness, anxiety, and resistance to going back to the daycare. Upon further observation and indirect questioning, we came to know that staff members were mistreating and even physically punishing the children. This is not only unacceptable but deeply traumatizing for young minds who are supposed to be in a safe and nurturing environment.\n\nWhat’s more heartbreaking is how they manipulated parents’ trust just to take the money and then showed their true colors. Such negligence and abusive behavior can leave lasting psychological scars on children.\n\nAs parents, we entrust our children to a daycare with the belief that they will be treated with love, care, and patience. This experience has completely shattered our trust. I urge all parents to thoroughly investigate and observe any daycare facility before making a decision.\n\nI hope this review serves as a warning to others. No one should go through what our family has endured."", ""date"": ""8 months ago""}, {""author"": ""Sarah Ali"", ""rating"": 5, ""text"": ""have found LITTLE HANDS to be a wonderful place for children to socialize, learn, and have fun. The daycare my child attends has caring and attentive staff who create a warm and welcoming environment. They provide engaging activities that promote learning and development while also ensuring the safety and well-being of the children. I appreciate the structured routine and the opportunities for my child to interact with peers and develop important social skills. Overall, my experience with daycare has been positive, and I believe it plays a valuable role in my child's growth and early education."", ""date"": ""a year ago""}, {""author"": ""Sarah Ali"", ""rating"": 5, ""text"": ""have found LITTLE HANDS to be a wonderful place for children to socialize, learn, and have fun. The daycare my child attends has caring and attentive staff who create a warm and welcoming environment. They provide engaging activities that promote learning and development while also ensuring the safety and well-being of the children. I appreciate the structured routine and the opportunities for my child to interact with peers and develop important social skills. Overall, my experience with daycare has been positive, and I believe it plays a valuable role in my child's growth and early education."", ""date"": ""a year ago""}, {""author"": ""hafsah"", ""rating"": 5, ""text"": ""I am highly satisfied with them.. my 2 kids attended this daycare..\nI strongly Recommended little hands.."", ""date"": ""2 years ago""}]",https://lh3.googleusercontent.com/gps-cs-s/AHVAweq25Tc2nQb3rqLI-sUkPe1MJNg61VX1UPTxwRzZByDjKrdywTyCtaidM66vGibRScPksw1A9J5AB-iZ7yb11Srq5MGiFpViUrcy0CO1cEm4QzET9pnS4Jc-XOnJqvqjdaFpSmnDcg=w1200-h800|https://lh3.googleusercontent.com/gps-cs-s/AHVAwepNsZMcL64Pm6a1qZNptrw34fSUEi2LcYxe8QKtbfvRVYP4NQLcMkv7OhZyJ4O9fgWUL6G9Rxfd5b0pqGH5D7ddBPaKxG2xJsNsXAKjjwbtYPRWSNutBjEQPS-gYAMlNKfeVC8=w1200-h800|https://lh3.googleusercontent.com/gps-cs-s/AHVAwepD6E6pYbO-m52eKZ8FDFdvmQNxGn78kJ3JxoPZM57jMvxqZFXLjDWscDkeh-9Qunwxczwxy408VOr3zIUhI9ak-pP-VgOS1CS9fnWVMZ3noFUct5m9W-HMaRVDhFUh6R49ib-S=w1200-h800|https://lh3.googleusercontent.com/a-/ALV-UjW3kx01t6cr3Ka8BD-Nv4XVmQLRbm06uBpdTQnUx2R9XtY8gMjl=w1200-h800
Twinhub Daycare,"V-30, 4th Floor, The Interlace Plaza, Markaz, I-8, Islamabad, 44000, Pakistan",Islamabad,I-8,+92 334 8946482,https://twinhub.pk/,5,2,33.6672171,73.0762101,0x38df9555da738beb:0,,"https://www.google.com/maps/place/Twinhub+Daycare/@33.6672171,73.0762101,17z/data=!3m1!4b1!4m6!3m5!1s0x38df9555da738beb:0x4a1ad31bc09ba845!8m2!3d33.6672171!4d73.0762101!16s%2Fg%2F11vxq9rlxj?authuser=0&hl=en&entry=ttu&g_ep=EgoyMDI2MDQwMS4wIKXMDSoASAFQAw%3D%3D",daycare in Islamabad,Day care center,{},"[{""author"": ""Abdullah Ahmed"", ""rating"": 5, ""text"": ""I am extremely pleased with the daycare facility at my coworking space Twinhub. The staff is caring and attentive, my daughter learn and play in clean and safe environment, with engaging activities.\nThis convenience of having the daycare in my coworking space allows me to work with peace of mind. Highly recommended"", ""date"": ""a year ago""}, {""author"": ""Abdullah Ahmed"", ""rating"": 5, ""text"": ""I am extremely pleased with the daycare facility at my coworking space Twinhub. The staff is caring and attentive, my daughter learn and play in clean and safe environment, with engaging activities.\nThis convenience of having the daycare in my coworking space allows me to work with peace of mind. Highly recommended"", ""date"": ""a year ago""}, {""author"": ""Javeria Ali"", ""rating"": 5, ""text"": ""We are very pleased with the daycare our daughter has been attending for over a year now. The cleanliness is always top-notch, and their management is exceptional. We are really glad to have found such a wonderful place for our child."", ""date"": ""a year ago""}, {""author"": ""Javeria Ali"", ""rating"": 5, ""text"": ""We are very pleased with the daycare our daughter has been attending for over a year now. The cleanliness is always top-notch, and their management is exceptional. We are really glad to have found such a wonderful place for our child."", ""date"": ""a year ago""}]",https://lh3.googleusercontent.com/gps-cs-s/AHVAweqaV8PGTZGBQq9BAxiuGqYS7AdXxhk0PJiKkFNQX185VQvyPOo-L1eQD2czv_AW-k3fKEKVtOXA5eGXIfOQ2aTJajD_O8fi-RMMfsCaDVb4Cg6O0-jelDYt463SimhYp_J3Py3m=w1200-h800|https://lh3.googleusercontent.com/gps-cs-s/AHVAwersf7bIyIkdfhNRAKq7QpQd77JPK81TS4fJUVpsZ1l0lpA-jIw_MVZEuV5pbN78t7ytxVWB4nXx-nrMwndGmhszhL2jXAu6y0i6KkX18czIvuLL9679RiHtHkwr0OLg0FBKsNp63w=w1200-h800|https://lh3.googleusercontent.com/a-/ALV-UjW7OXXdxpt_bED5xz-1zzizn6fR-q9dKQX_Llrv3RQ73M8_xmqWng=w1200-h800|https://lh3.googleusercontent.com/a/ACg8ocI0PEIrNw5ydiUnqjhT_CEnaDRgJW0T7IkeNyARGEt59VrLZg=w1200-h800
Kids Castle Daycare,"House# 12, Main Hamza Rd, F-11/1 F 11/1 F-11, Islamabad, Pakistan",Islamabad,F-11/1,+92 336 1764777,,4.7,14,33.6789677,72.9828671,ChIJU67KZ1K93zgRt-hlKuizB5g,,https://www.google.com/maps/place/Kids+Castle+Daycare/data=!4m7!3m6!1s0x38dfbd5267caae53:0x9807b3e82a65e8b7!8m2!3d33.6789677!4d72.9828671!16s%2Fg%2F11ltqkr58r!19sChIJU67KZ1K93zgRt-hlKuizB5g?authuser=0&hl=en&rclk=1,daycare in Islamabad,Day care center,{},"[{""author"": ""shanzae std"", ""rating"": 5, ""text"": ""As a busy parent, choosing the right daycare was one of the most important decisions I’ve made — and I’m so glad we found Kids Castle Daycare. From day one, the team here has made both me and my child feel truly welcome and supported. The caregivers are warm, attentive, and genuinely passionate about each child’s well-being. They take the time to understand my child’s likes, needs, and personality, which makes every day feel special and tailored just for them.  ￼\n\nThe environment is safe, clean, and full of age-appropriate activities that encourage creativity, social interaction, and learning through play. I’ve seen so much positive growth — not just in my child’s confidence, but in language, curiosity, and even friendships. They come home happy, excited to share what they did that day, which gives me such peace of mind as a parent.  ￼\n\nCommunication with the staff is excellent — they keep me updated regularly and are always available to answer questions or share little milestones. I truly feel like part of a caring community here. If you’re looking for a nurturing, reliable, and loving place for your little one, Kids Castle Daycare is a wonderful choice."", ""date"": ""2 months ago""}, {""author"": ""shanzae std"", ""rating"": 5, ""text"": ""As a busy parent, choosing the right daycare was one of the most important decisions I’ve made — and I’m so glad we found Kids Castle Daycare. From day one, the team here has made both me and my child feel truly welcome and supported. The caregivers are warm, attentive, and genuinely passionate about each child’s well-being. They take the time to understand my child’s likes, needs, and personality, which makes every day feel special and tailored just for them.  ￼\n\nThe environment is safe, clean, and full of age-appropriate activities that encourage creativity, social interaction, and learning through play. I’ve seen so much positive growth — not just in my child’s confidence, but in language, curiosity, and even friendships. They come home happy, excited to share what they did that day, which gives me such peace of mind as a parent.  ￼\n\nCommunication with the staff is excellent — they keep me updated regularly and are always available to answer questions or share little milestones. I truly feel like part of a caring community here. If you’re looking for a nurturing, reliable, and loving place for your little one, Kids Castle Daycare is a wonderful choice."", ""date"": ""2 months ago""}, {""author"": ""Amar Jalil"", ""rating"": 5, ""text"": ""Kids Castle has been amazing for our son! The staff is caring, and truly invested in the kids’ growth. We’ve seen so much positive development in his confidence and social skills. The activities are fun, educational, and well-planned, and the communication with parents is excellent. We’re so grateful to have found this wonderful daycare!"", ""date"": ""a year ago""}, {""author"": ""Amar Jalil"", ""rating"": 5, ""text"": ""Kids Castle has been amazing for our son! The staff is caring, and truly invested in the kids’ growth. We’ve seen so much positive development in his confidence and social skills. The activities are fun, educational, and well-planned, and the communication with parents is excellent. We’re so grateful to have found this wonderful daycare!"", ""date"": ""a year ago""}, {""author"": ""Subhan Ali"", ""rating"": 5, ""text"": ""\""We couldn't be happier with our experience at Kids Castle Daycare and Preschool! The moment we stepped inside, we knew we had found a special place for our little ones to grow and thrive.\n\nThe staff is warm, welcoming, and truly passionate about providing top-notch care and education. They take the time to understand each child's unique needs and personality, making every child feel seen, heard, and loved.\n\nThe facilities are modern, clean, and incredibly well-organized, with a wide range of engaging activities and toys that cater to different ages and interests. The outdoor play area is equally impressive, with plenty of space for kids to run around, explore, and get some fresh air.\n\nWhat really sets Kids Castle apart, however, is its commitment to providing a nurturing and stimulating environment that fosters social, emotional, and cognitive development. The preschool curriculum is expertly designed to prepare children for success in kindergarten and beyond.\n\nAs parents, it's been amazing to see our child blossom and grow in confidence, curiosity, and kindness. We're grateful for the regular updates, photos, and opportunities to participate in special events and activities.\n\nIf you're looking for a trustworthy, supportive, and inspiring childcare community, look no further than Kids Castle Daycare and Preschool. We feel incredibly lucky to have found this gem, and we can't recommend it highly enough!\n\nHighly Recommended for:\n- Warm and caring staff\n- Excellent preschool curriculum\n- Clean and well-maintained facilities\n- Opportunities for socialization and outdoor play\n- Regular updates and communication with parents\n*We can't wait to see our child continue to thrive at Kids Castle!"", ""date"": ""a year ago""}]",https://lh3.googleusercontent.com/a-/ALV-UjXmifV5WWfZBa6_ZLLzLnYu_IylbZ-fpmw_dqxKLsugW8B-mdtb=w1200-h800|https://lh3.googleusercontent.com/a-/ALV-UjUtYvKEUkdRFKV1MWFjoHFzbBLpmLBCDfBQtX08_Zn39M2TW9Fc=w1200-h800|https://lh3.googleusercontent.com/a/ACg8ocJkKxx0qsD-yO-YU-j0vwQePLW0zemRECVPzj5ki0Vw_hhaoA=w1200-h800|https://lh3.googleusercontent.com/gps-cs-s/AHVAweqUdYwvmNELb_ldA-B39bumUSkqInQ7jrDv49r2-J0HYt22-nhbEgFoXaDwfrGlUYtB3M5GCnF-mYLss7doPrgD4HeLwbJWkM3BwiTVCWi0eeeDyN9Ci1S82Ek4236BVD7yBp-apw=w1200-h800
Tinytots Daycare and Preschool,"69 Sachal Sarmast Rd, G-11/2 G 11/2 G-11, Islamabad, 44000, Pakistan",Islamabad,G-11/2,+92 300 5590959,https://www.instagram.com/tinytotsdaycareislamabad/,4.5,31,33.6673034,72.9924711,ChIJ5eRU3Ci_3zgR7wO4AmNjyhE,,https://www.google.com/maps/place/Tinytots+Daycare+and+Preschool/data=!4m7!3m6!1s0x38dfbf28dc54e4e5:0x11ca636302b803ef!8m2!3d33.6673034!4d72.9924711!16s%2Fg%2F11tdhypp73!19sChIJ5eRU3Ci_3zgR7wO4AmNjyhE?authuser=0&hl=en&rclk=1,daycare in Islamabad,Day care center,{},"[{""author"": ""Rebecca Yaqoob"", ""rating"": 1, ""text"": ""They dont have the right address. And the inside is different than what they show in pictures. There was no one to speak with when I went to see it."", ""date"": ""5 months ago""}, {""author"": ""Rebecca Yaqoob"", ""rating"": 1, ""text"": ""They dont have the right address. And the inside is different than what they show in pictures. There was no one to speak with when I went to see it."", ""date"": ""5 months ago""}, {""author"": ""sami qamar"", ""rating"": 5, ""text"": ""they are providing the best day care facility in Rawalpindi and Islamabad. Mr Iqbal is one the best daycare services provider in the area."", ""date"": ""a year ago""}, {""author"": ""sami qamar"", ""rating"": 5, ""text"": ""they are providing the best day care facility in Rawalpindi and Islamabad. Mr Iqbal is one the best daycare services provider in the area."", ""date"": ""a year ago""}, {""author"": ""Sherry Rathor"", ""rating"": 5, ""text"": ""Best day care facility in Islamabad. Very professional and responsible staff. It also offers a big ground for kids' outdoor activities.PositiveReliability, Quality, Professionalism"", ""date"": ""Edited 3 years ago""}]",https://lh3.googleusercontent.com/gps-cs-s/AHVAweqUdYwvmNELb_ldA-B39bumUSkqInQ7jrDv49r2-J0HYt22-nhbEgFoXaDwfrGlUYtB3M5GCnF-mYLss7doPrgD4HeLwbJWkM3BwiTVCWi0eeeDyN9Ci1S82Ek4236BVD7yBp-apw=w1200-h800|https://lh3.googleusercontent.com/gps-cs-s/AHVAwepljqlPpFeyvj7dzz8GaG4L3y8Ys5Jj67gQPFxSsdHOiQUTBLZ9ChVnMr5z6_u5j3wMNBBQQ7x06OAslpcCTIWg0tYxIVOinj92_QPZhqLNrTidS45RN9Lzj8TmTxq9b-YhYyrw-g=w1200-h800|https://lh3.googleusercontent.com/gps-cs-s/AHVAweoJMfY3H88wFU0R3ZlZFtD2vsfQNYluSRz2IDjyPsmVwKNySiwMrQu3sALh-U2uo5b7iswxC_ubNUfbpcNh0l0-Qd2QiMshK2ovpPu8YP7DgmIB9RjVNmVFuDK3LPThtAfxc16j=w1200-h800|https://lh3.googleusercontent.com/gps-cs-s/AHVAweqEq5R8Ac9sUf85-XTl4GPMlJ3aYBSFNiNnBVkWvtHgW0XhlbHItSmfmWUsoPdqukvP8nDWgso6qd9-GcdbpNK80X5uYPBjHUf4ESG_5yVXHzzTG1CGp6J-u-1ZNCBgfZOyurYV=w1200-h800
Learn-A-Licious STEAM School,"House # 94A Street 40, Sector I-8/2 I 8/2 I-8, Islamabad, 44000, Pakistan",Islamabad,I-8/2,+92 332 0506660,http://www.facebook.com/laldcc,4.3,30,33.6706243,73.065453,ChIJT1oJyVyV3zgR7A6HlUBiEjM,,https://www.google.com/maps/place/Learn-A-Licious+STEAM+School/data=!4m7!3m6!1s0x38df955cc9095a4f:0x3312624095870eec!8m2!3d33.6706243!4d73.065453!16s%2Fg%2F11c0w09c5p!19sChIJT1oJyVyV3zgR7A6HlUBiEjM?authuser=0&hl=en&rclk=1,daycare in Islamabad,Preschool,{},"[{""author"": ""Dr. Areeba Nasir"", ""rating"": 5, ""text"": ""One of the best daycares in Islamabad. Enrolled my child here after visiting almost all the daycares in Islamabad. My experience so far has been amazing! My child started his journey from cradle and now he is 3. The staff, caretakers, everybody is dedicated and they know their job well. The environment is very clean and comfortable, and caretakers and management very responsive. Would highly recommend it to young and working mothers. I’m really thankful to the team for their efforts to groom my child’s personality and giving me stress free hours at my workplace."", ""date"": ""6 years ago""}, {""author"": ""Dr. Areeba Nasir"", ""rating"": 5, ""text"": ""One of the best daycares in Islamabad. Enrolled my child here after visiting almost all the daycares in Islamabad. My experience so far has been amazing! My child started his journey from cradle and now he is 3. The staff, caretakers, everybody is dedicated and they know their job well. The environment is very clean and comfortable, and caretakers and management very responsive. Would highly recommend it to young and working mothers. I’m really thankful to the team for their efforts to groom my child’s personality and giving me stress free hours at my workplace."", ""date"": ""6 years ago""}, {""author"": ""Komal Zahra"", ""rating"": 5, ""text"": ""I am associated with this institute for last 5 years. My daughter was 3 months old when i left her in their daycare, from infant to toddler & now being 5 years old, she turned out to be a most social, active & confident child. We both as full time working parents could not be mentally relaxed more as we are now.\nExtremely satisfied with the modern curriculum & very good balance of modern studies with islamic learning & mannerism.\n\nHats of to the team!"", ""date"": ""4 years ago""}, {""author"": ""Komal Zahra"", ""rating"": 5, ""text"": ""I am associated with this institute for last 5 years. My daughter was 3 months old when i left her in their daycare, from infant to toddler & now being 5 years old, she turned out to be a most social, active & confident child. We both as full time working parents could not be mentally relaxed more as we are now.\nExtremely satisfied with the modern curriculum & very good balance of modern studies with islamic learning & mannerism.\n\nHats of to the team!"", ""date"": ""4 years ago""}, {""author"": ""Saira Rashid"", ""rating"": 5, ""text"": ""I am not usually compelled to write reviews about anything but I just have to speak up about my positive experience at the great nurturing environment that is being provided at Learn-A-Licious. I enrolled my child here when he was 9 months old and since then, the daycare staff has never failed to impress. They are dedicated and professional in what they do, and give each and every child their full attention. The Chief Care Taker answered all of my many questions and once we did drop our baby off the first day, she was there, assuring us that our baby would be okay and that we could call her anytime to see how he was doing. And she meant it. Anytime I called, our baby would be checked on and I would be told what he was doing-that extra bit of information gave it that special touch. Being a working mother, the feeling of being worry free when leaving my child at another’s hand is a true blessing indeed."", ""date"": ""6 years ago""}]",https://lh3.googleusercontent.com/gps-cs-s/AHVAwerJIAdzLQjOvg6MUGuWrgzG8-t2w2XD_9s0FT9-F3p-tBfyPlrBP9Gu0jYjqYjdJLYW8lePPfJNHRtT3xtzbcaaFmIq59vG0UeNkxq55BFzYj_uj0YSLTCoSyT-v64QK4NikxIR=w1200-h800|https://lh3.googleusercontent.com/gps-cs-s/AHVAweo6qm4yWEC5g6JIk8fqXKbld_qSkFIjubR1LRUaUwoT-NB8lIM_pOT0AH64sDBhiAwkSc1_N08tZjP2w8v7gp3cZxu3AXUacgF6XTraHPjdR_eAsqL7jyOL_kYhcenta1e6sVM=w1200-h800|https://lh3.googleusercontent.com/gps-cs-s/AHVAweqNNWs8oU1B0Vtq_kUR3xxxjnzU-2JneDrOIMcsq9MbrSa7mbKBJOeKRSzWO_xp_nZktjHgKkazGdGYB6UDDpuMvm8MRM63FrkxLtdczs2ZaHA8TORzwTVUZ-zdNOmtJjFAj_aLhw=w1200-h800|https://lh3.googleusercontent.com/a/ACg8ocIh5EW3LZVJF2GMKCeNkg6mdA_H6InwQELRl540vDeV-e88Zw=w1200-h800
SuperNova Pre School,"9 Bhittai Rd, F-7/1 F 7/1 F-7, Islamabad, Pakistan",Islamabad,F-7/1,+92 51 2652705,http://www.sns.edu.pk/,4.4,11,33.7163978,73.0510795,0x38dfbfaf4b02969d:0,,"https://www.google.com/maps/place/SuperNova+Pre+School/@33.7163978,73.0510795,17z/data=!3m1!4b1!4m6!3m5!1s0x38dfbfaf4b02969d:0xd94dfb996d24e5ad!8m2!3d33.7163978!4d73.0510795!16s%2Fg%2F11f1mwq6kq?authuser=0&hl=en&entry=ttu&g_ep=EgoyMDI2MDQwMS4wIKXMDSoASAFQAw%3D%3D",daycare in F-7 Islamabad,Kindergarten,{},"[{""author"": ""Bilal Jwwad"", ""rating"": 5, ""text"": ""It is a very good school and the staff plays a very important role for the future of the children"", ""date"": ""3 years ago""}, {""author"": ""Bilal Jwwad"", ""rating"": 5, ""text"": ""It is a very good school and the staff plays a very important role for the future of the children"", ""date"": ""3 years ago""}, {""author"": ""Ali Ejaz"", ""rating"": 5, ""text"": ""👍 …"", ""date"": ""a year ago""}, {""author"": ""Ali Ejaz"", ""rating"": 5, ""text"": ""👍 …"", ""date"": ""a year ago""}, {""author"": ""ISHFAQ HUSSAIN"", ""rating"": 4, ""text"": """", ""date"": ""2 weeks ago""}]",https://lh3.googleusercontent.com/gps-cs-s/AHVAweqUWiZ8wWU1xFJbsJwZkYzRUyHiGn-CQw9YdrmulQStT_PiaK3r3ecysm2l10mpAfXaDssWv2S6aHmtH_4a_C2liQRpK3hryaW1p0TYu1kA1ILsWglXeGFbvKWzE-lk3f7OKdc=w1200-h800|https://lh3.googleusercontent.com/gps-cs-s/AHVAweqjvuNgx5wcGeBPxQ8al1Q-Chllypvw_iy41EzEC9J4pYFH3BlnScFNz-xs-r6kT8OHGOjCVMJu-SkKh_NqMaP9gUF1Gy2FQ841H-C8iRBZJ0OHl-liRFxSDHGErze2txmAopLP=w1200-h800|https://lh3.googleusercontent.com/a-/ALV-UjVXrB7M5IKAI1zgaYxv2r2VmxZcevri7_bcg9MxQd0OozxNgSyY=w1200-h800|https://lh3.googleusercontent.com/a-/ALV-UjVu9yTlTf8Ih_6EV2MZ1ykttAMiATqcoRZJI1Xe_aOBUMI68LDV=w1200-h800
CATCO Kids,"House #8, Street No. 13, F-8/3 F 7/2 F-7, Islamabad, Pakistan",Islamabad,F-8/3,,http://catcokids.com/,5,1,33.7243491,73.0545818,0x38dfbf084f825f99:0,,"https://www.google.com/maps/place/CATCO+Kids/@33.7243491,73.0545818,17z/data=!3m1!4b1!4m6!3m5!1s0x38dfbf084f825f99:0xe90f7dcadabd53b2!8m2!3d33.7243491!4d73.0545818!16s%2Fg%2F11hf1xh21h?authuser=0&hl=en&entry=ttu&g_ep=EgoyMDI2MDQwMS4wIKXMDSoASAFQAw%3D%3D",daycare in F-7 Islamabad,Child care agency,{},"[{""author"": ""Hira Khan"", ""rating"": 5, ""text"": """", ""date"": ""2 years ago""}, {""author"": ""Hira Khan"", ""rating"": 5, ""text"": """", ""date"": ""2 years ago""}]",https://lh3.googleusercontent.com/a-/ALV-UjVubEwby0vGTkOT4pWCfBRqLIRtPMGTR1foEqshOzV3_S29vJDB=w1200-h800|https://lh3.googleusercontent.com/gps-cs-s/AHVAwepBD4zGU8ksuWXuHVf58UkF4IA5gxLStbotncconEk4K2L3tNLCQPm40bQMoXUUG9F3NQ5GuXmW57KuL8Ueqf1Ykd6stGMY7JMf3f_Jbcvm6Vk5949EZVhxzIVep3GT7mHBV0Yf=w1200-h800|https://lh3.googleusercontent.com/gps-cs-s/AHVAweq-ox_LLjDYfeFJrcJAtpNT_Zhdz173MnpyhmsMWVNnvkxYKYJsA8edM4SmYykKkOLTG1JZx8ykI-ST0-Pe_8S14hayynr-S5fX32wo2KiY6JP8rEXXogmj5AI-MlC5wr7dpq5E=w1200-h800|https://lh3.googleusercontent.com/gps-cs-s/AHVAweqUdYwvmNELb_ldA-B39bumUSkqInQ7jrDv49r2-J0HYt22-nhbEgFoXaDwfrGlUYtB3M5GCnF-mYLss7doPrgD4HeLwbJWkM3BwiTVCWi0eeeDyN9Ci1S82Ek4236BVD7yBp-apw=w1200-h800
Froebel’s Daycare,"House#13, Street 13, F-7/2 F 7/2 F-7, Islamabad, Pakistan",Islamabad,F-7/2,+92 51 8433131,,4.4,5,33.7239126,73.0538549,ChIJn04LQAi_3zgRN_Mtl0liH44,,https://www.google.com/maps/place/Froebel%E2%80%99s+Daycare/data=!4m7!3m6!1s0x38dfbf08400b4e9f:0x8e1f6249972df337!8m2!3d33.7239126!4d73.0538549!16s%2Fg%2F11t6f_0054!19sChIJn04LQAi_3zgRN_Mtl0liH44?authuser=0&hl=en&rclk=1,daycare in F-7 Islamabad,,{},"[{""author"": ""Asia Ku"", ""rating"": 3, ""text"": """", ""date"": ""Edited 5 years ago""}, {""author"": ""Asia Ku"", ""rating"": 3, ""text"": """", ""date"": ""Edited 5 years ago""}, {""author"": ""Arshad inayat"", ""rating"": 4, ""text"": """", ""date"": ""7 years ago""}, {""author"": ""Arshad inayat"", ""rating"": 4, ""text"": """", ""date"": ""7 years ago""}, {""author"": ""Bushii Jahangir"", ""rating"": 5, ""text"": """", ""date"": ""8 years ago""}]",https://lh3.googleusercontent.com/gps-cs-s/AHVAweo-2GuJZZnC_3Grs5fa_Y5DwQ8Hvg8H_ccU4y7hbyo0xFxS2K1ekQ13K95_6BoA6NL-rCpBLwqUxhRilpeHS42XiZ5mdZ34a1dvXP8U22HNew4rwhxt3FDsJvJELf2yF9jc1dIUDg=w1200-h800|https://lh3.googleusercontent.com/gps-cs-s/AHVAweq_yo-2Z34JJl94ovHdAjAnRZEJtqgD3Id_zVcJql32iZrWSOR_Wm_Hhzk7irzS83kBwcnYZsC6ohidX5SfJkIyw7sUaSOGhmLBPM6FwYqYJo0OhdLsZAbEerI4-T36LJoWDwA5=w1200-h800|https://lh3.googleusercontent.com/gps-cs-s/AHVAwepKnTGABbRZ6Dyd2vn3V3myEUTzrt1YeHFx_OWl4ikm6osepfOjpCImydpbR-yg2DjAGObp5ipSPpAlEQVSahBnmU9W4eQqpnkl8QlhMocTJFO3JoFPN3-IRlO7nBvP_KeoAvpC=w1200-h800|https://lh3.googleusercontent.com/a-/ALV-UjWnpBcQ9x7W7U4MnmTbbHxrkHc_znoOYFIUlMuwvjHqMEsCkESg=w1200-h800
Pakistan Alliance For Early Childhood,"Office #1114, 11th Floor, Islamabad Stock Exchange Tower, Block J F 7/1 Blue Area, Islamabad, Pakistan",Islamabad,Blue Area,+92 51 8730495,https://www.pafec.org/,4.8,6,33.7117976,73.0578208,ChIJbzJHj4O_3zgRlxs4RctKvX4,,https://www.google.com/maps/place/Pakistan+Alliance+For+Early+Childhood/data=!4m7!3m6!1s0x38dfbf838f47326f:0x7ebd4acb45381b97!8m2!3d33.7117976!4d73.0578208!16s%2Fg%2F11hzsttqh6!19sChIJbzJHj4O_3zgRlxs4RctKvX4?authuser=0&hl=en&rclk=1,daycare in F-7 Islamabad,Non-profit organization,{},"[{""author"": ""Pakan International School System"", ""rating"": 4, ""text"": ""Interesting"", ""date"": ""4 years ago""}, {""author"": ""Pakan International School System"", ""rating"": 4, ""text"": ""Interesting"", ""date"": ""4 years ago""}, {""author"": ""Muhammad Wasif Mehmood Attari"", ""rating"": 5, ""text"": ""NGO"", ""date"": ""6 years ago""}, {""author"": ""Muhammad Wasif Mehmood Attari"", ""rating"": 5, ""text"": ""NGO"", ""date"": ""6 years ago""}, {""author"": ""Rashid ud din"", ""rating"": 5, ""text"": ""awesome"", ""date"": ""5 years ago""}]",https://lh3.googleusercontent.com/gps-cs-s/AHVAweoBY8G0vHL_oyL0RmzvMJQKCBH1GhqNERPM9pJqASsn9F_pQkBWMEHdEvfTE6NVETlJut_Nlf-PA_lE6KXDbWYZILpFFjyRlfukspliPhBW62PCm5Jn8gtIDTT-5axy6r0KrOQ=w1200-h800|https://lh3.googleusercontent.com/gps-cs-s/AHVAweqG3jUuT1-b4FpDGm43oW1iUtNqLPabhXgzIEESytcEfSazJEyhZITcPTebwXIq5qQ8ZktfAnOaL-b9haQ1V5TAvNY4Wo_9fr61R95ABJhtHc2RKqjG0QgV_P7eRKnhnSA6Ra3T=w1200-h800|https://lh3.googleusercontent.com/a-/ALV-UjV1UUud-bU6Uue2q3mRnAzRPkOjVit6mrX4quBYHiCltcUWT11U=w1200-h800|https://lh3.googleusercontent.com/a/ACg8ocJcDESWCH_W5bhnbs7zAeLVbfAPanw-3XDPqbC7TKkvXU7iPg=w1200-h800
Tulips International - Centre for Early Education,"Street No. 37, F-8/1 F 8/1 F-8, Islamabad, 44000, Pakistan",Islamabad,F-8/1,+92 51 2744959,https://www.tulipsicee.com/,4.6,48,33.705265,73.040415,ChIJqe4S8Fe_3zgRKUsJAGy5aow,,https://www.google.com/maps/place/Tulips+International+-+Centre+for+Early+Education/data=!4m7!3m6!1s0x38dfbf57f012eea9:0x8c6ab96c00094b29!8m2!3d33.705265!4d73.040415!16s%2Fg%2F11sf5vtgnr!19sChIJqe4S8Fe_3zgRKUsJAGy5aow?authuser=0&hl=en&rclk=1,daycare in F-7 Islamabad,Day care center,{},[],https://lh3.googleusercontent.com/gps-cs-s/AHVAweo7NtQiCPWKl8Lkd_JFbS--7PCeVyIvbXipJyPxs3DcGlSbAEQXU6nCHPd62glR-mibucDHAsvyq0kuwpfrTFO5xe15QIxHQT_QX6uzE_iAYWlt-8hnIK8vVW9iWmOc2aMtLL58=w1200-h800|https://lh3.googleusercontent.com/gps-cs-s/AHVAwepltf_f-gTsOzrIxmpZgnjsdSxExfA9fw9Ppa4aDXmxgUn2aHlFndDxHGEhuitvsH1DQz9Fg-6VzVHXr5WsQMW0xKtp6ToxNDHhJb0Th9-5r54PKNPjx7lk9QTzWga1K2-6c0I=w1200-h800|https://lh3.googleusercontent.com/gps-cs-s/AHVAweq-ox_LLjDYfeFJrcJAtpNT_Zhdz173MnpyhmsMWVNnvkxYKYJsA8edM4SmYykKkOLTG1JZx8ykI-ST0-Pe_8S14hayynr-S5fX32wo2KiY6JP8rEXXogmj5AI-MlC5wr7dpq5E=w1200-h800|https://lh3.googleusercontent.com/gps-cs-s/AHVAwer72pikwjbz85HNzC4cerjl8JVH3wif2U3kv9AvzEhx1Nq2KpFfeVRlEHV-Bb837NygeFWpCHudvX-TN0zCOwvqOzHikoZOJ0iqB_7UMtkiTq9XhAIQou51k7HeXDGjNEWgZCt0=w1200-h800
Kinder Kare,"Jasmin Rd, G-7/3 G 7/3 G-7, Islamabad, 44000, Pakistan",Islamabad,G-7/3,,https://business.google.com/create?fp=3317025110901845874&hl=en&authuser=0&gmbsrc=-en-et-ip-z-gmb-s-z-l~mrc%7Cclaimbz%7Cu&ppsrc=GMBMI&utm_campaign=-en-et-ip-z-gmb-s-z-l~mrc%7Cclaimbz%7Cu&utm_source=gmb_mrc81&utm_medium=et&getstarted&lis=0,5,1,33.7102472,73.0661746,ChIJQc88TJa_3zgRcu9alsNwCC4,,https://www.google.com/maps/place/Kinder+Kare/data=!4m7!3m6!1s0x38dfbf964c3ccf41:0x2e0870c3965aef72!8m2!3d33.7102472!4d73.0661746!16s%2Fg%2F12mkw8z78!19sChIJQc88TJa_3zgRcu9alsNwCC4?authuser=0&hl=en&rclk=1,daycare in F-7 Islamabad,Preschool,{},"[{""author"": ""Muhammad Asghar"", ""rating"": 5, ""text"": """", ""date"": ""a week ago""}, {""author"": ""Muhammad Asghar"", ""rating"": 5, ""text"": """", ""date"": ""a week ago""}]",https://lh3.googleusercontent.com/a/ACg8ocI2tvn4772tgrC2P13KeP9EOuydZYR5tuc15RYu0ZWKQegk6A=w1200-h800|https://lh3.googleusercontent.com/gps-cs-s/AHVAwepBD4zGU8ksuWXuHVf58UkF4IA5gxLStbotncconEk4K2L3tNLCQPm40bQMoXUUG9F3NQ5GuXmW57KuL8Ueqf1Ykd6stGMY7JMf3f_Jbcvm6Vk5949EZVhxzIVep3GT7mHBV0Yf=w1200-h800|https://lh3.googleusercontent.com/gps-cs-s/AHVAweqJMstvULKSjbs2xkWVkipfnzBSLz-i_d1sJPRr4rwlfzy_3M57eo5WDvZzsVP6j9D4qtf5_ZlsrUosydLm8hOOmOpFmoqCWbHztBw4kAVOonJ2zi1z4ROpochQEHxT-TOvWGwfcw=w1200-h800|https://lh3.googleusercontent.com/gps-cs-s/AHVAwepBKZXnftI2MHMzfIzc-UsSg0_cWf_VEdIZ1una5aZlofMRsbJAB4vMpQ-nN4ZdrTIVBz6fEWYw4Q0wHQNVNOyydeYFy5Bcvs6VGuo71ePEBN907dFh-6dJR3tnaM8e5MzpfmWk=w1200-h800
"Beaconhouse School System F-7/4, Islamabad","P388+WFV, F-7/4 F 7/4 F-7, Islamabad, Pakistan",Islamabad,F-7/4,+92 51 2655693,https://www.beaconhouse.net/,3.2,9,33.717368,73.0661717,ChIJH8b9XeC_3zgRB8SqrXfWH20,,"https://www.google.com/maps/place/Beaconhouse+School+System+F-7%2F4,+Islamabad/data=!4m7!3m6!1s0x38dfbfe05dfdc61f:0x6d1fd677adaac407!8m2!3d33.717368!4d73.0661717!16s%2Fg%2F11t5swn1zy!19sChIJH8b9XeC_3zgRB8SqrXfWH20?authuser=0&hl=en&rclk=1",daycare in F-7 Islamabad,Kindergarten,{},"[{""author"": ""Muhammad Azhar"", ""rating"": 5, ""text"": ""I am highly impressed with Beaconhouse School System in F-7/4, Islamabad. The school provides an excellent learning environment with dedicated and experienced staff. The facilities are top-notch, and the focus on both academics and extracurricular activities is commendable. Communication with the school has been smooth, and my child's overall development is clearly a priority. I highly recommend Beaconhouse F-7/4 to parents seeking quality education for their children."", ""date"": ""2 years ago""}, {""author"": ""Muhammad Azhar"", ""rating"": 5, ""text"": ""I am highly impressed with Beaconhouse School System in F-7/4, Islamabad. The school provides an excellent learning environment with dedicated and experienced staff. The facilities are top-notch, and the focus on both academics and extracurricular activities is commendable. Communication with the school has been smooth, and my child's overall development is clearly a priority. I highly recommend Beaconhouse F-7/4 to parents seeking quality education for their children."", ""date"": ""2 years ago""}, {""author"": ""dr maria"", ""rating"": 1, ""text"": ""Worst experience with school. Head has no sense of respect. Experienced  arrogant and insulting behaviour from head.Teachers are least interested in putting effort. They just know how to pressurize parents and degrade students."", ""date"": ""a year ago""}, {""author"": ""dr maria"", ""rating"": 1, ""text"": ""Worst experience with school. Head has no sense of respect. Experienced  arrogant and insulting behaviour from head.Teachers are least interested in putting effort. They just know how to pressurize parents and degrade students."", ""date"": ""a year ago""}, {""author"": ""Maryam Khan"", ""rating"": 1, ""text"": ""Nonsense behaviour of head and seniors leads they think of themselves as ultimate goddess making no sense and the lead is arrogant 3rd class school 3rd class faculty worst branch of beacon house 👎🏻👎🏻👎🏻👎🏻 …"", ""date"": ""a year ago""}]",https://lh3.googleusercontent.com/gps-cs-s/AHVAweqtFuOLstjxbHsvMEtnOrFYic3NV7aOjs7hJ6y1iCJEn1HsuQhWeP8JFb9_WeTKZB701whB31eUmPoSzA0cER-dmMYU_q5YxUsHcUS8KZkvPRt_MfL3bV_PhfhkQIWMwS_YjNTFUA=w1200-h800|https://lh3.googleusercontent.com/gps-cs-s/AHVAweqxS5FOFqqwiw1B_azkPLNsgPS_-jhmqyn8lB23TVSldE0uTXsD0bN-v09DxpDntwJO8WYlx1_oa-maFohCkSjwvfTSzlBTNm7703Put7TNwkrm6Vc4as4ivIkXnHe2PltiKLcoZg=w1200-h800|https://lh3.googleusercontent.com/a-/ALV-UjVwdBieXA1UZ5kTolbAOMK5sTRBpaVLmUYOJxrp39_SgTjpvhobYw=w1200-h800|https://lh3.googleusercontent.com/a/ACg8ocIwZ1uYbjRtfloN7UMJQ8H4OhbWxp2DQqhvHGUS9Yt9f9K7wg=w1200-h800
Headstart School F-7,"92 Nazim-ud-din Rd, F-7/1 F 7/1 F-7, Islamabad, Pakistan",Islamabad,F-7/1,+92 51 8449910,https://headstart.edu.pk/,4.4,11,33.7120987,73.0558084,0x38dfbfa4d250e7bd:0,,"https://www.google.com/maps/place/Headstart+School+F-7/@33.7120987,73.0558084,17z/data=!3m1!4b1!4m6!3m5!1s0x38dfbfa4d250e7bd:0xda0bc86f08b09760!8m2!3d33.7120987!4d73.0558084!16s%2Fg%2F11dxqj1kbn?authuser=0&hl=en&entry=ttu&g_ep=EgoyMDI2MDQwMS4wIKXMDSoASAFQAw%3D%3D",daycare in F-7 Islamabad,Combined primary and secondary school,{},[],https://lh3.googleusercontent.com/gps-cs-s/AHVAwerTAej7yL_4IL0D83tXbytCIOIfAh0A1XQbjQdhRoQJliN3hUsqHEvvyyyfH0Fsp-Xo-bQDi-enKWJCllgn_KSrnBwhYFWxNlSxOBrG3o4HnoNUi40mKtfFTkY8hBeSbHQ8zIDO5g=w1200-h800|https://lh3.googleusercontent.com/gps-cs-s/AHVAwerDxyyRSOWRGULfoSsHF_oLesPY9sO5TQ5Tdh844st12qK4C5ggtveSLLR56dMuDtVqZckU9v-7Mkigpya-BGlX6exUOtKOI1gs08CWxMYKcdOaduQyADchAaljaLQyWUxKK3o0=w1200-h800|https://lh3.googleusercontent.com/gps-cs-s/AHVAweqUWiZ8wWU1xFJbsJwZkYzRUyHiGn-CQw9YdrmulQStT_PiaK3r3ecysm2l10mpAfXaDssWv2S6aHmtH_4a_C2liQRpK3hryaW1p0TYu1kA1ILsWglXeGFbvKWzE-lk3f7OKdc=w1200-h800|https://lh3.googleusercontent.com/gps-cs-s/AHVAwepRl288mImeoD4epDZyO79wNi_JDjd4UAVdWErw4aiDRMF6920CnK10rkDjN-Zy7Ji7YH4tOJqoJx4rfmoitbNrjZ4tsISD2Yi2YDLySPggRzpC2V92pZaSDYENZNa49tCBkPM=w1200-h800
Treehouse School,"House 8 Street 34, F-8/1 F 8/1 F-8, Islamabad, 44000, Pakistan",Islamabad,F-8/1,+92 51 2266270,,4.5,75,33.7039716,73.0355637,ChIJS5I1CUy-3zgRLJpb-fwihcg,,https://www.google.com/maps/place/Treehouse+School/data=!4m7!3m6!1s0x38dfbe4c0935924b:0xc88522fcf95b9a2c!8m2!3d33.7039716!4d73.0355637!16s%2Fg%2F11gcn90zgm!19sChIJS5I1CUy-3zgRLJpb-fwihcg?authuser=0&hl=en&rclk=1,daycare in F-7 Islamabad,Educational institution,{},"[{""author"": ""Erum Khan"", ""rating"": 5, ""text"": ""Great experience, food, ambiance and service on point 👍 …"", ""date"": ""3 months ago""}, {""author"": ""Erum Khan"", ""rating"": 5, ""text"": ""Great experience, food, ambiance and service on point 👍 …"", ""date"": ""3 months ago""}, {""author"": ""Sheza Ahmed"", ""rating"": 5, ""text"": ""It was our first experience at Treehouse. Ambiance and food were top-notch. But most of all, the hospitality of Ma'am Dia adds warm vibe to the whole space ."", ""date"": ""4 months ago""}, {""author"": ""Sheza Ahmed"", ""rating"": 5, ""text"": ""It was our first experience at Treehouse. Ambiance and food were top-notch. But most of all, the hospitality of Ma'am Dia adds warm vibe to the whole space ."", ""date"": ""4 months ago""}, {""author"": ""Sidra Ashraf"", ""rating"": 5, ""text"": ""Food ambiance was so good. Mr. Kamran attended us he was quite professional at his job the service was so good."", ""date"": ""4 months ago""}]",https://lh3.googleusercontent.com/gps-cs-s/AHVAwer72pikwjbz85HNzC4cerjl8JVH3wif2U3kv9AvzEhx1Nq2KpFfeVRlEHV-Bb837NygeFWpCHudvX-TN0zCOwvqOzHikoZOJ0iqB_7UMtkiTq9XhAIQou51k7HeXDGjNEWgZCt0=w1200-h800|https://lh3.googleusercontent.com/gps-cs-s/AHVAwepJp64ag2kq-cOPEL6ny35_FPRhQwVSOgkdRBwu3MWGijNoPf6UDjc8abMeY91JheDDmKEfFfqvcLoHIJ4XAzKG6gMWwhO_WGX5toEl96dmvYvQWPPl36vf5ebVkiO1YERy2NJZqQ=w1200-h800|https://lh3.googleusercontent.com/gps-cs-s/AHVAwerKQqCGaC4xNcI_P84ra4ODAOSiatj3-_WyALNsSWZ5dKeLYhhg2duxrCvYLTFhuoYmaYMymjdxlWXoYpKEn6ItolXWo_TDb_xgymvX83hSAHtyY6ihyw1-Z8aVY3VzyC8kkd4=w1200-h800|https://lh3.googleusercontent.com/a/ACg8ocILxW08fUoXhMfSNC969w7WLXHTI7vrhSQ350qHlHn0687-aQ=w1200-h800
Red Maple Montessori | Best Montessori School in Islamabad,"6a Street 9, F-7/3 F 7/3 F-7, Islamabad, 44000, Pakistan",Islamabad,F-7/3,+92 334 9591433,http://redmaplemontessori.com/,5,4,33.7241272,73.0568171,ChIJFy5q1m6_3zgRL2Pq_l-5CD4,,https://www.google.com/maps/place/Red+Maple+Montessori+%7C+Best+Montessori+School+in+Islamabad/data=!4m7!3m6!1s0x38dfbf6ed66a2e17:0x3e08b95ffeea632f!8m2!3d33.7241272!4d73.0568171!16s%2Fg%2F11f66f_n6l!19sChIJFy5q1m6_3zgRL2Pq_l-5CD4?authuser=0&hl=en&rclk=1,daycare in F-7 Islamabad,General education school,{},[],https://lh3.googleusercontent.com/gps-cs-s/AHVAweqSWG3MCResvyQBgws6FjM4nzaqZWfCK4m-pnuJ8RcuQQPWogW8CuEA_6Gnd3lsk5k0WRG4fYwgdcccYpwgf5OHsNlID7Ef3wFWZ32SIKBZWIxcVRrJQs7BgRwwpXtajsSNPTSslw=w1200-h800|https://lh3.googleusercontent.com/gps-cs-s/AHVAweo9XAFAeW1wAPRERefJj4HZ2sKQxuidxsx3GzFtnsOcoeyjp4m13eQMilC1TLpHYsPsVOoyrK0zKULl7TBvCueD5iqUmA45h5FZGCA-n1plPR1B8MqbzD7hyELXozoOkFB2OdKQoA=w1200-h800|https://lh3.googleusercontent.com/gps-cs-s/AHVAweopqclkYaHXwLQ2ElXrmdrpQ3Ov-UDHjIOd0KKM2xv1O_Af9M9g-bKulERP9x2ipwducUdenDVRsMBf8C1FCRNta1EvCKbdLPlsYHniPjLeUtYrpmFHYlhGCV-yePyqgVqLV0D0gRTzkaLZ=w1200-h800|https://lh3.googleusercontent.com/gps-cs-s/AHVAwepUHb_rsF_-ACZw2uAuG9WU4pneNxvfh9_QYGkb-Aps0a7MLrVT7UV1mHjj_4NFV1YIAZezx2XPGJCZ6Uum_V1pOtlVkg2tcaRCXTaP46xzvvANxHD-kMAh3pT3ptn_cYNevzOluOCDHQ=w1200-h800
Sarah's Wisdom Garden,"517 Service Rd North (VR-30), F-10/2 F 10/2 F-10, Islamabad, 44000, Pakistan",Islamabad,F-10/2,+92 300 0576053,https://sarahsplaygroup.com/,4.4,82,33.6932953,72.9935232,0x38dfbe100069d8a5:0,,"https://www.google.com/maps/place/Sarah's+Wisdom+Garden/@33.6932953,72.9935232,17z/data=!3m1!4b1!4m6!3m5!1s0x38dfbe100069d8a5:0x2cbede80fbc21c73!8m2!3d33.6932953!4d72.9935232!16s%2Fg%2F11bwh5b0rq?authuser=0&hl=en&entry=ttu&g_ep=EgoyMDI2MDQwMS4wIKXMDSoASAFQAw%3D%3D",daycare in F-7 Islamabad,Preschool,{},"[{""author"": ""Misbah Zareen"", ""rating"": 5, ""text"": ""Sarah's Wisdom Garden is not a daycare but a second home for my little one. My son got the best attention, care and play that he needs.\n\nThey maintain a proper schedule for each child for his mealtimes, activity time, nap and play time. It's just like leaving my child with his grandmother. I am at peace and have no stress or tension about my kid when i drop him at daycare.\n\nI am thankful to the management, the staff and the supporting staff as well for being so vigilant and responsible for the kids.\n\nI am totally satisfied and happy with the facilities being provided, the activity toys, the environment and the attention & care. This is a perfect place for your child to learn, grow, interact and spend time while you are at work.\n\nI highly recommend Sarah's Wisdom Garden for your child to join and for you to be at ease while your child is in safe hands.\n\nMany prayers for the management and staff. May your honesty be the source of happiness for the children and for your halal rizaq. Ameen!\n\n*THANK YOU FOR TAKING CARE OF OUR KIDS WHILE WE ARE ON DUTY! WE OWE YOU FOR THIS GREAT ACT!*"", ""date"": ""5 months ago""}, {""author"": ""Misbah Zareen"", ""rating"": 5, ""text"": ""Sarah's Wisdom Garden is not a daycare but a second home for my little one. My son got the best attention, care and play that he needs.\n\nThey maintain a proper schedule for each child for his mealtimes, activity time, nap and play time. It's just like leaving my child with his grandmother. I am at peace and have no stress or tension about my kid when i drop him at daycare.\n\nI am thankful to the management, the staff and the supporting staff as well for being so vigilant and responsible for the kids.\n\nI am totally satisfied and happy with the facilities being provided, the activity toys, the environment and the attention & care. This is a perfect place for your child to learn, grow, interact and spend time while you are at work.\n\nI highly recommend Sarah's Wisdom Garden for your child to join and for you to be at ease while your child is in safe hands.\n\nMany prayers for the management and staff. May your honesty be the source of happiness for the children and for your halal rizaq. Ameen!\n\n*THANK YOU FOR TAKING CARE OF OUR KIDS WHILE WE ARE ON DUTY! WE OWE YOU FOR THIS GREAT ACT!*"", ""date"": ""5 months ago""}, {""author"": ""Mariyah Omair"", ""rating"": 5, ""text"": ""I am truly grateful to Sarah’s Wisdom Garden for the wonderful care, love, and attention they give to my child every single day. The teachers and staff create such a nurturing and safe environment where my child not only learns but also feels deeply valued. I have seen so much growth in confidence, learning, and happiness since joining. Their dedication and genuine affection for the children make this place feel like a second home. Highly recommended for any parent who wants their child to be in caring and capable hands! 🌸✨"", ""date"": ""6 months ago""}, {""author"": ""Mariyah Omair"", ""rating"": 5, ""text"": ""I am truly grateful to Sarah’s Wisdom Garden for the wonderful care, love, and attention they give to my child every single day. The teachers and staff create such a nurturing and safe environment where my child not only learns but also feels deeply valued. I have seen so much growth in confidence, learning, and happiness since joining. Their dedication and genuine affection for the children make this place feel like a second home. Highly recommended for any parent who wants their child to be in caring and capable hands! 🌸✨"", ""date"": ""6 months ago""}, {""author"": ""Sabiha Siddique"", ""rating"": 5, ""text"": ""I would like to sincerely thank the Sarah's daycare staff for their love, care, and patience. With your help, my daughter—who previously only took breastmilk and refused formula and the feeder—has Alhamdulillah now started drinking milk and eating well, Ma sha Allah. Earlier she was very cranky during meals and often refused food, which made her underweight. This positive change means a lot to us and wouldn’t have been possible without your support. Thank you so much for taking care of my daughter❤️"", ""date"": ""2 months ago""}]",https://lh3.googleusercontent.com/gps-cs-s/AHVAweqUDd3XbafZ7z6UyB7gH0tz8z1flxNp0B-9QlP9RHP18d2qlQpRcnMvn6xpCM-AjCRkGlLhIvzYIIuEcxMrKHoIPLBw_-s3B9QMsUHUP2J2LXkAxRaZvy1jIT58Vkz186u6TKc6=w1200-h800|https://lh3.googleusercontent.com/gps-cs-s/AHVAwerDWeLojEMEwhktr6ic5K96ij86jGV9O7lgeE0anu4GLD0M7MZwTDjl8P2SpsCbN41ftetXuEELpKNAXAo8f1GchN-80T34p5gcQZ9GkfWMbwBooMRnd8m-GAZp0OCKPJ2_-pwkWQ=w1200-h800|https://lh3.googleusercontent.com/gps-cs-s/AHVAwerjMQGbCjiPQmczVOCl3Pjs7qXx5Qqna435c2HL-MEhJW7vasFou1CAWmPOlnQZRsShlEpESyCcl1ty2rLkXCv9pTXq625431gDHa2WW3jrd9SpSbguOnwZ1iJzdsm0jNW8menHPQ=w1200-h800|https://lh3.googleusercontent.com/a/ACg8ocIMxUYjMLA3kO5uXUXWq6mFz2uxAMj4e4e1ZnUOhQ325OArHw=w1200-h800
MSI Preschool," F-8/2 F 8/2 F-8, Islamabad, Pakistan",Islamabad,F-8/2,+92 51 2256172,https://business.google.com/create?fp=13315719612484498876&hl=en&authuser=0&gmbsrc=-en-et-ip-z-gmb-s-z-l~mrc%7Cclaimbz%7Cu&ppsrc=GMBMI&utm_campaign=-en-et-ip-z-gmb-s-z-l~mrc%7Cclaimbz%7Cu&utm_source=gmb_mrc81&utm_medium=et&getstarted&lis=0,4.2,5,33.7126928,73.0358829,ChIJNwTRxlO-3zgRvDXXFnDwyrg,,https://www.google.com/maps/place/MSI+Preschool/data=!4m7!3m6!1s0x38dfbe53c6d10437:0xb8caf07016d735bc!8m2!3d33.7126928!4d73.0358829!16s%2Fg%2F11g8mf_m2m!19sChIJNwTRxlO-3zgRvDXXFnDwyrg?authuser=0&hl=en&rclk=1,daycare in F-7 Islamabad,Preschool,{},"[{""author"": ""Ayesha Sheikh"", ""rating"": 5, ""text"": ""All our kids have studied from here and some are still currently studying. Small setup , great school, very cooperative teachers!! We absolutely love it."", ""date"": ""8 months ago""}, {""author"": ""Ayesha Sheikh"", ""rating"": 5, ""text"": ""All our kids have studied from here and some are still currently studying. Small setup , great school, very cooperative teachers!! We absolutely love it."", ""date"": ""8 months ago""}, {""author"": ""Sajjl Nooranne"", ""rating"": 5, ""text"": ""The most child-friendly school there is! The school is equipped with everything the students may need. Efficient management and gentle, loving teachers make this school a success."", ""date"": ""8 years ago""}, {""author"": ""Sajjl Nooranne"", ""rating"": 5, ""text"": ""The most child-friendly school there is! The school is equipped with everything the students may need. Efficient management and gentle, loving teachers make this school a success."", ""date"": ""8 years ago""}, {""author"": ""Siraj Alam"", ""rating"": 5, ""text"": ""A small and closely managed preschool experience"", ""date"": ""7 years ago""}]",https://lh3.googleusercontent.com/gps-cs-s/AHVAwep03zpYi8EY9xOTzqbkp5nkySIpoZoXiUi51QW74jTvYoNyAyPW0ek5T4oyEUAAA1Kz9hJQKGj2iExrp7QsZAM5FcZBOg8F3V7SiILChI0lniz6Ndiq9GwEhTdKzSQNRQ91oZBB=w1200-h800|https://lh3.googleusercontent.com/gps-cs-s/AHVAwepkPZFpWyRLkHdsmVs1IpHR1pudDss2SVrknY2CMmrZNwKtYHk62kwiQSuqjbMndLHsWNWH6S4Qv95meX2FAXQvjrNKY69c5jdkF9LfKEhtlPsGPIIYHBEeyE4oYqXDQTkzOYgBaaq0NKz6=w1200-h800|https://lh3.googleusercontent.com/gps-cs-s/AHVAwepWjfMvAUqpCemWwcfBewlg-P7yddSQ_0gKd0Tssbxu8_sm0uhUjzV8SQ7qNicqyL0WHsj11_4ArdFa2IPBC6mdn306K5li8lGVc3bB1n0RDzggO7jRD_q6xix6HFQ9PfVbeYwxTQ=w1200-h800|https://lh3.googleusercontent.com/a-/ALV-UjUW489BGKMBsbAPJYy8kPEH93wXlJZF-sz3f8O-66lqUsXcdFE=w1200-h800
Friends School Islamabad,"12 Street Number 49, F-7/4 F 7/4 F-7, Islamabad, 44000, Pakistan",Islamabad,F-7/4,+92 345 5104499,http://friendsschool.edu.pk/,5,4,33.7198088,73.0602865,ChIJi141DSi_3zgRnPVyjhIbTwg,,https://www.google.com/maps/place/Friends+School+Islamabad/data=!4m7!3m6!1s0x38dfbf280d355e8b:0x84f1b128e72f59c!8m2!3d33.7198088!4d73.0602865!16s%2Fg%2F11ppzdb943!19sChIJi141DSi_3zgRnPVyjhIbTwg?authuser=0&hl=en&rclk=1,daycare in F-7 Islamabad,School house,{},"[{""author"": ""Kanzah Sheikh"", ""rating"": 5, ""text"": ""My youngest is currently in his last year at Friends and his older brother was also there from pre school until 3rd grade. They have both had extremely dedicated and loving teachers throughout. I prefer small schools for younger children precisely so they can benefit from increased attention to their individuality. My children have been nurtured to bring out the very best in them and I as a parent have recieved an incredible amount of support from the entire team at Friends. They are always readily available to hear any questions or concerns one might have and always respond positively to any suggestions. That for me, has been invaluable as a parent."", ""date"": ""a year ago""}, {""author"": ""Kanzah Sheikh"", ""rating"": 5, ""text"": ""My youngest is currently in his last year at Friends and his older brother was also there from pre school until 3rd grade. They have both had extremely dedicated and loving teachers throughout. I prefer small schools for younger children precisely so they can benefit from increased attention to their individuality. My children have been nurtured to bring out the very best in them and I as a parent have recieved an incredible amount of support from the entire team at Friends. They are always readily available to hear any questions or concerns one might have and always respond positively to any suggestions. That for me, has been invaluable as a parent."", ""date"": ""a year ago""}, {""author"": ""Samer Aziz"", ""rating"": 5, ""text"": ""My experience at Friends School has been exceptional!\nThe teachers are outstanding, and the environment is clean and welcoming."", ""date"": ""a year ago""}, {""author"": ""Samer Aziz"", ""rating"": 5, ""text"": ""My experience at Friends School has been exceptional!\nThe teachers are outstanding, and the environment is clean and welcoming."", ""date"": ""a year ago""}, {""author"": ""Monail Zoya"", ""rating"": 5, ""text"": """", ""date"": ""2 years ago""}]",https://lh3.googleusercontent.com/gps-cs-s/AHVAweopqclkYaHXwLQ2ElXrmdrpQ3Ov-UDHjIOd0KKM2xv1O_Af9M9g-bKulERP9x2ipwducUdenDVRsMBf8C1FCRNta1EvCKbdLPlsYHniPjLeUtYrpmFHYlhGCV-yePyqgVqLV0D0gRTzkaLZ=w1200-h800|https://lh3.googleusercontent.com/gps-cs-s/AHVAweppV9l17PGTIS-QaD8_s-sFBtbuLmv5YnqXR0r6O7viO9hFtjFSiNSC5zLsebQtDxks3RXkBPQmUDMYvMAfb6RF8qEQarf6JCfIE_X-e23bwkY3m983VWCpJpFNJ2VAtAgiIrdo=w1200-h800|https://lh3.googleusercontent.com/gps-cs-s/AHVAweptFU3gq5esMCgo5JRyrVT1_842-KX4O3czf92OLYeq6lbLTbKedi3Aufk_iozZZCrAFMCJ0Kwwmaj0_eICp7Gx_jxAAtfuvDwR-kU-lYEflluO5AWawR8WPhst2b32n1vynX1Fdv92eMic=w1200-h800|https://lh3.googleusercontent.com/a/ACg8ocI95YGAQWO5uAW7F7LXnvbJPVKQPn5Qye4rO5Xkiwmuh6DmuA=w1200-h800
"The Play School, Islamabad","26 Nazim-ud-din Rd, F-8/1 F 8/1 F-8, Islamabad, Pakistan",Islamabad,F-8/1,,https://business.google.com/create?fp=14220038378250267262&hl=en&authuser=0&gmbsrc=-en-et-ip-z-gmb-s-z-l~mrc%7Cclaimbz%7Cu&ppsrc=GMBMI&utm_campaign=-en-et-ip-z-gmb-s-z-l~mrc%7Cclaimbz%7Cu&utm_source=gmb_mrc81&utm_medium=et&getstarted&lis=0,4.6,46,33.7044933,73.0410207,0x38dfbf9ccceefefb:0,,"https://www.google.com/maps/place/The+Play+School,+Islamabad/@33.7044933,73.0410207,17z/data=!3m1!4b1!4m6!3m5!1s0x38dfbf9ccceefefb:0xc557b99064076a7e!8m2!3d33.7044933!4d73.0410207!16s%2Fg%2F11f5h9yb9b?authuser=0&hl=en&entry=ttu&g_ep=EgoyMDI2MDQwMS4wIKXMDSoASAFQAw%3D%3D",daycare in F-7 Islamabad,Preschool,{},"[{""author"": ""Literary Soul"", ""rating"": 5, ""text"": ""All of my kids attend this school.The teachers are caring and dedicated, and the environment is safe, supportive, and inspiring. My children are thriving both academically and personally. We’re so grateful to be part of this amazing school community!"", ""date"": ""4 months ago""}, {""author"": ""Literary Soul"", ""rating"": 5, ""text"": ""All of my kids attend this school.The teachers are caring and dedicated, and the environment is safe, supportive, and inspiring. My children are thriving both academically and personally. We’re so grateful to be part of this amazing school community!"", ""date"": ""4 months ago""}, {""author"": ""How To"", ""rating"": 5, ""text"": ""The Play School Islamabad is an amazing place for kids to start their learning journey. The teachers are caring and creative, and the environment is safe, friendly, and full of fun activities. My child loves going every day and is learning so much. Highly recommended for early education! 🌟 …"", ""date"": ""4 months ago""}, {""author"": ""How To"", ""rating"": 5, ""text"": ""The Play School Islamabad is an amazing place for kids to start their learning journey. The teachers are caring and creative, and the environment is safe, friendly, and full of fun activities. My child loves going every day and is learning so much. Highly recommended for early education! 🌟 …"", ""date"": ""4 months ago""}, {""author"": ""Sofia .S"", ""rating"": 5, ""text"": ""Very amazing place! All 3 of my kids are here and they love the environment and learn new things everyday! Their SLO based teaching strategies also amaze me!! If i had 10 kids i would get them admission in this school!!!"", ""date"": ""4 months ago""}]",https://lh3.googleusercontent.com/gps-cs-s/AHVAweo-Sx8CgiQ_k1wScZqhToJr39UmUo96nT5p5LQPORvaxHAxPH9b0EVorkskOyUhdswGNEg9-4RVCd_zrCfzD3FthrY1gu_yq0gG8QJejTMDg2-seeSQRxSWqDwYHWt3P4izp0Nfn7_6jWtO=w1200-h800|https://lh3.googleusercontent.com/gps-cs-s/AHVAwepci9DthS7bujmkXF8acXdvi_sL49Q0u4KchkSQcYdxTbXCKfXgGyyJcqnVulsHpxvw8H7l--Yik2vq_su730bg7B8fjDlkfndXQ8Fzz2tEJIyirF3FUfOjd55DB8YCqr2RrdY00xoOXbc=w1200-h800|https://lh3.googleusercontent.com/gps-cs-s/AHVAweoQrunqivqGwWqkO_ewgj6XSc1VNhY3Tm658T7N2goW3yjh0LUavGv2tYHirAPdHMugrhbQUDPQ5HWTS7HHMj-lBUptS9QEwceXID7qDE_G3d71T-wF8GwhKtXSEI-OFJPd1NoyaQ=w1200-h800|https://lh3.googleusercontent.com/gps-cs-s/AHVAwep3Jy9ftmqFF3SHeya9G6vCKrQtZEd1UIa80ZJDVChq70-7zlBtAWwij5LGhfRqxTl96ypu5rL7u9DyR3M01-wXJLAnJVHE_tjXlgZEuvlsCnCsg-WS-a7aYpYmUF_1wul9yWJP_-vgIxw=w1200-h800
ARK School and daycare,"House no, 105 main road, Sector 1 Airport employees cooperative housing society, Rawalpindi, Pakistan",Islamabad,Airport employees cooperative housing society,+92 334 5104306,,5,37,33.594281,73.1286768,ChIJhZYKqR_t3zgR-IKqD8RboTU,,https://www.google.com/maps/place/ARK+School+and+daycare/data=!4m7!3m6!1s0x38dfed1fa90a9685:0x35a15bc40faa82f8!8m2!3d33.594281!4d73.1286768!16s%2Fg%2F11v3tz5czx!19sChIJhZYKqR_t3zgR-IKqD8RboTU?authuser=0&hl=en&rclk=1,daycare in DHA Islamabad,Education center,{},"[{""author"": ""Ammara Nadeem Shah"", ""rating"": 5, ""text"": ""A wonderful school and daycare with a caring and supportive environment. The teachers are very kind, professional, and truly focus on children’s growth and learning. My niece and nephew are happy here, and we’ve seen great improvement in their confidence and skills. Highly recommended!"", ""date"": ""2 months ago""}, {""author"": ""Ammara Nadeem Shah"", ""rating"": 5, ""text"": ""A wonderful school and daycare with a caring and supportive environment. The teachers are very kind, professional, and truly focus on children’s growth and learning. My niece and nephew are happy here, and we’ve seen great improvement in their confidence and skills. Highly recommended!"", ""date"": ""2 months ago""}, {""author"": ""smart shabby"", ""rating"": 5, ""text"": ""I had a wonderful experience with ARK Daycare and Primary School.\nThe environment is fascinating, safe, and very warm and hospitable for children.\nThe administration and teaching staff are extremely welcoming, supportive, and truly admirable.\nI highly recommend ARK to parents looking for quality education and care.\nIt’s a place where children genuinely feel happy and valued 💖🏫"", ""date"": ""2 months ago""}, {""author"": ""smart shabby"", ""rating"": 5, ""text"": ""I had a wonderful experience with ARK Daycare and Primary School.\nThe environment is fascinating, safe, and very warm and hospitable for children.\nThe administration and teaching staff are extremely welcoming, supportive, and truly admirable.\nI highly recommend ARK to parents looking for quality education and care.\nIt’s a place where children genuinely feel happy and valued 💖🏫"", ""date"": ""2 months ago""}, {""author"": ""Qurat Ulain"", ""rating"": 5, ""text"": ""I am very satisfied with this school and the positive impact it has had on my child. The teachers are caring, dedicated, and truly focused on each student’s learning and character building. I have seen great improvement in my child’s confidence, behavior, and academic performance since joining."", ""date"": ""2 months ago""}]",https://lh3.googleusercontent.com/gps-cs-s/AHVAwer3wIRLlrlOzHm4ot1g5S_d_E6TckQ0nxd1p1gyqYhRMGRXgU3KhQohrBu0g-MBdR5LbM4ujEqx_vBCUMHUmMWmc51BHI_Yfh9HeTkiAf3n2I_LDQKVCN2MaWR4wwSThJBbD7T5Iw=w1200-h800|https://lh3.googleusercontent.com/gps-cs-s/AHVAwerNn5iIUi2Wk6xezcBF4HvE7fuzx3gKBR7HXO5ck5DhQkRtt8IY2w4uK5JX4MjLmTTR7r1tCkX_w-hYgpk03lC0_nvY58kguqTzN2aGx1STvnzZCuOIkc0s23XvB0hHG6D5I5mynTqDDGE=w1200-h800|https://lh3.googleusercontent.com/gps-cs-s/AHVAweoG5lzyGniJZdRwuTJyHiU9_weWUA7yWPUQLYX8-HQDNpApIrzuIqKybYtvFiyJDbjpPJ-KW1Ftx1OHdKOE4R1tp1Rfx9tvx1Cyl_YugCimtapgG1NsrHrTq4vBmaARhx7qd3RO5A=w1200-h800|https://lh3.googleusercontent.com/gps-cs-s/AHVAweoFwm-A5lVFriQd8EzA0o-H5tn52L1EYUPKCX5BZne7-7QFzc8U3GQ-ey9JYQJrPJHcM4t9BnX_M2RMhBmfs9DEJraFwSlxK3GNfVnrQ0tnS3gBbi8d2ubPV8dVlRbSQ_4O1fkl=w1200-h800
"Young Children Development Education System, School, Daycare by Asifa Saleem","Gate # 2, 2nd Floor , Javed plaza, GT Rd, opposite DHA 2, Islamabad, 45730, Pakistan",Islamabad,DHA,+92 345 5228833,https://ycdes.pk/,4.8,8,33.5232223,73.1446529,0x38dfed1170be16e1:0,,"https://www.google.com/maps/place/Young+Children+Development+Education+System,+School,+Daycare+by+Asifa+Saleem/@33.5232223,73.1446529,17z/data=!3m1!4b1!4m6!3m5!1s0x38dfed1170be16e1:0xc4818f46b4fa7ef6!8m2!3d33.5232223!4d73.1446529!16s%2Fg%2F11t9x4gv6w?authuser=0&hl=en&entry=ttu&g_ep=EgoyMDI2MDQwMS4wIKXMDSoASAFQAw%3D%3D",daycare in DHA Islamabad,Educational institution,{},"[{""author"": ""rutab sindhu"", ""rating"": 5, ""text"": ""Great facility under the management and direction of Ma’am Asifa. My 3 year old son had delayed speech and was unable to express language despite going to best schools in Islamabad.\n\nAfter only 3 months at YCDC with amazing efforts of teachers and therapists Alhamdulillah he has made a lot of progress. Very cooperative and supportive staff hardworking with children reasonable fees.\n\nBest wishes and Highly recommended!"", ""date"": ""3 years ago""}, {""author"": ""rutab sindhu"", ""rating"": 5, ""text"": ""Great facility under the management and direction of Ma’am Asifa. My 3 year old son had delayed speech and was unable to express language despite going to best schools in Islamabad.\n\nAfter only 3 months at YCDC with amazing efforts of teachers and therapists Alhamdulillah he has made a lot of progress. Very cooperative and supportive staff hardworking with children reasonable fees.\n\nBest wishes and Highly recommended!"", ""date"": ""3 years ago""}, {""author"": ""ZaiN Khan"", ""rating"": 5, ""text"": ""Best ever school in dha. they are good very good specially for the new commer"", ""date"": ""3 years ago""}, {""author"": ""ZaiN Khan"", ""rating"": 5, ""text"": ""Best ever school in dha. they are good very good specially for the new commer"", ""date"": ""3 years ago""}, {""author"": ""Zain Anmol"", ""rating"": 5, ""text"": ""Best service"", ""date"": ""2 months ago""}]",https://lh3.googleusercontent.com/gps-cs-s/AHVAweolVrYj0CYzLP8OHBDZtYjZ5WlSG0Pu0mp6inRJp6tV_NOjxvUQRIge0outq9CswaNoObKRdsKtwj-5Lbns6q2pr4d_hyt0xnbKFBdraL2iPJ2jv-QiJLsOaqcL08qq2SywSxfu5w=w1200-h800|https://lh3.googleusercontent.com/gps-cs-s/AHVAweomWVOyXJ1zWc45Oh3JYcaDNYPVtvTKwOAwnMDS675fXnWKTCQuARWMgh7dGJAoAiT_qRqYlWtpgWIE6w_4UqPY_xJejSzmVw-ZhR6PTv5aXJLN_STUerqRFVwFzVHIwWYp8nZB=w1200-h800|https://lh3.googleusercontent.com/gps-cs-s/AHVAweqhc2uc4LocDMXyIRqtTRdzyLVs-O0Lowx3JRR0gTR5VbGLbqXZIeNs9qHllhYGBh90vElaBV3yPsfEqJe-kn-MVP5KJcs3N08gf9qhTRtGh_E3k114lNgESbUWcz3OXs9Qa2-zxw=w1200-h800|https://lh3.googleusercontent.com/gps-cs-s/AHVAweqn9EBFmspDpoHIsCvdyAnd95SIy3uISg1_1Y8do-fsBa_mL2W3fo-GVylJDkt5HRZWcQgLMEtgCjAmzx5RB6yiUOt__UFjvsXtRf4diVrfMcfoCckYP4yo1A_nlvGZEWhRW9Uh=w1200-h800
Kindervale Preschool,"Plaza 20, Westeria Rd, Sector C Sector A DHA Phase II, Islamabad, 44000, Pakistan",Islamabad,DHA,+92 301 5176367,http://www.kindervale.com/,4.8,24,33.5219717,73.1543541,0x38dfed3f4f9140b3:0,,"https://www.google.com/maps/place/Kindervale+Preschool/@33.5219717,73.1543541,17z/data=!3m1!4b1!4m6!3m5!1s0x38dfed3f4f9140b3:0xa418579316278ab!8m2!3d33.5219717!4d73.1543541!16s%2Fg%2F11pzg7526x?authuser=0&hl=en&entry=ttu&g_ep=EgoyMDI2MDQwMS4wIKXMDSoASAFQAw%3D%3D",daycare in DHA Islamabad,Preschool,{},"[{""author"": ""Sumayya Attaullah"", ""rating"": 5, ""text"": ""My daughter went to kindervale for almost 2 years. We had an excellent experience! Everything from admission to any query was very easily entertained the whole time.  Ms.Tanzeen Raza and her son Mr.Aez are very kind and helpful. We never once felt any anxiety or issue sending our kind to kindervale. I suggest this school for early years as it has a very relaxed, easy and friendly environment and that is what i believe the kids need at such an age."", ""date"": ""a month ago""}, {""author"": ""Sumayya Attaullah"", ""rating"": 5, ""text"": ""My daughter went to kindervale for almost 2 years. We had an excellent experience! Everything from admission to any query was very easily entertained the whole time.  Ms.Tanzeen Raza and her son Mr.Aez are very kind and helpful. We never once felt any anxiety or issue sending our kind to kindervale. I suggest this school for early years as it has a very relaxed, easy and friendly environment and that is what i believe the kids need at such an age."", ""date"": ""a month ago""}, {""author"": ""Sana Qureshi"", ""rating"": 5, ""text"": ""Our experience with kindervale was for a short span of six months but truly wonderful and unforgettable.\n\nThe teachers were  extremely cooperative, kind, and friendly, and the administration was supportive, professional, and up to the mark in every aspect. Everything was handled with care and responsibility. All the stationery and belongings we handed over were used appropriately, nothing was wasted, and every single item was returned properly and on time. This level of honesty and organization is highly commendable.\n\nMost importantly, my son Momin had an amazing time here. He learned, grew, and felt genuinely happy in this environment. Due to some unavoidable personal reasons, we had to make the difficult decision to move him to another school, a decision that was not easy at all. Even today, he often misses his old classmates, friends, and teachers. He frequently asks if he can go back just to spend some time with them, which truly speaks volumes about the love and bonding he experienced here.\n\nOne gesture that touched our hearts deeply was the card made for him mentioning that he would be missed. It was such a warm and thoughtful act, and it meant so much to us as parents.\n\nWe are extremely satisfied and grateful for the care, love, and values this school has given to our child. Thank you for making Momin’s journey so special and memorable.\n\nThis school will always hold a very special place in our hearts 🤍\n\nRegards,\n\nMomin's Parents ❤️"", ""date"": ""2 months ago""}, {""author"": ""Sana Qureshi"", ""rating"": 5, ""text"": ""Our experience with kindervale was for a short span of six months but truly wonderful and unforgettable.\n\nThe teachers were  extremely cooperative, kind, and friendly, and the administration was supportive, professional, and up to the mark in every aspect. Everything was handled with care and responsibility. All the stationery and belongings we handed over were used appropriately, nothing was wasted, and every single item was returned properly and on time. This level of honesty and organization is highly commendable.\n\nMost importantly, my son Momin had an amazing time here. He learned, grew, and felt genuinely happy in this environment. Due to some unavoidable personal reasons, we had to make the difficult decision to move him to another school, a decision that was not easy at all. Even today, he often misses his old classmates, friends, and teachers. He frequently asks if he can go back just to spend some time with them, which truly speaks volumes about the love and bonding he experienced here.\n\nOne gesture that touched our hearts deeply was the card made for him mentioning that he would be missed. It was such a warm and thoughtful act, and it meant so much to us as parents.\n\nWe are extremely satisfied and grateful for the care, love, and values this school has given to our child. Thank you for making Momin’s journey so special and memorable.\n\nThis school will always hold a very special place in our hearts 🤍\n\nRegards,\n\nMomin's Parents ❤️"", ""date"": ""2 months ago""}, {""author"": ""Sajjal Aziz"", ""rating"": 5, ""text"": ""My kid has been part of Kindervale from the last 2 years. He has learnt a lot from his teachers. The environment is really friendly that he doesn't want to miss a day. Kindervale team knows their job and they are doing an amazing job by providing a comfortable environment for the kids to learn. They are making learning a fun experience for my son.\nHighly recommend."", ""date"": ""a year ago""}]",https://lh3.googleusercontent.com/gps-cs-s/AHVAwep4wBNzottoO57C3UGdXSEHPTukm5oUNNRmeLgOrUyBk_hgWuLT7cq9v35iQZ31Xa-rbOKhwdJP41sA4ayXDp4W-C2YoSgo5xMTSNUJmL55g8p8DM9szAvXnrjFfBTZyj12e04l=w1200-h800|https://lh3.googleusercontent.com/gps-cs-s/AHVAwer9H5UR_F0aJLSCjnGcJ13gTX1RVKFdMNehsE1loeZ9UoStdQDaL1ar3daimrqo7z83J4jQDz8ezlMq3U4I6AUiTVvjNi4yWXrdOZIdDk6zNXu4uM2ugvf5Vixt3rF6L3R6pTBB=w1200-h800|https://lh3.googleusercontent.com/a/ACg8ocKFrEFTuQmJM_ymIfCq_B-Fi9IsPeUsp7Hrfq9J11zI0j7BOA=w1200-h800|https://lh3.googleusercontent.com/a-/ALV-UjVs4wm4LuXL8MUGSPZNvmBSOZZQTfgwcpLzu-nylAq0sBNgZLU1=w1200-h800
Kidz Mansion,"Giga Mall, Main GT Road, Defense Housing Authority, Sector F DHA Phase II, Islamabad, 44000, Pakistan",Islamabad,DHA,+92 332 5264680,https://business.google.com/create?fp=1400146713149315455&hl=en&authuser=0&gmbsrc=-en-et-ip-z-gmb-s-z-l~mrc%7Cclaimbz%7Cu&ppsrc=GMBMI&utm_campaign=-en-et-ip-z-gmb-s-z-l~mrc%7Cclaimbz%7Cu&utm_source=gmb_mrc81&utm_medium=et&getstarted&lis=0,61,8,33.5209008,73.1577299,0x38dfedbf9e399701:0,,"https://www.google.com/maps/place/Kidz+Mansion/@33.5209008,73.1577299,17z/data=!3m1!4b1!4m6!3m5!1s0x38dfedbf9e399701:0x136e52046eb2197f!8m2!3d33.5209008!4d73.1577299!16s%2Fg%2F11ncbg621_?authuser=0&hl=en&entry=ttu&g_ep=EgoyMDI2MDQwMS4wIKXMDSoASAFQAw%3D%3D",daycare in DHA Islamabad,Day care center,{},[],https://lh3.googleusercontent.com/gps-cs-s/AHVAweoWplsjQgCNR48HBq5P9Dy_893iihVCdhF5YKaj6iN5YvFcWeX5hE0cPXbJX62ISyQbZtvZPQhtRyTTOaJagAHyxIq-71_pR63inU3Q-VkPNzyIGHVrPB84E28syX9YBU3fpJtHNg=w1200-h800|https://lh3.googleusercontent.com/gps-cs-s/AHVAwepdgmG7u06HMIzRIFRo6rsexOtvWnjLkpFyXM7eOgs2dmnWemQFZHmhW47Sr-sp8-7K3PPbQR6d0h9MNmSP2e_SiOY4erawOqfznjdAp0yP-LHM5AwBuP8e5plB6yUx-_CfpAIk=w1200-h800|https://lh3.googleusercontent.com/gps-cs-s/AHVAwerBLuQc67xOoNVrvv19uBIiQuX40S0Pmdm7MaXjf_Ri-uCNaSwUKtnJlia3F7eJjIgqs3haJ-nlWaqO-2oNB_Y2QRnhjWy8bvp3Aq7ckLJdYmdfcCzt52AimO7tluDTRH63V8j-=w1200-h800|https://lh3.googleusercontent.com/gps-cs-s/AHVAweolVrYj0CYzLP8OHBDZtYjZ5WlSG0Pu0mp6inRJp6tV_NOjxvUQRIge0outq9CswaNoObKRdsKtwj-5Lbns6q2pr4d_hyt0xnbKFBdraL2iPJ2jv-QiJLsOaqcL08qq2SywSxfu5w=w1200-h800
"Kids Day Care building 61 sector D Market, DHA 2, Islamabad,pakistan","4b Plaza 61, d Street 2A, Sector D DHA Phase II, Islamabad, 44000, Pakistan",Islamabad,DHA,+92 330 5864899,http://www.kidsdaycare.pk/,5,41,33.5373289,73.1556766,ChIJiwGojuzt3zgR8eUksTACPgQ,,"https://www.google.com/maps/place/Kids+Day+Care+building+61+sector+D+Market,+DHA+2,+Islamabad,pakistan/data=!4m7!3m6!1s0x38dfedec8ea8018b:0x43e0230b124e5f1!8m2!3d33.5373289!4d73.1556766!16s%2Fg%2F11ltb22h33!19sChIJiwGojuzt3zgR8eUksTACPgQ?authuser=0&hl=en&rclk=1",daycare in DHA Islamabad,Day care center,{},[],https://lh3.googleusercontent.com/gps-cs-s/AHVAwerBLuQc67xOoNVrvv19uBIiQuX40S0Pmdm7MaXjf_Ri-uCNaSwUKtnJlia3F7eJjIgqs3haJ-nlWaqO-2oNB_Y2QRnhjWy8bvp3Aq7ckLJdYmdfcCzt52AimO7tluDTRH63V8j-=w1200-h800|https://lh3.googleusercontent.com/gps-cs-s/AHVAwerV1AiFLuzR3Uzi-NmSd3zEoLhNeM8qqkTW5qjV7noPQR2mS8PwCLY_KSby-YVsV7vA1ElUOmi87zRmtzT0XMH1cGpqktGlm9PwJBS6jqTZ1dn5FVVsZUXpTzzB-r5P7k9_ZU0e=w1200-h800|https://lh3.googleusercontent.com/gps-cs-s/AHVAweq_L5o5iZdXB0Y9oupYeg5bowg2Nuwrv3lJk9cQ9vhXbpqYxgekgmxM47bmToavWaplSW5qESgo-ZeH-eu5ukkV0HlykpogryiI7iBbNrAQzAy1toWwDTKbD3NwKfS6fvf-w6nNwyxUDhk=w1200-h800|https://lh3.googleusercontent.com/gps-cs-s/AHVAweoWplsjQgCNR48HBq5P9Dy_893iihVCdhF5YKaj6iN5YvFcWeX5hE0cPXbJX62ISyQbZtvZPQhtRyTTOaJagAHyxIq-71_pR63inU3Q-VkPNzyIGHVrPB84E28syX9YBU3fpJtHNg=w1200-h800
Zee Toddlers Day Care & Nursery Programs,"Orchid 2, Mini Extension, Street 2, near Save Mart, Sector F DHA Phase 1, Rawalpindi, 46000, Pakistan",Islamabad,DHA Phase 1,+92 305 5017777,https://zeetoddlers.zcss.edu.pk/,4.7,55,33.5209163,73.0987338,0x38dfedab4108c86d:0,,"https://www.google.com/maps/place/Zee+Toddlers+Day+Care+%26+Nursery+Programs/@33.5209163,73.0987338,17z/data=!3m1!4b1!4m6!3m5!1s0x38dfedab4108c86d:0x20e57e6c2fda7fd8!8m2!3d33.5209163!4d73.0987338!16s%2Fg%2F11j43kb6jt?authuser=0&hl=en&entry=ttu&g_ep=EgoyMDI2MDQwMS4wIKXMDSoASAFQAw%3D%3D",daycare in DHA Islamabad,Day care center,{},"[{""author"": ""Doctor Of soul"", ""rating"": 5, ""text"": ""Zee Toddlers Day Care and Nursery Programme maintains an exceptional standard in both its services and environment. The workplace is clean, safe, and thoughtfully organized to support children’s learning and development. Their teaching and care system reflects professionalism, structure, and consistency, ensuring every child receives individual attention. The staff is not only well-trained but also genuinely caring, which builds a strong sense of trust and comfort for both parents and children. Their consistent performance and transparent communication make Zee Toddlers a truly reliable and commendable early childhood center."", ""date"": ""4 months ago""}, {""author"": ""Doctor Of soul"", ""rating"": 5, ""text"": ""Zee Toddlers Day Care and Nursery Programme maintains an exceptional standard in both its services and environment. The workplace is clean, safe, and thoughtfully organized to support children’s learning and development. Their teaching and care system reflects professionalism, structure, and consistency, ensuring every child receives individual attention. The staff is not only well-trained but also genuinely caring, which builds a strong sense of trust and comfort for both parents and children. Their consistent performance and transparent communication make Zee Toddlers a truly reliable and commendable early childhood center."", ""date"": ""4 months ago""}, {""author"": ""Mahnoor Malik"", ""rating"": 5, ""text"": ""Zee Toddlers & Day Care offers outstanding care and early education for children. The staff is warm, attentive, and highly professional, creating a safe and nurturing environment where children can learn, grow, and thrive. Their programs focus on both development and education, giving every child the best start. Highly recommended for parents seeking quality childcare and early learning."", ""date"": ""6 months ago""}, {""author"": ""Mahnoor Malik"", ""rating"": 5, ""text"": ""Zee Toddlers & Day Care offers outstanding care and early education for children. The staff is warm, attentive, and highly professional, creating a safe and nurturing environment where children can learn, grow, and thrive. Their programs focus on both development and education, giving every child the best start. Highly recommended for parents seeking quality childcare and early learning."", ""date"": ""6 months ago""}, {""author"": ""Sabeel Raja"", ""rating"": 5, ""text"": ""Salam zee toddler Day care &Nursery program is the best place where to admit the child in day care system. All the staff members are well educated and groomed. They take care of  your child with very well mannerd.I really appreciated by the staff.I request all the parents to admit there child in zee toddler  Day care. I highly recommend Ed zee toddler  Day care. Thanks"", ""date"": ""7 months ago""}]",https://lh3.googleusercontent.com/gps-cs-s/AHVAweoVehX0ElLQDtLy7qg3_ew55OJf7xhjk0XFEWOnoqQed0z9x_vb1rOhYmBR0OoiMy89ufW44F4OLwE6YxZMH-ziUvzSOC-nkgDdwyn2FKSkew-sV1sO_zbpcTUka4UyI55AiZnrJnJ2PMrC=w1200-h800|https://lh3.googleusercontent.com/gps-cs-s/AHVAweqAlzcheO-GT1U_bgk5Vd_7ksOikLIIh98EllOINSvx7rAltfLTnRWu-EV2jVPl0qhSbQT4zbwwyfeba-jHdELwl0Lw3uEDRhTvHKA33Un4BELDWS-wxnXUgQWfCk3g0RkkOw6Zt6V1amcZ=w1200-h800|https://lh3.googleusercontent.com/gps-cs-s/AHVAwep2XqpAUnEoq0jO4y8PqEfWrb3suVNk9LTRcMnIBngraIjVdfHRT_i33jRl9ZZJBZ725SVwuTZIIbt8M5179uRiCet_s5YGrYwrfLf1ikpfuP8sFtg848OKwMUd0Up-lemX7EIawReaFQ5s=w1200-h800|https://lh3.googleusercontent.com/a/ACg8ocJP46Nxo0WluGkSjdyTfv-HYjLiUgXKxVUKh6gHbHbFaf0ucQ=w1200-h800
Kreative Kinder Haus,"Sector D DHA Phase II, Islamabad, Pakistan",Islamabad,DHA,+92 300 8309000,http://www.kreativekinderhaus.com/,4.4,12,33.5376875,73.1555625,0x38dfedf705fe4edf:0,,"https://www.google.com/maps/place/Kreative+Kinder+Haus/@33.5376875,73.1555625,17z/data=!3m1!4b1!4m6!3m5!1s0x38dfedf705fe4edf:0xf4c03acf5c2ae3e3!8m2!3d33.5376875!4d73.1555625!16s%2Fg%2F11q1q7gtj5?authuser=0&hl=en&entry=ttu&g_ep=EgoyMDI2MDQwMS4wIKXMDSoASAFQAw%3D%3D",daycare in DHA Islamabad,Kindergarten,{},"[{""author"": ""Tania Nadeem"", ""rating"": 5, ""text"": ""Excellent school, no 1 position in Rawalpindi islamabad"", ""date"": ""5 months ago""}, {""author"": ""Tania Nadeem"", ""rating"": 5, ""text"": ""Excellent school, no 1 position in Rawalpindi islamabad"", ""date"": ""5 months ago""}, {""author"": ""Nasir khurshid"", ""rating"": 4, ""text"": """", ""date"": ""3 years ago""}, {""author"": ""Nasir khurshid"", ""rating"": 4, ""text"": """", ""date"": ""3 years ago""}, {""author"": ""Sidra SEMAAB"", ""rating"": 5, ""text"": """", ""date"": ""a year ago""}]",https://lh3.googleusercontent.com/gps-cs-s/AHVAweo2H3TKgiMOm4PKheEGH6Sw9qhEdNFxJ06aFaI3IM9L2mg8tb6MpqWSn3xsyf6Yno0KDLcgELvwi_d3HvQhBRtRUe9Bs6Mj8rCLfQvd2Gpj5-8AWPYInYhjLF0qxwOUaSm31TdzcQ=w1200-h800|https://lh3.googleusercontent.com/gps-cs-s/AHVAwer424eWV4rYqJ5GTdnxrztgB5PjhkWxKr33rYkMrooMKsuw_3wgwDZMsMSsX5dODEkGkbHsAtgyeGwMeUMTasWVbaY7Y63ZF-8YywjBYOZBaEJW2zPt6BJsnOQshvOiJCNKjclp7A=w1200-h800|https://lh3.googleusercontent.com/gps-cs-s/AHVAweoqWtdCUgGe_HoUMT-T7JS4ShAVkTmhC4vnZAQoZkvylYzbOfZQSCBaoE59FyzQicN3WX5HIOqwfGIPJ8lnQkhSL7BSLNeAVR_CGfxWZ2jX8vcBzye6FXowU6N_wurewYPQnJRt=w1200-h800|https://lh3.googleusercontent.com/a/ACg8ocK9j18_gjAQyxS4dvjEdLWniMBCXSuM6FH5kVG5jB-9dxGVBg=w1200-h800
BUTTERFLY DAY CARE,"241 Rohtas Rd, G-9/1 MPCHS G 9/1 G-9, Islamabad, Pakistan",Islamabad,G-9/1,+92 313 5283935,https://business.google.com/create?fp=14143250953269310774&hl=en&authuser=0&gmbsrc=-en-et-ip-z-gmb-s-z-l~mrc%7Cclaimbz%7Cu&ppsrc=GMBMI&utm_campaign=-en-et-ip-z-gmb-s-z-l~mrc%7Cclaimbz%7Cu&utm_source=gmb_mrc81&utm_medium=et&getstarted&lis=0,4,4,33.6849168,73.0334555,ChIJsd1rby6-3zgRNnXSzs7rRsQ,,https://www.google.com/maps/place/BUTTERFLY+DAY+CARE/data=!4m7!3m6!1s0x38dfbe2e6f6bddb1:0xc446ebceced27536!8m2!3d33.6849168!4d73.0334555!16s%2Fg%2F11hd225r3y!19sChIJsd1rby6-3zgRNnXSzs7rRsQ?authuser=0&hl=en&rclk=1,daycare in G-9 Islamabad,Day care center,{},"[{""author"": ""GAMING BEAST"", ""rating"": 5, ""text"": ""Best Day Care in town with most affordable rates."", ""date"": ""7 years ago""}, {""author"": ""GAMING BEAST"", ""rating"": 5, ""text"": ""Best Day Care in town with most affordable rates."", ""date"": ""7 years ago""}, {""author"": ""SAM"", ""rating"": 5, ""text"": ""My experience with Butterfly is awesome"", ""date"": ""7 years ago""}, {""author"": ""SAM"", ""rating"": 5, ""text"": ""My experience with Butterfly is awesome"", ""date"": ""7 years ago""}, {""author"": ""Muhammad saleem"", ""rating"": 5, ""text"": ""Best day in twin cities."", ""date"": ""6 years ago""}]",https://lh3.googleusercontent.com/gps-cs-s/AHVAwervTqlMyKGXwdqm98NFi1yggBd0Rt_xTyFSyXSgjOV_3CN6Oa43gi45vbPzdhOuYLTcxobNO7H3DYMfc7S_RkKyDd-RAxCgX4YT_ZbeaGxSsEe4bikUfBIc9e88Sr6yoesj9rrl=w1200-h800|https://lh3.googleusercontent.com/a-/ALV-UjWNhG-1cGJIvS2NFjKKWy0ckMMhWlK28mLkm9Hpw3QS-P3093e4=w1200-h800|https://lh3.googleusercontent.com/a/ACg8ocJSci-5XHrbZ61ASJRkgkJNGguxx5CGBuWMm0xlUMdMtyqO_A=w1200-h800|https://lh3.googleusercontent.com/a/ACg8ocLvFWR_t4E2eCRnVAAfUMk_UCVuXisF2MKEDMRkQGAYdvDs=w1200-h800
"The Lynx School, Daycare and Kindergarten Rawalpindi","80-A Iran Rd, A Block Block A Satellite Town, Rawalpindi, 44000, Pakistan",Islamabad,Satellite Town,+92 51 4852285,http://www.thelynxschool.edu.pk/,4.7,20,33.6390669,73.0782093,ChIJx20NSiiV3zgRax7Kb1oH2Rk,,"https://www.google.com/maps/place/The+Lynx+School,+Daycare+and+Kindergarten+Rawalpindi/data=!4m7!3m6!1s0x38df95284a0d6dc7:0x19d9075a6fca1e6b!8m2!3d33.6390669!4d73.0782093!16s%2Fg%2F11c75vv59n!19sChIJx20NSiiV3zgRax7Kb1oH2Rk?authuser=0&hl=en&rclk=1",daycare in Bahria Town Islamabad,Preschool,{},"[{""author"": ""Safya Rahim"", ""rating"": 5, ""text"": ""Absolutely love how this school nurtures and supports the growth of every child. The care and dedication of the staff are truly remarkable, creating an environment where kids can thrive both academically and personally. It's wonderful to see our children grow into confident and well-rounded individuals here!"", ""date"": ""a year ago""}, {""author"": ""Safya Rahim"", ""rating"": 5, ""text"": ""Absolutely love how this school nurtures and supports the growth of every child. The care and dedication of the staff are truly remarkable, creating an environment where kids can thrive both academically and personally. It's wonderful to see our children grow into confident and well-rounded individuals here!"", ""date"": ""a year ago""}, {""author"": ""Dil Shad"", ""rating"": 5, ""text"": ""One of best school for our kids to learn everything. Teachers are hardworking and Principal is so cooperative .  Honest opinion to send your kids here for their strong base. My both kids are happy to learn from here.  We don't need to put more effort on kids after sending to this school."", ""date"": ""Edited 3 years ago""}, {""author"": ""Dil Shad"", ""rating"": 5, ""text"": ""One of best school for our kids to learn everything. Teachers are hardworking and Principal is so cooperative .  Honest opinion to send your kids here for their strong base. My both kids are happy to learn from here.  We don't need to put more effort on kids after sending to this school."", ""date"": ""Edited 3 years ago""}, {""author"": ""Aiman Sheikh"", ""rating"": 5, ""text"": ""I never saw a school better than Lynx in all aspects either we talk about Teachers, ambiance , students safety or their education or we may discuss students mental health … Lynx is the best 👍🏻 …"", ""date"": ""2 years ago""}]",https://lh3.googleusercontent.com/gps-cs-s/AHVAwepcyt9famC_uD4V2nGR7rTQBQ0VSPNmfaXGVYSp9ueVdHkULg3XPFr5KQW_Z9qP2uStxcfz0T8caSmJ6y8iqCisMFq-NZrOQY6zlRuYRGWipJ5ih-yP0vGt8h56vOighCp2ErQT6w=w1200-h800|https://lh3.googleusercontent.com/gps-cs-s/AHVAweoJivMPEG9DeqdbMmNr6UtWXxBUbmmY1o-Y5Hs5psbqEaF5b9L5H4NKq5pWRHTw_1QKeBFGdIKhEzSmSKjGZfvVkcAiEWKUXPG0jv_ByBHYKO35r13i22IGjzapZEHa0ecTCxegmw=w1200-h800|https://lh3.googleusercontent.com/gps-cs-s/AHVAwepcpLX9oy5htmbyszeouD05cqjyUg_uN57vIvAO5hyaB1pCY-RXszaJpkbTPA1QlkAM47VcWrgI6b6CwHtI7og4QXEXuue3UsTKoja7LAO2cczvOEfdN4sSDzIkIrhQ0_P07he7Zw=w1200-h800|https://lh3.googleusercontent.com/a/ACg8ocKKWbbfAE1PkKb-cl1B-iGMCmzX53XRQH0zSGsBxM5z3Hke0Q=w1200-h800
Islamic Day-Care (IDC) Center & Instill School,"House 22 Street 22, Gulzar Gulzar e Quaid, Quaid, 75000, Pakistan",Islamabad,Gulzar Gulzar e Quaid,+92 324 8057411,,4.9,35,33.5998008,73.1292624,ChIJZVav6U_t3zgRbtLJdsGmxMg,,https://www.google.com/maps/place/Islamic+Day-Care+%28IDC%29+Center+%26+Instill+School/data=!4m7!3m6!1s0x38dfed4fe9af5665:0xc8c4a6c176c9d26e!8m2!3d33.5998008!4d73.1292624!16s%2Fg%2F11h51_41dg!19sChIJZVav6U_t3zgRbtLJdsGmxMg?authuser=0&hl=en&rclk=1,daycare in Bahria Town Islamabad,Day care center,{},"[{""author"": ""Farrukh Gondal"", ""rating"": 1, ""text"": ""I’ve been with this daycare for years, and it honestly breaks my heart to say this, but things have changed so much. The new policies feel more like barriers than support. It seems they’ve forgotten that parents are their biggest supporters, not just customers.\nThis place once had warmth, understanding, and a personal touch. Now it feels cold, rigid, and distant. Every new rule feels like it’s made for their convenience, not for the families who stood by them for so long.\nIt’s painful to watch something that once felt like family turn into a business that no longer listens. I truly hope they remember what made people trust them in the first place."", ""date"": ""5 months ago""}, {""author"": ""Farrukh Gondal"", ""rating"": 1, ""text"": ""I’ve been with this daycare for years, and it honestly breaks my heart to say this, but things have changed so much. The new policies feel more like barriers than support. It seems they’ve forgotten that parents are their biggest supporters, not just customers.\nThis place once had warmth, understanding, and a personal touch. Now it feels cold, rigid, and distant. Every new rule feels like it’s made for their convenience, not for the families who stood by them for so long.\nIt’s painful to watch something that once felt like family turn into a business that no longer listens. I truly hope they remember what made people trust them in the first place."", ""date"": ""5 months ago""}, {""author"": ""sumavia Ali"", ""rating"": 5, ""text"": ""I am absolutely delighted with the care and service provided by IDC.The staff are exceptional - they are warm, caring, and professional. The daily reports and regular updates from the staff keep me informed about my child's activities, meals, and sleep patterns. Thank you to the entire team for providing exceptional care and support to my child!"", ""date"": ""a year ago""}, {""author"": ""sumavia Ali"", ""rating"": 5, ""text"": ""I am absolutely delighted with the care and service provided by IDC.The staff are exceptional - they are warm, caring, and professional. The daily reports and regular updates from the staff keep me informed about my child's activities, meals, and sleep patterns. Thank you to the entire team for providing exceptional care and support to my child!"", ""date"": ""a year ago""}, {""author"": ""Basit Khan"", ""rating"": 5, ""text"": ""One of the best day care in gulzar e Quaid. We are very satisfied with this daycare. Our daughter stays fresh every day, and a lot of attention is given to cleanliness."", ""date"": ""11 months ago""}]",https://lh3.googleusercontent.com/gps-cs-s/AHVAweo6_bfLQUmwOOh6XhTmAa2hMjc7WZOJoAb3Sq1wb3FYxKp_mfzQ9zHU-wWeI-GKpkkfGzf0PexO7zTpybtbdhQJGP6ppBfwpF959_VWZ3Tp8M_kYHXEIt7jXSDEZjHJmJ57Onc=w1200-h800|https://lh3.googleusercontent.com/gps-cs-s/AHVAwerlEvSoYnQcN0nRfS_ojaKiL9OTiDkz2U5Gd3ZK0X7tCYVcfngoxil97QtMdAKzfn_Kwb3j71WZ7BTEvlRUBa21cDLyF2vZWHZo0M0d9snXZ-zpwGrDoda1CJAhQ8i8sdTkhKUu=w1200-h800|https://lh3.googleusercontent.com/gps-cs-s/AHVAweoMCkDh2maTdFgiAEBBdKooNPemC83mREVtyMVD1IHkBwKta0RSLy7DR61TKS99mUDxcO8IqUHNcqvV9K7Ug986ZZrONQBzsVHG_p1w3cc-RCHMZriedXFtbhMI6ief_j1zXRM=w1200-h800|https://lh3.googleusercontent.com/a-/ALV-UjXyGqAqJldce5kwsc9LJLZDzbo1pG3lp8xhi-igDS-aQpvOMe05=w1200-h800
Mantaq Montessori,"2nd Floor, 52, Marina Commercial Plaza, 4 Corniche Road, Phase Phase 4 Bahria Town, Islamabad, 46220, Pakistan",Islamabad,Bahria Town,+92 344 9045693,https://www.themantaq.com/,4,4,33.5487719,73.1379649,ChIJ6W1Mz7ft3zgRsoDN2y_Z75k,,https://www.google.com/maps/place/Mantaq+Montessori/data=!4m7!3m6!1s0x38dfedb7cf4c6de9:0x99efd92fdbcd80b2!8m2!3d33.5487719!4d73.1379649!16s%2Fg%2F11w8m09t7p!19sChIJ6W1Mz7ft3zgRsoDN2y_Z75k?authuser=0&hl=en&rclk=1,daycare in Bahria Town Islamabad,Preschool,{},"[{""author"": ""Asif Chemicals"", ""rating"": 5, ""text"": ""Best Montessori my little one loves to go there, teacher is so sweet and cooperative, I can’t imagine that I can find a sincere person like her"", ""date"": ""a year ago""}, {""author"": ""Asif Chemicals"", ""rating"": 5, ""text"": ""Best Montessori my little one loves to go there, teacher is so sweet and cooperative, I can’t imagine that I can find a sincere person like her"", ""date"": ""a year ago""}, {""author"": ""Sana Tahir Official"", ""rating"": 1, ""text"": ""What kind of school is this where the number given is either switched off or no one receives calls, so what was the need to give the number?"", ""date"": ""11 months ago""}, {""author"": ""Sana Tahir Official"", ""rating"": 1, ""text"": ""What kind of school is this where the number given is either switched off or no one receives calls, so what was the need to give the number?"", ""date"": ""11 months ago""}, {""author"": ""Sadia Tasleem"", ""rating"": 5, ""text"": ""My niece loves this place."", ""date"": ""a year ago""}]",https://lh3.googleusercontent.com/gps-cs-s/AHVAweoujX3UAmCct9xbkFmVav0Q-paFqNfP9WdS3FuKMxylzJyt89LAgYDZ-aDR9Au0ewKXSG2R48dHH7OdVv9t7qhqtljC-4euLxZHrH51wx6En2xHoKdCD1zimYBYirakL9rkcxzvjg=w1200-h800|https://lh3.googleusercontent.com/gps-cs-s/AHVAwerGWcOE32hywHXzZJBZwKszWLLldvSlhfSABSv1Z_4PWKoUCjEE1YJakV_SHPH1mkHF5odElUHwsnRIJlUGv87TSxVPp9gL-dHrc-8BrxepofBiN4-gaqMrOEWihqfoGNTb2rbz=w1200-h800|https://lh3.googleusercontent.com/a/ACg8ocKnSCcyqhTiD_iF_Wf7_-uogF53dwr02k9ru2jO9cOVAG7NvQ=w1200-h800|https://lh3.googleusercontent.com/a-/ALV-UjXDvPv7kQ7eL3i5xmJxr6eP-Z607GSW-upFNIMzxr6ekzxlfsJA=w1200-h800
"Edu21, The 21st Century School","Main GT Road, Entrance, near Bahria Town, Rawalpindi, Pakistan",Islamabad,Bahria Town,+92 334 5552779,https://edu21.edu.pk/,5,1,33.5457267,73.1053466,0x38dfecf8ce1290dd:0,,"https://www.google.com/maps/place/Edu21,+The+21st+Century+School/@33.5457267,73.1053466,17z/data=!3m1!4b1!4m6!3m5!1s0x38dfecf8ce1290dd:0xca2c66fae12f17fd!8m2!3d33.5457267!4d73.1053466!16s%2Fg%2F11hchwgzll?authuser=0&hl=en&entry=ttu&g_ep=EgoyMDI2MDQwMS4wIKXMDSoASAFQAw%3D%3D",daycare in Bahria Town Islamabad,International school,{},[],https://lh3.googleusercontent.com/gps-cs-s/AHVAweofr_uhppnX-mDNkcu10YrDeb7NBnuOR_il_CiLDOCUz4N8HLocpK-_hgurrikpuGin5ZXop_n34eRS7gNavBPK-bhqYwO99INNeBq0eTLauvebCExvhzN-4HcGkCnuhkvcOh5m=w1200-h800|https://lh3.googleusercontent.com/gps-cs-s/AHVAwepsg-nJ1ClIHdv1zPJlSaBKtHVBeC-qbtREJPou13JzNKHNDG8lvFkMGD0pq7GeITT2lIpupXzepBvHVXZswzY_aVUO5QVW2kndsiDpnSXts-tZFT3AFR4rCc6Ig5d6LwZEqVo9=w1200-h800|https://lh3.googleusercontent.com/gps-cs-s/AHVAwerYVZnaElebmctpOv2HeesdWrUbwhUD9cLBZOTmyzFJxabNDx6u6dBw3nYNVp7LIjJSeQqftMkIdFe51-7zIAa2bG1ukrwWqH9xOGgRKSVfiNG3O-tjtzk0j468_mSV6FcmsGUL=w1200-h800|https://lh3.googleusercontent.com/gps-cs-s/AHVAwepXFmlTZpX7LCC32Ifoe4-B0onA4tEkSwdFQHtGJ2ZpArGElkv9fDJn6LGDhPhkrEHWms3Lrf46DbvJR_uJLfO2l66WtOBVQb3xFmjb080ZmEBFkSkVQQX9BhSG8Gj8k6jtGK0=w1200-h800
Learning Sprouts,"257 Spring North,Phase 7 Bahria Town, Rawalpindi, Pakistan, 44000",Islamabad,Bahria Town,+92 321 6660013,https://www.facebook.com/learningsproutsmontessori/,4.5,11,33.5212365,73.0875997,ChIJZSme5HWT3zgRRX-eNgHMfsI,,https://www.google.com/maps/place/Learning+Sprouts/data=!4m7!3m6!1s0x38df9375e49e2965:0xc27ecc01369e7f45!8m2!3d33.5212365!4d73.0875997!16s%2Fg%2F11fn1m3slm!19sChIJZSme5HWT3zgRRX-eNgHMfsI?authuser=0&hl=en&rclk=1,daycare in Bahria Town Islamabad,Preschool,{},"[{""author"": ""Roha Wajahat"", ""rating"": 5, ""text"": ""The best school in twin cities especially for young kids who require special one to one attention. The teachers and principal really know well what they are doing and their efforts are remarkable! My son went from non verbal to verbal in just 3 months! Highly recommended! 💐❤️ …"", ""date"": ""10 months ago""}, {""author"": ""Roha Wajahat"", ""rating"": 5, ""text"": ""The best school in twin cities especially for young kids who require special one to one attention. The teachers and principal really know well what they are doing and their efforts are remarkable! My son went from non verbal to verbal in just 3 months! Highly recommended! 💐❤️ …"", ""date"": ""10 months ago""}, {""author"": ""Khurshid Samad"", ""rating"": 5, ""text"": ""My experience with the staff at Learning Sprouts School was exceptional. They exhibited professionalism and a cooperative attitude. Their teaching approach is not conventional; it focuses on concepts, enabling children to gain practical understanding rather than mere memorization. I believe any negative comments about them may be motivated by defame motives rather than genuine criticism. Overall, my experience has been excellent. I commend the Learning Sprouts team for their outstanding work. Keep up the good work \""Team Learning Sprouts\""."", ""date"": ""2 years ago""}, {""author"": ""Khurshid Samad"", ""rating"": 5, ""text"": ""My experience with the staff at Learning Sprouts School was exceptional. They exhibited professionalism and a cooperative attitude. Their teaching approach is not conventional; it focuses on concepts, enabling children to gain practical understanding rather than mere memorization. I believe any negative comments about them may be motivated by defame motives rather than genuine criticism. Overall, my experience has been excellent. I commend the Learning Sprouts team for their outstanding work. Keep up the good work \""Team Learning Sprouts\""."", ""date"": ""2 years ago""}, {""author"": ""saudiii"", ""rating"": 5, ""text"": ""My child attends Learning Sprouts, and we couldn't be happier with the experience. The school's personalized approach to education has helped our child excel academically and develop valuable life skills. They emphasize character development and provide a safe, stimulating environment. Communication with the school is excellent, and we highly recommend it for parents seeking a well-rounded education for their child."", ""date"": ""2 years ago""}]",https://lh3.googleusercontent.com/gps-cs-s/AHVAwep0qC0-VcyDWGApvRrOOU3SrmVooP9wKz849nB2mQ5ROQfBBDfVfEoB33vhj_352RMTMq0eOaL6qOvMle9dg0lyVRPgHAc60Xeor_ErH36BNs2vB9YgCIGJsHnNu5gjDdbFFpfZNg=w1200-h800|https://lh3.googleusercontent.com/gps-cs-s/AHVAwer7oo1zwORPTkGZONiKpVPOZyGXLzt_k9Wa1usfc40W2AQba3UAeUypTyRJxuS7uLLeV4ZF21jzUrDE95eiUo4-yXTtGESA9hHVExe2SuvkMmKE7dybxXoc4pDUOqNZ2vqX4Ok3=w1200-h800|https://lh3.googleusercontent.com/gps-cs-s/AHVAweoVZsIflvXgva8Pa8vy1AI-b0OjB2Ehg0D615jN6iKWORSjR7CnSl8SWIBD3bydfhL_c-VZop4vs72BXhwxAaC-LoGiEq621EN0O5av9MDsX91ikmnW82K6vOXtYA7vbkBhS8kZgw=w1200-h800|https://lh3.googleusercontent.com/a/ACg8ocLp_IYfULvgKjTo43beYD2EB80RWrR7rClrZ91lc5sE5Vo2v8K5=w1200-h800
"""Shoots""International Montessori High School","Office#1-5 Street 28, Safari Homes Sector B, Commercial Phase 8 Bahria Town, Rawalpindi, Pakistan",Islamabad,Bahria Town,+92 304 8990009,https://shootsschool.com/,5,1,33.4991665,73.1088569,0x38dff309d144ba95:0,,"https://www.google.com/maps/place/%22Shoots%22International+Montessori+High+School/@33.4991665,73.1088569,17z/data=!3m1!4b1!4m6!3m5!1s0x38dff309d144ba95:0xc65a7b537f08b18!8m2!3d33.4991665!4d73.1088569!16s%2Fg%2F11r4h23bc_?authuser=0&hl=en&entry=ttu&g_ep=EgoyMDI2MDQwMS4wIKXMDSoASAFQAw%3D%3D",daycare in Bahria Town Islamabad,International school,{},[],https://lh3.googleusercontent.com/gps-cs-s/AHVAwerW1q9vZJ_Mv4xekqjDdrIKFtFMm0c1_EwRBHLyIw8fpr25TNCy-CTsQnAjyJdVzqaH3wBI5htNxysEvOFUXLhzB4HjDIO9Ano4WdRlR7LshdCBVWCLa4vpxHYR6adtDJhcNUdk2A=w1200-h800|https://lh3.googleusercontent.com/gps-cs-s/AHVAwer_T0iyISBRFZ80S6fXxL6DRz7jkcXfRFI28AxbMDc8F42QOtSAKokgPrbzBQuH2E6B9WEhGW30ie65NrPoI-XWZlRaCyqx83X_Hew7vhIDyrMz5c7CpF62GTvu6iqcJUHeY4PqKmDwcLtC=w1200-h800|https://lh3.googleusercontent.com/gps-cs-s/AHVAwer-1evRdf9OVKhj6JJ0js5WDyEyECfhQ_jG74iwK-R8FuxYJK6VyvHB-iGtu7Npwu3mFo1iv0VrlGeh6aO4XFuqX_GFt8R0FROGldryTCt03-cymCRWFYyrg527vIFeuv570_huxlPWP168=w1200-h800|https://lh3.googleusercontent.com/gps-cs-s/AHVAweq4y2FKas8PpzPMhSsiw3DW73fu378wwX0ehl8JSqG1ZsWW75dKdONFx1bvK5KYktt8nw3qnKRSvGp64MJN-zRVn-FhtUKTeLX0lbS601Pgh2FTLY3R6sB1J_CnqWGFp5aT89tx8NKXGR6J=w1200-h800
Class The Learning Center,"1st Floor, Building#75, Taw Seen Complex, Civic Center, Bahria Town, Rawalpindi, Pakistan, 46000",Islamabad,Bahria Town,92 0330-5933537,https://www.facebook.com/ClassCenterForLearning/,0,0,33.6161162,73.086108,ChIJJ-dT4p1OeiwRXV-29xn8SKc,,https://www.google.com/maps/place/Class+The+Learning+Center/data=!4m7!3m6!1s0x2c7a4e9de253e727:0xa748fc19f7b65f5d!8m2!3d33.6161162!4d73.086108!16s%2Fg%2F11wv_lc4qj!19sChIJJ-dT4p1OeiwRXV-29xn8SKc?authuser=0&hl=en&rclk=1,daycare in Bahria Town Islamabad,Adult education school,{},[],
STL Rehabilitation Centre Bahria | School for Slow Learner | Autism Centre | Home Schooling | School for Down Syndrome,"Town, Kareem Heights (Plaza, 19 Rafi Commercial Bahria, 8 phase Rafi Block Bahria Town, Rawalpindi, 46300, Pakistan",Islamabad,Bahria Town,+92 331 1119106,https://www.stlrehabilitation.com/,4.1,9,33.5013495,73.0972938,ChIJ6XrtLGl-5kARIVy0Gfe1sRQ,,https://www.google.com/maps/place/STL+Rehabilitation+Centre+Bahria+%7C+School+for+Slow+Learner+%7C+Autism+Centre+%7C+Home+Schooling+%7C+School+for+Down+Syndrome/data=!4m7!3m6!1s0x40e67e692ced7ae9:0x14b1b5f719b45c21!8m2!3d33.5013495!4d73.0972938!16s%2Fg%2F11yb7xcrcn!19sChIJ6XrtLGl-5kARIVy0Gfe1sRQ?authuser=0&hl=en&rclk=1,daycare in Bahria Town Islamabad,Rehabilitation center,{},"[{""author"": ""Iqi Mohsin"", ""rating"": 1, ""text"": ""My kid went here for two months and no single progress ulta mra beta or worst hota gya behavr m...my kid was nrml but hypractv with bhvr issues and inhn ne usko autistic bchon ke sath bithaya mra beta sb kuch woe krny lga...\nThr staff is not certified plus waste of money no managemnt...\nNot recommended"", ""date"": ""2 months ago""}, {""author"": ""Iqi Mohsin"", ""rating"": 1, ""text"": ""My kid went here for two months and no single progress ulta mra beta or worst hota gya behavr m...my kid was nrml but hypractv with bhvr issues and inhn ne usko autistic bchon ke sath bithaya mra beta sb kuch woe krny lga...\nThr staff is not certified plus waste of money no managemnt...\nNot recommended"", ""date"": ""2 months ago""}, {""author"": ""Basharat Farooq"", ""rating"": 5, ""text"": ""5+ about an amazing Rehabilitation program for autistic and slow learners! The dedicated staff, who are professionally updated, provide a caring atmosphere and engaging training programs, truly empowering these special minds!\"""", ""date"": ""a year ago""}, {""author"": ""Basharat Farooq"", ""rating"": 5, ""text"": ""5+ about an amazing Rehabilitation program for autistic and slow learners! The dedicated staff, who are professionally updated, provide a caring atmosphere and engaging training programs, truly empowering these special minds!\"""", ""date"": ""a year ago""}, {""author"": ""Akram Khan"", ""rating"": 5, ""text"": ""completely impressed with STL'sprofessionalism,\nteaching,voccational,\nself help skills and rehabilitation services.\n“The ambiance here is always inviting and comfortable.”"", ""date"": ""a year ago""}]",https://lh3.googleusercontent.com/gps-cs-s/AHVAweq8bnb0zHGoF6l-k2zVxNp7gPRP3FncII1DxkQlPcTPChLJysIOIkIOgX1IPltjyeYwGN05UdhvpDmRRwwk4nljT6azZo8I7lbh4sI21DXQB5ID0_pgI46-8Zv-PQwE4LiZBbw=w1200-h800|https://lh3.googleusercontent.com/gps-cs-s/AHVAweppx_2du0ulpfqcdj3OF-KXLhdGSzHkFO8KZfcHSKbIcJmkDhGzD7U8xdXgvtYBaQUrgeAYtJTEyqDM4-LB7kvMnRcQF4N7dN8yUl2QLUQFu5FwbbHCMH7PkE97_cDCoCRyeAhO7iCmcu4=w1200-h800|https://lh3.googleusercontent.com/a-/ALV-UjW6oUM1Kze6PuYVKKie-v2JnnBJEgoG41SPjlBufEmsTsk-ic4K=w1200-h800|https://lh3.googleusercontent.com/a-/ALV-UjWsCuh_-mr1fXVVPGQFMxM8gCbmqlgIDiLmYU9iYbAd0BY5mpOk=w1200-h800
Coral Preschool & Activity Centre,"Building 184, Road 16، Bahria Intellectual Village Ph# 7 Bahria Town, Rawalpindi, 46220, Pakistan",Islamabad,Bahria Town,+92 333 5405041,https://corallearning.net/,4.4,24,33.5226615,73.0920501,0x38dfed1146c82b0b:0,,"https://www.google.com/maps/place/Coral+Preschool+%26+Activity+Centre/@33.5226615,73.0920501,17z/data=!3m1!4b1!4m6!3m5!1s0x38dfed1146c82b0b:0x8da2562d62b0aa6b!8m2!3d33.5226615!4d73.0920501!16s%2Fg%2F11rjjhv58n?authuser=0&hl=en&entry=ttu&g_ep=EgoyMDI2MDQwMS4wIKXMDSoASAFQAw%3D%3D",daycare in Bahria Town Islamabad,Preschool,{},"[{""author"": ""Maria"", ""rating"": 5, ""text"": ""My 5 year old son was always excited to go to Coral that proved how wonderful this cosy and lovely environment is for kids. The tidy classrooms and fun, educational activities provided excellent learning opportunities for his young mind. The professional teachers created a nurturing space where he thrived. I deeply appreciate Ms. Narjis's exceptional leadership in fostering such a positive atmosphere. All the teachers especially ma’am Asma’s loving and tender care was invaluable in helping him settle in with ease. This preschool beautifully demonstrates that it takes great minds to nurture little hearts. We wholeheartedly recommend it as an enriching early learning haven for any family seeking a wonderful start for their child."", ""date"": ""11 months ago""}, {""author"": ""Maria"", ""rating"": 5, ""text"": ""My 5 year old son was always excited to go to Coral that proved how wonderful this cosy and lovely environment is for kids. The tidy classrooms and fun, educational activities provided excellent learning opportunities for his young mind. The professional teachers created a nurturing space where he thrived. I deeply appreciate Ms. Narjis's exceptional leadership in fostering such a positive atmosphere. All the teachers especially ma’am Asma’s loving and tender care was invaluable in helping him settle in with ease. This preschool beautifully demonstrates that it takes great minds to nurture little hearts. We wholeheartedly recommend it as an enriching early learning haven for any family seeking a wonderful start for their child."", ""date"": ""11 months ago""}, {""author"": ""Soma Irtaza"", ""rating"": 5, ""text"": ""We had a truly wonderful experience with Coral. The environment makes kids feel comfortable and welcomed right from the start. My daughter has become more confident in socializing, and she always comes home happy, carrying fond memories of her time there.\n\nA special mention for Mam Narjis — she is such a kind soul, always cooperative and understanding in every discussion.\n\nHighly recommended for parents looking for a safe, nurturing, and joyful place for their little ones — especially for first-time school goers. 💛"", ""date"": ""6 months ago""}, {""author"": ""Soma Irtaza"", ""rating"": 5, ""text"": ""We had a truly wonderful experience with Coral. The environment makes kids feel comfortable and welcomed right from the start. My daughter has become more confident in socializing, and she always comes home happy, carrying fond memories of her time there.\n\nA special mention for Mam Narjis — she is such a kind soul, always cooperative and understanding in every discussion.\n\nHighly recommended for parents looking for a safe, nurturing, and joyful place for their little ones — especially for first-time school goers. 💛"", ""date"": ""6 months ago""}, {""author"": ""QH"", ""rating"": 4, ""text"": ""My daughter attended Coral Preschool for 2 months and showed very good progress in her learning and confidence. The staff is friendly, caring, and supportive. Overall, a nurturing and positive environment for young children."", ""date"": ""3 months ago""}]",https://lh3.googleusercontent.com/gps-cs-s/AHVAwepdw7vy5ET_Jwb6qvMIqZm9E2LGBCHnCx1rnTRXumck0Ch-wKJggaJvACN2aXK3Y9lOCVAGT1ooULaPGg43MiB8IGSfOszL536bWTmGhC031Oq4iYiF5hujv7HiXFDR4s-hxaGM-g=w1200-h800|https://lh3.googleusercontent.com/gps-cs-s/AHVAweqfmq-MtkUu0h8-si-Z0vKp29l_z5xHeozmzI6U9vseyzL2wSzeMQ7gnNDmcnbtOQu4ws1Fv1_MBEu2MCNkvOmYif3WpdRW5zWeEIq7aTMeH5pg-ctbuJqtqCYH6VUStpu4ps0=w1200-h800|https://lh3.googleusercontent.com/gps-cs-s/AHVAweoS-BUAOgAPkbKXsjUODdymSEPZ-mtgc40JZUqJaeN3Fz9ZmZqbUAyiE182zMXQFfF6peClC1Sk9XyE7m6ytKuNmKHZpjDXqvfN46_WBRDBSKdLi_8PgGHpYjfXG4fbzel4mBjs=w1200-h800|https://lh3.googleusercontent.com/a-/ALV-UjWWZmLpe7J-0O4TomizzzAgJ4ymM_-3X-x7nSmTze72K6C3sto=w1200-h800
Hudaya Montessori,"106 Daffodil Road, River View Commercial Bahria Town Phase-VII Islamabad, 46220, Pakistan",Islamabad,Bahria Town,+92 333 6162691,https://www.facebook.com/hudaya.montessori,5,3,33.5252684,73.1120821,0x38dfedec43daf739:0,,"https://www.google.com/maps/place/Hudaya+Montessori/@33.5252684,73.1120821,17z/data=!3m1!4b1!4m6!3m5!1s0x38dfedec43daf739:0xa433315d56572051!8m2!3d33.5252684!4d73.1120821!16s%2Fg%2F11sfjl9jdw?authuser=0&hl=en&entry=ttu&g_ep=EgoyMDI2MDQwMS4wIKXMDSoASAFQAw%3D%3D",daycare in Bahria Town Islamabad,Montessori preschool,{},"[{""author"": ""Muhammad Mohid"", ""rating"": 5, ""text"": ""⭐️⭐️⭐️⭐️⭐️\nHudaya Montessori is truly a beacon of Islamic learning and spiritual growth. The teachers are incredibly dedicated, knowledgeable, and teach with sincerity and love for the Qur’an and Sunnah. 🌿\nI’m deeply grateful for the guidance, discipline, and peaceful environment this Montessori provides. May Allah bless the entire team and make Hudaya Montessori a source of light for many more hearts🤍📖✨"", ""date"": ""5 months ago""}, {""author"": ""Muhammad Mohid"", ""rating"": 5, ""text"": ""⭐️⭐️⭐️⭐️⭐️\nHudaya Montessori is truly a beacon of Islamic learning and spiritual growth. The teachers are incredibly dedicated, knowledgeable, and teach with sincerity and love for the Qur’an and Sunnah. 🌿\nI’m deeply grateful for the guidance, discipline, and peaceful environment this Montessori provides. May Allah bless the entire team and make Hudaya Montessori a source of light for many more hearts🤍📖✨"", ""date"": ""5 months ago""}, {""author"": ""Prof Dr Qaisar Ali Malik"", ""rating"": 5, ""text"": ""One of the best pre school for kids of Bahria, DHA and surrounding areas.\n\nFor the parents who are looking for a learning environment, based on Islamic principles integrated with contemporary education, Hudaya Montessori is the right place for your children's early education.\n\nHighly caring staff and conducive atmosphere of the school, makes it the right place for your kids to join and get educated.\n\nHighly recommended."", ""date"": ""3 years ago""}, {""author"": ""Prof Dr Qaisar Ali Malik"", ""rating"": 5, ""text"": ""One of the best pre school for kids of Bahria, DHA and surrounding areas.\n\nFor the parents who are looking for a learning environment, based on Islamic principles integrated with contemporary education, Hudaya Montessori is the right place for your children's early education.\n\nHighly caring staff and conducive atmosphere of the school, makes it the right place for your kids to join and get educated.\n\nHighly recommended."", ""date"": ""3 years ago""}, {""author"": ""Amreen.A Waqar"", ""rating"": 5, ""text"": ""A place of my dreams Alhamdullilah. I don't have words to thank Allah to make me a part of such noble people. Alhamdullilah!"", ""date"": ""3 years ago""}]",https://lh3.googleusercontent.com/gps-cs-s/AHVAweo-ELdiKeJsSQci51NNXoz9J1Ogn90Z4Q_vyOxSqN9HSliFWjQ1DcCgVzZ7WPsvwutDRqzcjqtVgUisOtF0NQlaql3Eq95IWRa9u1K5yB9Ua5wA0tw6C9zC0DO8NwGBjcsyw_Ov=w1200-h800|https://lh3.googleusercontent.com/gps-cs-s/AHVAwergsK2JNAWi8NzSHvme6wEGzHed1OuRo80pS9Wu6kyscx2BqV0ncWB30Hsm4Gpkwer8B_PjkTpxIgMmxgbwvsipcb88C-kLsDVitTEfLFP8iHBqF85kdJyUOCwVKMTd0H5a1v2DvA=w1200-h800|https://lh3.googleusercontent.com/a-/ALV-UjW4-0JJiwA86e_5k8C6zv0__KqS9ZcIVQW6O-mC47NrX_poJC2N=w1200-h800|https://lh3.googleusercontent.com/a-/ALV-UjXRHs5AwcXsm3yQi2TXhPs3a_BuQvjUhIaxHoayUCa7XKYaHIL0nQ=w1200-h800
Scholars World Academy,"safari, Bahria, near Nazeer Begum Memorial Hospital, Bahria Safari Valley Safari Valley Commercial Block valley, Rawalpindi, 46000, Pakistan",Islamabad,Bahria Safari Valley,+92 331 5178717,https://www.instagram.com/scholar_world7?igsh=ZTlkb2owanh5Nmdv,5,29,33.4922275,73.09585,ChIJZWI8A1vz3zgRCuCSRlci_dQ,,https://www.google.com/maps/place/Scholars+World+Academy/data=!4m7!3m6!1s0x38dff35b033c6265:0xd4fd22574692e00a!8m2!3d33.4922275!4d73.09585!16s%2Fg%2F11yp80xd_l!19sChIJZWI8A1vz3zgRCuCSRlci_dQ?authuser=0&hl=en&rclk=1,daycare in Bahria Town Islamabad,After school program,{},"[{""author"": ""Taha Atif"", ""rating"": 5, ""text"": ""I’ve had a great experience with this academy. The teachers explain concepts clearly and focus on building real understanding instead of just memorizing. The environment is comfortable, classes are well-managed, and regular tests help keep students on track. It’s a good place for students of 9th, 10th, 11th, and 12th grades who want solid preparation and consistent support."", ""date"": ""4 months ago""}, {""author"": ""Taha Atif"", ""rating"": 5, ""text"": ""I’ve had a great experience with this academy. The teachers explain concepts clearly and focus on building real understanding instead of just memorizing. The environment is comfortable, classes are well-managed, and regular tests help keep students on track. It’s a good place for students of 9th, 10th, 11th, and 12th grades who want solid preparation and consistent support."", ""date"": ""4 months ago""}, {""author"": ""Akber Abbas Zaidi"", ""rating"": 5, ""text"": ""It is the best academy i m studying in so far with top quality teachers which really helps a student like me to memorize and concepts and score great in exams"", ""date"": ""4 months ago""}, {""author"": ""Akber Abbas Zaidi"", ""rating"": 5, ""text"": ""It is the best academy i m studying in so far with top quality teachers which really helps a student like me to memorize and concepts and score great in exams"", ""date"": ""4 months ago""}, {""author"": ""Azhaan Afzal"", ""rating"": 5, ""text"": ""I am having very good experience since I have joined this academy.Qualified teachers and explains concept in very good way"", ""date"": ""4 months ago""}]",https://lh3.googleusercontent.com/gps-cs-s/AHVAwerxfk6E1pootuZUcLSySwb8GRHXmn4uHpN0lNFy3CcxKK-zoS0B9_flROzPOxPU8lvW1VmkF5rLmT_vDno6Hbhp449SCR48MA67djGeVEyecQLE-YsI8KqxZhsPW_p9UUQijAzelnpeewa0=w1200-h800|https://lh3.googleusercontent.com/gps-cs-s/AHVAwerirnRA23o2PMyeJiH1HXpSVUUwTw4CG81t2lrMCvZ6obSzR5yb763KtEqsivUc9mlpFVEsGaDk44JaA-e75rx3ytrM72TUE8nOSFADSWqqEeO9_ieGqOv40FMxgJdkkfU_tK8eumb3v0Y=w1200-h800|https://lh3.googleusercontent.com/a-/ALV-UjX4J77KCjIshxzC0maDhdiHy8H7lTdFYLF7pNf9iBRd0R0MkIla=w1200-h800|https://lh3.googleusercontent.com/a-/ALV-UjWtkWOT1f3HTSDEsTQBFnnRK7pOn0cIz09yXGp8_abYeimcO3c=w1200-h800
MOTHERLAND DAY CARE CENTER,"HOUSE # 111, 1A Street 7, Faisal Colony, Rawalpindi, Pakistan",Islamabad,Faisal Colony,+92 331 8555434,https://motherland-daycarecenter.vercel.app/,4.8,26,33.5996835,73.1253918,ChIJPcdOFoTt3zgR_GWS5wnDzPY,,https://www.google.com/maps/place/MOTHERLAND+DAY+CARE+CENTER/data=!4m7!3m6!1s0x38dfed84164ec73d:0xf6ccc309e79265fc!8m2!3d33.5996835!4d73.1253918!16s%2Fg%2F11q_015js8!19sChIJPcdOFoTt3zgR_GWS5wnDzPY?authuser=0&hl=en&rclk=1,daycare in Bahria Town Islamabad,Day care center,{},"[{""author"": ""natasha azam"", ""rating"": 5, ""text"": ""My experience with motherland daycare is simply amazing and satisfying.\nThe owner is very caring and decent lady\nMy son was only 3 months old when we get admission in this daycare. Now He is one year old MashaAllah. He is very happy and healthy. The environment of daycare center is neat and clean. The owner has very friendly nature and she is much much cooperative with working mother's like me. I highly recommend this daycare for your little one."", ""date"": ""a month ago""}, {""author"": ""natasha azam"", ""rating"": 5, ""text"": ""My experience with motherland daycare is simply amazing and satisfying.\nThe owner is very caring and decent lady\nMy son was only 3 months old when we get admission in this daycare. Now He is one year old MashaAllah. He is very happy and healthy. The environment of daycare center is neat and clean. The owner has very friendly nature and she is much much cooperative with working mother's like me. I highly recommend this daycare for your little one."", ""date"": ""a month ago""}, {""author"": ""Beenish Shoukat"", ""rating"": 5, ""text"": ""I’m really thankful to have found Motherland Day Care Center. It has been such a relief as a working parent to know my child is safe and well cared for during the day. Ma'am is kind and attentive, and they treat the kids like their own. The environment is clean, safe, and full of warmth. I truly appreciate the love and care they give to the children. Highly recommended for any parent looking for peace of mind."", ""date"": ""a month ago""}, {""author"": ""Beenish Shoukat"", ""rating"": 5, ""text"": ""I’m really thankful to have found Motherland Day Care Center. It has been such a relief as a working parent to know my child is safe and well cared for during the day. Ma'am is kind and attentive, and they treat the kids like their own. The environment is clean, safe, and full of warmth. I truly appreciate the love and care they give to the children. Highly recommended for any parent looking for peace of mind."", ""date"": ""a month ago""}, {""author"": ""Shanaz Sharif"", ""rating"": 5, ""text"": ""I am very satisfied with this daycare. My child has been attending for the past one year, and the aunty take very good care of the children. I go to work in the morning and return in the evening, so my child stays there full-time. I feel completely relaxed because I know my child is in safe hands.\nThey look after my child very well, and my child is also very comfortable and happy there. The environment is caring and supportive. I highly recommend this daycare to anyone who is looking for a safe and reliable place for their child."", ""date"": ""a month ago""}]",https://lh3.googleusercontent.com/gps-cs-s/AHVAwerZdFhQqbL_GqEHhc8G8sz-mv-NGexeCuBq3ZKF4r_2B4ifDwQwqQRQV0cVZJ0-YQoT8-G5OazIuUFgO3BpPGtexUxNZdB-SeU0JfPiattf1azoVMewoDg5lRXXQjYSLGLOPwokemrcZUg=w1200-h800|https://lh3.googleusercontent.com/gps-cs-s/AHVAwer1SFTG_tVlDKAUziqmYMpG2BH3n8PzERggU88OQ-M8pIjs-AYe97EDQYulS4ERdpF_sgjaJki_liVZ-JV03KXe25Z3lbu0cHPNTYjhE2HpF3os44i9uREEb7xVwrFzZrXzHn2PSBCKIS8s=w1200-h800|https://lh3.googleusercontent.com/gps-cs-s/AHVAwerV1T-PUbp9BuNm5d5kZ9ztG8yBmSiJslLlMJcBTIcw3YeftEfmd2oJIbTGlfoVu4LzyB0H8uEZvf1L1JVCypgh_NHBLuDQGJuqykzF_JhOmJdu7LgCO24iaXfbtNIAU86pYjyNvywCfAdx=w1200-h800|https://lh3.googleusercontent.com/gps-cs-s/AHVAweqA9qLA6dSA1CjLsJbTZonL36T5k4qJp465F2Xi2wgG6dKtStxTB4PHmdiYAyEaJAKXs22HjlACQ9YaSEmS7vvFKCx8Ywk6JguJeezd_UQGnDzwS9pur4EU77ZNNH_ySX3D4VIX=w1200-h800
Seedlings Day Care & Montessori,"53-D Aslam Shaheed Road tulsa road next to labelle bueaty saloon near Riaz-ul-Jinna Mosque old lalazar, Rawalpindi, Pakistan",Islamabad,Lalazar,0314 5253265,,4.8,4,33.5655821,73.0460562,0x38df930b8f2a7831:0,,"https://www.google.com/maps/place/Seedlings+Day+Care+%26+Montessori/@33.5655821,73.0460562,17z/data=!3m1!4b1!4m6!3m5!1s0x38df930b8f2a7831:0xfba72f0afebb5b31!8m2!3d33.5655821!4d73.0460562!16s%2Fg%2F11c6sksmhl?authuser=0&hl=en&entry=ttu&g_ep=EgoyMDI2MDQwMS4wIKXMDSoASAFQAw%3D%3D",daycare in Bahria Town Islamabad,Montessori preschool,{},"[{""author"": ""Shahabal Hamdani"", ""rating"": 5, ""text"": ""Highly recommended"", ""date"": ""a month ago""}, {""author"": ""Shahabal Hamdani"", ""rating"": 5, ""text"": ""Highly recommended"", ""date"": ""a month ago""}, {""author"": ""Honi Hina"", ""rating"": 5, ""text"": """", ""date"": ""4 years ago""}, {""author"": ""Honi Hina"", ""rating"": 5, ""text"": """", ""date"": ""4 years ago""}, {""author"": ""Anam Azeem"", ""rating"": 4, ""text"": """", ""date"": ""5 years ago""}]",https://lh3.googleusercontent.com/gps-cs-s/AHVAweo6bSmRyET-QNG1txrz8q5wJAtjVtBNR1FLWoR4ajsWXtTuWTYy_psx-BFA1JU87wJOJpy6eAwbIfDtxAG2_5w13vwrl4ZYC42TVJV-eNvmeStB1zmZi08-HKnmNWBqo0vU_Ai4=w1200-h800|https://lh3.googleusercontent.com/gps-cs-s/AHVAwep5KvFobizkZBEqR8isXl-e_KuC9ZTgF77FtyOBYPyz8RicGq_JfaCegtMR33lKYR8Gack7wdK9zvGM_WZqWh_oHRKxPOnajIKPb100qtpfzgqr9JmpkXEQGmdLU3H7RV-6mFXu=w1200-h800|https://lh3.googleusercontent.com/a/ACg8ocKZklQu4k16xvZhq0GFJ2WDiT321nO5rfXitLeeqzGyPWj0Rw=w1200-h800|https://lh3.googleusercontent.com/a/ACg8ocItukY_dxKTez2KM8ZS_p1VrUxGNTlZ4aGoROR7Va_rGJYu0Wo=w1200-h800
Preschool Academy,"Hub Commercial bahria town phase 8, Rawalpindi, 44000, Pakistan",Islamabad,bahria town phase 8,+92 332 5651450,,4.8,8,33.4904285,73.1001432,ChIJJZmfBLPz3zgRfRMcu_4Rn4s,,https://www.google.com/maps/place/Preschool+Academy/data=!4m7!3m6!1s0x38dff3b3049f9925:0x8b9f11febb1c137d!8m2!3d33.4904285!4d73.1001432!16s%2Fg%2F11xp85mw3q!19sChIJJZmfBLPz3zgRfRMcu_4Rn4s?authuser=0&hl=en&rclk=1,daycare in Bahria Town Islamabad,Preschool,{},"[{""author"": ""Mrabbas295"", ""rating"": 5, ""text"": ""Digital literacy is of tremendous importance in this modern era but no worries. Tech and skills Academy will equipped you with computer basics, coding , graphic designing, web development , basic game development, data science etc so i will highly recommend you to get enrolled in this prestigious setup"", ""date"": ""a month ago""}, {""author"": ""Mrabbas295"", ""rating"": 5, ""text"": ""Digital literacy is of tremendous importance in this modern era but no worries. Tech and skills Academy will equipped you with computer basics, coding , graphic designing, web development , basic game development, data science etc so i will highly recommend you to get enrolled in this prestigious setup"", ""date"": ""a month ago""}, {""author"": ""Noman Ejaz"", ""rating"": 5, ""text"": ""Working great in the field of Technology"", ""date"": ""a month ago""}, {""author"": ""Noman Ejaz"", ""rating"": 5, ""text"": ""Working great in the field of Technology"", ""date"": ""a month ago""}, {""author"": ""Muhammad Saalar"", ""rating"": 5, ""text"": ""nice"", ""date"": ""a month ago""}]",https://lh3.googleusercontent.com/gps-cs-s/AHVAweorr_MC_V5aP7pDQng1fFQ7nmIYE7iaisFkyMvjU0a0MpvQwl77Y6aINlo0UQ-6b8GWYvBbJag9k9gkkQhJo17VxJICgRMkJs-ol3sUS7m1jxwaa-Elkdxu25hCpM6xpirdRsodmVj54NSw=w1200-h800|https://lh3.googleusercontent.com/gps-cs-s/AHVAwepkJAnThMkmXhV-I_hIyHu5vq8vDo5VkHACGAXYe3l1p_RiIum1hqSTaUjFsM7_AYUbLlFQPhSg8ZfJ3Hdj_uYUXdnPii4mrLyj6x7sEVyN3q0EL1_i3001_zNikbJN8n0Ib0NvgYzdLFRV=w1200-h800|https://lh3.googleusercontent.com/a/ACg8ocLWvtn8JCaO7D621_BE0Ees2pfkw1THfFY3Cfn_J7LWMpUXyA=w1200-h800|https://lh3.googleusercontent.com/a-/ALV-UjXFuEfMrf7c3AOvx33ju33I2LNZlNrQWz8AeFbSigesAS_BJi7x=w1200-h800
Mini Miracles,"Shop # 3, Plaza # 227 Hub commercial bahria town phase 8 Bahria, 8 phase, Rawalpindi, 46000, Pakistan",Islamabad,bahria town phase 8,+92 333 5021821,,5,5,33.4926592,73.098826,0x38dff3f2600e5343:0,,"https://www.google.com/maps/place/Mini+Miracles/@33.4926592,73.098826,17z/data=!3m1!4b1!4m6!3m5!1s0x38dff3f2600e5343:0x9a1a0d44ee93149!8m2!3d33.4926592!4d73.098826!16s%2Fg%2F11yv2b_c7s?authuser=0&hl=en&entry=ttu&g_ep=EgoyMDI2MDQwMS4wIKXMDSoASAFQAw%3D%3D",daycare in Bahria Town Islamabad,Baby store,{},"[{""author"": ""zubair Ahmed"", ""rating"": 5, ""text"": ""I really recommend shopping at Mini miracles because it is a very clean shop for I don’t worry about my child getting rashes and the owner Shan is really helpful and guided me in what to buy and what is best for my baby"", ""date"": ""3 months ago""}, {""author"": ""zubair Ahmed"", ""rating"": 5, ""text"": ""I really recommend shopping at Mini miracles because it is a very clean shop for I don’t worry about my child getting rashes and the owner Shan is really helpful and guided me in what to buy and what is best for my baby"", ""date"": ""3 months ago""}, {""author"": ""Syeda Naveera"", ""rating"": 5, ""text"": ""Mini Miracles is a lovely baby shop with essential items like diapers, wipes, and feeders. The owner, Shan, is very kind and helpful, making the shopping experience pleasant. Highly recommended!"", ""date"": ""3 months ago""}, {""author"": ""Syeda Naveera"", ""rating"": 5, ""text"": ""Mini Miracles is a lovely baby shop with essential items like diapers, wipes, and feeders. The owner, Shan, is very kind and helpful, making the shopping experience pleasant. Highly recommended!"", ""date"": ""3 months ago""}, {""author"": ""Shafaq Aftab"", ""rating"": 5, ""text"": ""Mini miracles is a really excellent shop with a wide variety of items and really excellent service I was really satisfied shopping especially with the quick service and the owner shan really cooperative and good service"", ""date"": ""3 months ago""}]",https://lh3.googleusercontent.com/gps-cs-s/AHVAwepml6FpqOwyOzoNfyL2-NC6mZ7IzywTTkqg0MggZQBNLNiVQGVliQT8Wx7mB1JJlHlTZDGNpRU4IMHgPXiF8xhvGdlypg8DmWQTT9kRX3lMvepHSO-zHPXmm7UDNygdjAGL0DLHaO-OsMOG=w1200-h800|https://lh3.googleusercontent.com/gps-cs-s/AHVAwer_jg23ucuMB37OjyNuTBuUVFkMCsXbKE5TCWeMgoFWbDxyjAQ8r1Y78qidqn4ZmLaBCQoN86Cacj_VEznLTQaKFGPBTS-UahaGOuCWRHhmn2w6GiWOI1r8ylaTeEMd5UsWiLR9UT2GIbE=w1200-h800|https://lh3.googleusercontent.com/gps-cs-s/AHVAwepgPY1QDq0zFu_fwZgyeW0I7AYPoUEcj9kzNZvrQY7BK8nbQJ4eCxWeCdT5ASffai_rIqsblDKfxU3KrEP3PZkAeu5JOfUuFeJtqgRo6CsQ3ozN6S6mnx3MKW20Sw-Yh_mFv8Btq1M2kmY=w1200-h800|https://lh3.googleusercontent.com/gps-cs-s/AHVAwermaXqSMT6_FQrGYoPVZrhhHCYt2iUQZk6Bn06DTduWy_8Ld24-fijuTq-FlIXxxMdqRuJuNkZw7y8-q8a4BM60bhjWS1K8oNJ-TEjU121tjk3zRqF8-a6PH_nWw5isYJ-ktyWwCTUxGdrY=w1200-h800
Bambi Baby Shop,"241, Ground Floor, Hotel View Square Phase 7 Bahria Springs, Bahria Town, Rawalpindi, 46000, Pakistan",Islamabad,Bahria Town,+92 51 8350025,,2.8,4,33.5214811,73.0880447,0x38dfedf53071613b:0,,"https://www.google.com/maps/place/Bambi+Baby+Shop/@33.5214811,73.0880447,17z/data=!3m1!4b1!4m6!3m5!1s0x38dfedf53071613b:0x698fe97c3e6921f!8m2!3d33.5214811!4d73.0880447!16s%2Fg%2F11mw0m_9fk?authuser=0&hl=en&entry=ttu&g_ep=EgoyMDI2MDQwMS4wIKXMDSoASAFQAw%3D%3D",daycare in Bahria Town Islamabad,Baby store,{},"[{""author"": ""Mir Abdur Rahman"", ""rating"": 1, ""text"": ""There is no shop at the location and they didn't pick up"", ""date"": ""6 months ago""}, {""author"": ""Mir Abdur Rahman"", ""rating"": 1, ""text"": ""There is no shop at the location and they didn't pick up"", ""date"": ""6 months ago""}, {""author"": ""Shakeeb"", ""rating"": 1, ""text"": ""Not a good experience. They don't provide computer-generated receipts, or accept card payments. They don't return clothes, exchange only, even though the sign on the counter says that customers can return clothes for refund. And even exchange only from this branch, not PWD or other branch. And last their prices don't match their website listings."", ""date"": ""3 years ago""}, {""author"": ""Shakeeb"", ""rating"": 1, ""text"": ""Not a good experience. They don't provide computer-generated receipts, or accept card payments. They don't return clothes, exchange only, even though the sign on the counter says that customers can return clothes for refund. And even exchange only from this branch, not PWD or other branch. And last their prices don't match their website listings."", ""date"": ""3 years ago""}, {""author"": ""raza janjua"", ""rating"": 4, ""text"": """", ""date"": ""4 years ago""}]",https://lh3.googleusercontent.com/gps-cs-s/AHVAweo-N5sAGF0Ur4u0ywqGvd_xFD5ynJhYTd7-__VoT7GRilvqVZRjB-i6vNo1W-CF3wpfdMA00Ply8uAvgh7nBbvFWj4TRuMrN3ClXdTiD_YTM9-sl9A-2V2QnzDHTbANItmb2lWD=w1200-h800|https://lh3.googleusercontent.com/gps-cs-s/AHVAweortX9TIUoGS2AszTT2TnpRUvEwFsZAJ8FjTPF6i6mROvRqMycyQ3ILx6t7D0hqVoQ8K1dlibnJLZPSWC04fYIcVhPQO5Vn1lNpOAbSD0lGVlmZSeah-q3NFcW0uBSAHL_fhdQ=w1200-h800|https://lh3.googleusercontent.com/gps-cs-s/AHVAwept5RmUQ6-_waVmXuZtYhAj52htzQzD4mUIlOIi7RrtxGbrE9y5xScNfu7RhLcqcGs-ftJM0QlQs58wOvCCS7qN2Qru_5f0tPDoLUa4YzDkuQDFtcnKg5a9o4E9DTfsw39RXYrr=w1200-h800|https://lh3.googleusercontent.com/a/ACg8ocL6SmpdGhQSXxk9cuBAsNU0bpMrVd_EwGLRd9-rxWmm9t7lfg=w1200-h800
The Revival School (Bahria Town phase 7 Campus),"Near Allah Wala Chowk, Opposite Garden City Gate, Phase 7, Bahria Town, Rawalpindi",Islamabad,Bahria Town,+92 340 8111238,http://revival.edu.pk/,4.5,81,33.5173001,73.1113449,0x38df8d3bba1b2c1f:0,,"https://www.google.com/maps/place/The+Revival+School+(Bahria+Town+phase+7+Campus)/@33.5173001,73.1113449,17z/data=!3m1!4b1!4m6!3m5!1s0x38df8d3bba1b2c1f:0x1572351497c5b0aa!8m2!3d33.5173001!4d73.1113449!16s%2Fg%2F11v5fwf4hc?authuser=0&hl=en&entry=ttu&g_ep=EgoyMDI2MDQwMS4wIKXMDSoASAFQAw%3D%3D",daycare in Bahria Town Islamabad,Religious school,{},[],https://lh3.googleusercontent.com/gps-cs-s/AHVAweqxH_w0zPm5g99mSAAW6_UDdfZz1j6M3RfXFdKmBQAuc-E2e9lIuKaEY0fcbH1ghi5fPQcMTD1BzGrVlSPekWAOi8jg_qDp-uO8yunpOZsiE8mklpTgOLsvm2i7f-YKic8tqORZ=w1200-h800|https://lh3.googleusercontent.com/gps-cs-s/AHVAwepblGk1Gog4F9kx-2g0d2ATYamoT03csWrG5eH4wdhYJUnHZ6aLy9PVoBGULQC8A9X9mVinBoMWrVIpILsZB0C-HR_kesInSIPax_h0CAFtx1PhRcZ3AWFNuOZEJ32JB6VJLjgd=w1200-h800|https://lh3.googleusercontent.com/gps-cs-s/AHVAweqGaE2J4rLu0itPk_ruS-GRWTaVZpukoatFeohSCaVydjjlNVVbBQ9RCsMzD_D7-UpqNoeAg8yk79GRQqKpgirR_dFapsZkw1Lyp6lodyPIzzgI6-JwyGQZW3yxaxfs4qG_glk0=w1200-h800|https://lh3.googleusercontent.com/gps-cs-s/AHVAweqfFq3WJ4XlfUcT6_2op1OLAjd7tibcUzA9elaDoVznofFZWnNtdkJm_kK-j6A9OBwFuoJLSIijE459dC-xmheZy3zL-KXPZLdakqhFaxmG15WegkUTd6vgwpS-VwRc8PR48NxwBg=w1200-h800
Kumon Mathematics and English / Bahria Town Phase 4 Center Islamabad,"Town, Kumon Center, Ground Floor Plaza No 153, Block -D, Street No 2 Civic Center, Bahria Town Phase 4 Bahria, 4 Phase, Islamabad, 44000, Pakistan",Islamabad,Bahria Town Phase 4,+92 347 8884013,https://www.kumon-me.com/pakistan/kumon-bahria-town-phase-4-centre-islamabad/#bookappointment,5,1,33.5492674,73.1229454,0x38dfedc7f1081ca1:0,,"https://www.google.com/maps/place/Kumon+Mathematics+and+English+%2F+Bahria+Town+Phase+4+Center+Islamabad/@33.5492674,73.1229454,17z/data=!3m1!4b1!4m6!3m5!1s0x38dfedc7f1081ca1:0x9c736153de084eb!8m2!3d33.5492674!4d73.1229454!16s%2Fg%2F11vhhpqxj5?authuser=0&hl=en&entry=ttu&g_ep=EgoyMDI2MDQwMS4wIKXMDSoASAFQAw%3D%3D",daycare in Bahria Town Islamabad,Education center,{},"[{""author"": ""Rashad Manzoor"", ""rating"": 5, ""text"": ""Kumon is good programme for children of any age. Actually this programme helps children to be aware of self educating. I am glad my daughter is part of this programme and I know how important is to know the skills of self educating. The whole of Pakistan should use the teaching methods like Kumon but unfortunately I wasn’t part of that skills when I was growing up. I learn this trivk of self education later in my life and still helps me learn new things and I am not shy of doing that. I wish my daughter learn the same trick. The female staff Ma’am Tahniat is wonderful person who is 💯 % dedicated to her work and Kumon.She is the one who is strong link with Kumon branch civic centre phase-4 Bahria Town. She is working hard with kids and actually this is one hood deed she is performing and I hope Allah SWT reward her with great generosity. People like ma’am Tahniat are  very rare in Pakistan and I hope her younger staff can take a leaf of her book.\nI am very happy to have Kumon close to my house and it’s kind of blessing in disguise for me. I hope Kumon and My daughter can finish what they started on good note."", ""date"": ""a year ago""}, {""author"": ""Rashad Manzoor"", ""rating"": 5, ""text"": ""Kumon is good programme for children of any age. Actually this programme helps children to be aware of self educating. I am glad my daughter is part of this programme and I know how important is to know the skills of self educating. The whole of Pakistan should use the teaching methods like Kumon but unfortunately I wasn’t part of that skills when I was growing up. I learn this trivk of self education later in my life and still helps me learn new things and I am not shy of doing that. I wish my daughter learn the same trick. The female staff Ma’am Tahniat is wonderful person who is 💯 % dedicated to her work and Kumon.She is the one who is strong link with Kumon branch civic centre phase-4 Bahria Town. She is working hard with kids and actually this is one hood deed she is performing and I hope Allah SWT reward her with great generosity. People like ma’am Tahniat are  very rare in Pakistan and I hope her younger staff can take a leaf of her book.\nI am very happy to have Kumon close to my house and it’s kind of blessing in disguise for me. I hope Kumon and My daughter can finish what they started on good note."", ""date"": ""a year ago""}]",https://lh3.googleusercontent.com/gps-cs-s/AHVAweq2fY5Tavt7gbwmb2oV2agbgS5Ji4nJAt9sf8_kZkKPDQxwOmgWACh1orxyXdnIZxS-jA_8hDkJajejdy4kbJjqCv8HWIi9xEb40ACKZ5G5tfRlyeZuVtsjnKvqAeNLCvNGWeSRItlDCiw=w1200-h800|https://lh3.googleusercontent.com/gps-cs-s/AHVAweq3wHWkGK1-sCsSZa0UoI1Y4CNfAW3BZZfOqZtKb1scHT_8gjzsPAOip5CL0OvmvmMNzpkCihnzUAvXn4xzP-YgZkekqbX6_KDQrTwtRrJLqqwye83-7Cg-ZL0iKS4wDZXRQ-Uj_-lfwfYn=w1200-h800|https://lh3.googleusercontent.com/gps-cs-s/AHVAweqehgAPaa5G_77tVu9bczgvPslhLHVCJo5xX54BrMrCO52TArA6RARMLKXKxZnMFarQQoTyqqq7kNO5mc1BbgWRt-J2ZI66zKYP4S4V-ZrxfrEUXrjuqm_w6DWQbAdMos4wXl7e=w1200-h800|https://lh3.googleusercontent.com/a-/ALV-UjVhTitUf_snF_-HZsLSuAlPV82HYWUL1cCdQARkKYgYD8dCpVlp=w1200-h800
The Lighthouse School System Bahria Phase 7 Office,"Building Block C, Second Floor Office no #3, Bahria Intellectual Village Phase 7 Bahria Town, Islamabad, Pakistan",Islamabad,Bahria Town,+92 330 6111151,https://lighthouseschoolsystem.com/,4.7,42,33.5195233,73.0871003,0x38df93000e225a81:0,,"https://www.google.com/maps/place/The+Lighthouse+School+System+Bahria+Phase+7+Office/@33.5195233,73.0871003,17z/data=!3m1!4b1!4m6!3m5!1s0x38df93000e225a81:0x3ef3f28fdd824a4c!8m2!3d33.5195233!4d73.0871003!16s%2Fg%2F11w9xt1t9d?authuser=0&hl=en&entry=ttu&g_ep=EgoyMDI2MDQwMS4wIKXMDSoASAFQAw%3D%3D",daycare in Bahria Town Islamabad,Educational institution,{},[],https://lh3.googleusercontent.com/gps-cs-s/AHVAweoK9-hM_JektXcIcjXyga_dwdMhd_yaQl65P0JHdW_yROpEBrL_hN-dWci65iKAh7_bjQvnhyimbwUcf76ZxALWgwsPlWA-d0ks5u74FWoyE73FU8BgU3KpJupvfhI-wo3MnD9UERTQW-9U=w1200-h800|https://lh3.googleusercontent.com/gps-cs-s/AHVAweojF_DjX9ZR4UbSxxRfuxrvqQod0AI7eLv5gnYYt3YEmLTZDmLFcEDReiLofaL6JF9cojcvNvVyN-OflwhFuYKqNqExcpvIi0w8s3T1ah0gWTSa8YHI32pN5SPuqkUYrUb_0Ihk2Dkx26o=w1200-h800|https://lh3.googleusercontent.com/gps-cs-s/AHVAwepC5WYCrQhwe6Rdx8ThoYpaYYL5zqoNJpeSwzF3Qj07AJ0buOz3f3PiRI4g8_2xC66Nr-KVu3rvqxo2GpSJnYKsfyaVvxcxbrULPLUWvXzBG-yTTXwyMmX0qfT4dK14fzx-Git6=w1200-h800|https://lh3.googleusercontent.com/gps-cs-s/AHVAweo-ELdiKeJsSQci51NNXoz9J1Ogn90Z4Q_vyOxSqN9HSliFWjQ1DcCgVzZ7WPsvwutDRqzcjqtVgUisOtF0NQlaql3Eq95IWRa9u1K5yB9Ua5wA0tw6C9zC0DO8NwGBjcsyw_Ov=w1200-h800
DAYCARE (THE LYNX SCHOOL SMC PVT LTD),"House 931 Street 91, I-8/4 I 8/4 I-8, Islamabad, 44000, Pakistan",Islamabad,I-8/4,+92 51 2722107,http://www.thelynxschool.edu.pk/,5,4,33.66427,73.081164,0x38df95226e356f43:0,,"https://www.google.com/maps/place/DAYCARE+(THE+LYNX+SCHOOL+SMC+PVT+LTD)/@33.66427,73.081164,17z/data=!3m1!4b1!4m6!3m5!1s0x38df95226e356f43:0xe681edb45923603!8m2!3d33.66427!4d73.081164!16s%2Fg%2F11jt3dqxr0?authuser=0&hl=en&entry=ttu&g_ep=EgoyMDI2MDQwMS4wIKXMDSoASAFQAw%3D%3D",daycare in Bahria Town Islamabad,Day care center,{},"[{""author"": ""Yasir Abbasi"", ""rating"": 5, ""text"": ""Great atmosphere for kids."", ""date"": ""3 months ago""}, {""author"": ""Yasir Abbasi"", ""rating"": 5, ""text"": ""Great atmosphere for kids."", ""date"": ""3 months ago""}, {""author"": ""SM “EXPLORE YOUR MIND” MALIK"", ""rating"": 5, ""text"": """", ""date"": ""a year ago""}, {""author"": ""SM “EXPLORE YOUR MIND” MALIK"", ""rating"": 5, ""text"": """", ""date"": ""a year ago""}, {""author"": ""Areeba Raja"", ""rating"": 5, ""text"": """", ""date"": ""3 years ago""}]",https://lh3.googleusercontent.com/gps-cs-s/AHVAweqx3EogFsdgzNjlGhURomlTK-cR00otenfKCNwczAbvwolCSvEef6Y-2T8Rp_nesO283NhLpj70KyqsKdVcFAtVASVR0dW3KZYx708bOl77wnHZBY8VjHkqntcEeCM3EfqwiNma=w1200-h800|https://lh3.googleusercontent.com/a-/ALV-UjVetAaobGSPfKFI2XevcrefIszSTG-QvV7YbyVgLeRrcF4ykxIY8g=w1200-h800|https://lh3.googleusercontent.com/a-/ALV-UjX1HALHwJ_RMSamuTyRcicYftR_6z6govzAO7Cq2FtDKYXrFLDZ=w1200-h800|https://lh3.googleusercontent.com/a/ACg8ocIeMoJwGk41yW6I9qGcMqtO8qbsJYu_6SXT6unGXn1HfRBg7M0=w1200-h800
Ibrahim School,"Plot #227 Pine Road Safari Villas-2, Phase-7 Bahria Town, Rawalpindi, Pakistan.",Islamabad,Bahria Town Phase 7,+92 51 5914001,http://www.iisofficial.com/,0,0,33.5377697,73.1065906,ChIJ48xVDgDt3zgRZAViDUm_KeQ,,https://www.google.com/maps/place/Ibrahim+School/data=!4m7!3m6!1s0x38dfed000e55cce3:0xe429bf490d620564!8m2!3d33.5377697!4d73.1065906!16s%2Fg%2F11vr8wm1qp!19sChIJ48xVDgDt3zgRZAViDUm_KeQ?authuser=0&hl=en&rclk=1,daycare in Bahria Town Islamabad,International school,{},[],https://lh3.googleusercontent.com/gps-cs-s/AHVAweqARbTJ72AXnYRZqL9oQ9EJF45gkqTpn2_sAK0ST5-0ZfgDtPM46UlLG7WZNju1FgxSz4ge9EmwqUdqqro250ngiJg-IVUNGQJsVIR_ytIBfyBpsbGnqguX-hlaeR5dnEIleF3hFg=w1200-h800|https://lh3.googleusercontent.com/gps-cs-s/AHVAweqlg5YuhH9lTVzfRucCdmRx2YX3iVeAhSpj6cyKxwuTRkeqI8H3jcoikzBpUOBMNChvYJKb_gwefuFfancLzETEs2EKqcBmzm8PzAwr_vq7Am5wwMEGUbEo_bEXJWA1h00XFU8V=w1200-h800|https://lh3.googleusercontent.com/gps-cs-s/AHVAweoaFM6fzBd0_gAhMYgPU5KsMKadUehHUDQ5h5N1IbrPHpNIADzkP2PWkZAcr63O1fhLgTz763tMeJtrGp0s8WbG3q-wX-Gv2yc6dHdK8nZ_i_VWAclRDnyDbtZLIYuEyma3W-qa=w1200-h800|https://lh3.googleusercontent.com/gps-cs-s/AHVAwepRj0UbxbJIboh6FWBGBu3l8LpdNc9UvYbXK4c3ag9ycPItA4GU8ysxLViWjfIBJndL1GG8YOCNtMqdbZgoHKbqud1NB_PBAJdrcJYM3H-DfR22pOFs2-HvSft1RtBzBCAr8rXyrA=w1200-h800
Creative Minds Education System,"House no. 36-L, Street E-2 Block A, National Police Foundation, O-9 PWD, Islamabad, Pakistan",Islamabad,E-2,+92 328 8586610,https://www.creativeminds.pk/contact/,4.7,14,33.5616532,73.1323954,0x38dfed43b83d6197:0,,"https://www.google.com/maps/place/Creative+Minds+Education+System/@33.5616532,73.1323954,17z/data=!3m1!4b1!4m6!3m5!1s0x38dfed43b83d6197:0xc73a23e1bebcee9f!8m2!3d33.5616532!4d73.1323954!16s%2Fg%2F11pyp2w98g?authuser=0&hl=en&entry=ttu&g_ep=EgoyMDI2MDQwMS4wIKXMDSoASAFQAw%3D%3D",daycare in Bahria Town Islamabad,Educational institution,{},"[{""author"": ""Madiha Gazan"", ""rating"": 5, ""text"": ""I am thrilled to share my outstanding experience with Creative Minds School, the top pick for Bahria Town Islamabad residents. This school genuinely prioritizes every student, offering personalized care and attention. With engaging activities like karate and a variety of enjoyable pursuits, Creative Minds School stands out. My son has grown significantly in confidence, knowledge, and various skills during his formative years here. If you're searching for a school that nurtures intelligence and self-assurance in your child, Creative Minds is undoubtedly the ideal choice in Bahria Town."", ""date"": ""2 years ago""}, {""author"": ""Madiha Gazan"", ""rating"": 5, ""text"": ""I am thrilled to share my outstanding experience with Creative Minds School, the top pick for Bahria Town Islamabad residents. This school genuinely prioritizes every student, offering personalized care and attention. With engaging activities like karate and a variety of enjoyable pursuits, Creative Minds School stands out. My son has grown significantly in confidence, knowledge, and various skills during his formative years here. If you're searching for a school that nurtures intelligence and self-assurance in your child, Creative Minds is undoubtedly the ideal choice in Bahria Town."", ""date"": ""2 years ago""}, {""author"": ""Asmara Shafaq"", ""rating"": 5, ""text"": ""I have been searching for a good academy where my daughter can satisfy her yearning for arts and crafts. My daughter hasd been taking classes for three months and had the best experience of all times. You get to know this when your child awaits for the weekend eagerly and doesn't want to come back home  once she is there😁.... the instructor is very professional, cooperative and friendly . she had  worked hard for improving my child's drawing skills. As my daughter says it and I quote \""  I loved it and it was fun. I had a chance to see  my teacher again  and had fun with her. It was  a great experience \"".PositiveCommunication, Quality, Professionalism, Value"", ""date"": ""5 years ago""}, {""author"": ""Asmara Shafaq"", ""rating"": 5, ""text"": ""I have been searching for a good academy where my daughter can satisfy her yearning for arts and crafts. My daughter hasd been taking classes for three months and had the best experience of all times. You get to know this when your child awaits for the weekend eagerly and doesn't want to come back home  once she is there😁.... the instructor is very professional, cooperative and friendly . she had  worked hard for improving my child's drawing skills. As my daughter says it and I quote \""  I loved it and it was fun. I had a chance to see  my teacher again  and had fun with her. It was  a great experience \"".PositiveCommunication, Quality, Professionalism, Value"", ""date"": ""5 years ago""}, {""author"": ""Beenish Sheikh"", ""rating"": 5, ""text"": ""I came to know about Creative Minds through a friend and i must say that i have seen a significant change in my child's behaviour aswell as his communication power. The credit goes to Ms. Ayesha, who is a powerhouse, a thorough professional, extremely caring and tender towards children. She has put a lot of effort in my child's grooming and learning that is commendable. Always speaking with the right tone with children. She surely knows how to bring out the best in them by practicing such interesting activities ,making schooling so much fun for children.PositiveProfessionalism"", ""date"": ""5 years ago""}]",https://lh3.googleusercontent.com/gps-cs-s/AHVAweoTObXAQBwi6fNBXr4--o-BGeiusz_vG3G8ffTkds64eY2azG6TGxPnbMVH7b6m0rqBu4PiUA5Q44ZzHniRXlKtTWPN7DOBTbBO_YSGEUOlOi1Xx6cQURzYT1-QG6yOgapHHt40=w1200-h800|https://lh3.googleusercontent.com/gps-cs-s/AHVAweqyPLEs_9WFSSq1iG75C7NtAVeUBAFfgBN9Dm4c7iZepXlinsfWhkCUjPiNSvJ8pD1eGVZ4y_YgkfQmvT0s3exppB0acNLxz684yjd0ITHncJWIAoHR2H1aIqHJoJjNBSCtyGO6EA=w1200-h800|https://lh3.googleusercontent.com/a-/ALV-UjV90OHzqJ3vGPJCMMWYlbpfFplro6OLO6q_VItGVJOTutnNxX9p=w1200-h800|https://lh3.googleusercontent.com/a-/ALV-UjUao42Rq-NBoIVmo05_aGPWGevpJztMXJD-bshwcelayJZyysH6Zg=w1200-h800
LEADS EXCELLENCE SCHOOL AND COLLEGE - Bahria Town Campus,"Ahmed Heights (Plaza, 05 Ali Haider Ave, opposite to A.Q.Khan School & College, Bahria Safari Valley Phase 8 Bahria Town, Rawalpindi, 46220, Pakistan",Islamabad,Bahria Town,+92 345 5222921,http://www.leadses.edu.pk/,0,0,33.49105,73.0937753,0x38dff330046fa08f:0,,"https://www.google.com/maps/place/LEADS+EXCELLENCE+SCHOOL+AND+COLLEGE+-+Bahria+Town+Campus/@33.49105,73.0937753,17z/data=!3m1!4b1!4m6!3m5!1s0x38dff330046fa08f:0x44ef8e4f917882a6!8m2!3d33.49105!4d73.0937753!16s%2Fg%2F11hz9hwpgv?authuser=0&hl=en&entry=ttu&g_ep=EgoyMDI2MDQwMS4wIKXMDSoASAFQAw%3D%3D",daycare in Bahria Town Islamabad,Secondary school,{},[],https://lh3.googleusercontent.com/gps-cs-s/AHVAweojKvX7YzmwO5SJsxDaS0R0OTVq_3Yy_P8nSq2pKIxqLr97wVYyK7wip109msaD_Eth3_4rSq1i7x4bXMxoO8tXBCMUQDN8vI540GncI-XiAXt0l-lH3eBNMUXL4oJITMFq9EWl=w1200-h800|https://lh3.googleusercontent.com/gps-cs-s/AHVAweqGPtYEvCUD3P1qboI-EX893k46NCvPWhNYR0J0Ccsf-2tDK9WcZacLLHBTXxx3LbuWx2ivHsBAdIRxzCPUya19-1IBYlBX2GVBob0T5B9vScs9LujouwY-3HApBM-XUiC7W_Dc=w1200-h800|https://lh3.googleusercontent.com/gps-cs-s/AHVAweroWLl5TZrPiUmSqAjw9D-_zS67H3-ClTy4AgH7GcVatMz4Kw4-VjIrSBEUmjlpU5fmqiP5U7q6ttO0mcTKvMVYZi7XvaitTuhFG3yt5CN4vnpI-rjeSXdznJTKtUHKy0jKms_Hfw=w1200-h800|https://lh3.googleusercontent.com/gps-cs-s/AHVAweqDBx9JXPQCW9ibUAiimimOKMTROfUYSMfhLMh-HX0rJEnqFYRQ-hrGp48ycW0YlU9yixHTMc7UC4lCICxX9nqjCiFGF1-a9oFMby7f9TB0Obuz4_GSiJWu52ZpE4rjazCBcux0RA=w1200-h800
Ace International Academy Junior Campus,"Bahria Town Phase 2 Bahria Town, Rawalpindi, Pakistan",Islamabad,Bahria Town Phase 2,051 573-0914,http://www.aceia.edu.pk/,4.4,34,33.5501697,73.1362901,0x38dfeda8133bcecb:0,,"https://www.google.com/maps/place/Ace+International+Academy+Junior+Campus/@33.5501697,73.1362901,17z/data=!3m1!4b1!4m6!3m5!1s0x38dfeda8133bcecb:0xd41804c5344ab5b7!8m2!3d33.5501697!4d73.1362901!16s%2Fg%2F11fy4p9rxh?authuser=0&hl=en&entry=ttu&g_ep=EgoyMDI2MDQwMS4wIKXMDSoASAFQAw%3D%3D",daycare in Bahria Town Islamabad,Educational institution,{},"[{""author"": ""Iram Fatima"", ""rating"": 1, ""text"": ""Worst management۔\nNo lesson planning۔\nNo teaching strategies۔\nEven headmistress don't know how to plan a lesson۔\nNo regular swimming classes ،closed at 8 month out of 9۔\nAvoid to take admission otherwise one day u will regrets to waste your child's time۔\nWaste of money and time both۔"", ""date"": ""8 months ago""}, {""author"": ""Iram Fatima"", ""rating"": 1, ""text"": ""Worst management۔\nNo lesson planning۔\nNo teaching strategies۔\nEven headmistress don't know how to plan a lesson۔\nNo regular swimming classes ،closed at 8 month out of 9۔\nAvoid to take admission otherwise one day u will regrets to waste your child's time۔\nWaste of money and time both۔"", ""date"": ""8 months ago""}, {""author"": ""Ahson Ahmad"", ""rating"": 2, ""text"": ""Not recommended. My daughter and my son are studying for 2 years. School is fine nothing exceptional. But day care is the worst.\nYes they do have a fancy building for day care and good staff but what's the purpose of day care if it is not open especially when working parents need it the most.\nMy son is in day care but thank God we got him into another one in chaklala. Reason being this one needs a sliver of reason to close for long periods without giving any time to make other arrangements.\nIf your child is a bit sick they don't give Medicine even as harmless as panadol. Expect 10 days of holidays for eid when all other days cares close for 3 days.\nThey are not open on Saturdays.  What are parents to do if they work 6 days a week.     Fees is again on higher side."", ""date"": ""a year ago""}, {""author"": ""Ahson Ahmad"", ""rating"": 2, ""text"": ""Not recommended. My daughter and my son are studying for 2 years. School is fine nothing exceptional. But day care is the worst.\nYes they do have a fancy building for day care and good staff but what's the purpose of day care if it is not open especially when working parents need it the most.\nMy son is in day care but thank God we got him into another one in chaklala. Reason being this one needs a sliver of reason to close for long periods without giving any time to make other arrangements.\nIf your child is a bit sick they don't give Medicine even as harmless as panadol. Expect 10 days of holidays for eid when all other days cares close for 3 days.\nThey are not open on Saturdays.  What are parents to do if they work 6 days a week.     Fees is again on higher side."", ""date"": ""a year ago""}, {""author"": ""Haider Hibba"", ""rating"": 5, ""text"": ""I'm I'm this school for years so kind teachers"", ""date"": ""5 months ago""}]",https://lh3.googleusercontent.com/gps-cs-s/AHVAweo4vc0c7IERyITmGVR-xMEE3wjaD45SxN4noj_OpiB3KCavdBjAGniUfs8mEXHDOa1ImVqXsXoXdW9MIBMj1yhiSb7DbhVun-Oc7E8F5yjCGaCaW5xiqBtxK8oBgKop0yEHADLqkA=w1200-h800|https://lh3.googleusercontent.com/gps-cs-s/AHVAwer8mkeRoDmOUpK9MufJCzuebGD3WpnQ71E6vWOuu8bJMb-kH23M9KZTqTYt4EU7mnVTgTh-VVUuZxY_lWsEahk7MtUh9q-SksZKXQD2og5UopAfseZ-m86pKOp78rnfFyelQbihzK2IpjGw=w1200-h800|https://lh3.googleusercontent.com/gps-cs-s/AHVAwerLj0fgNDFTEORf1DyRxXYMIPesPPYkyijBt5LRmkfjj5AuPqwAETyAPxoKd8aHz_3Wk04igA7PKH-v84cxQUsFtlRBHJYvYrk3cW61YnfnHf-2aX1iaYQF2TdC0e9wOvmmHZouZg=w1200-h800|https://lh3.googleusercontent.com/gps-cs-s/AHVAweqLT3FqyYo4X-rgYFQisnQ2vM23FQZG2uLIuWMfFjHmvNBNoMwoVLpeFRgLFnMkIdczkj_EsQrrNxmTC-wLxHtf6RGHF_voLmMnAywXbo2ooWgHZU6WfeAqIFcKeJZY486NtuLS_Q=w1200-h800
AYELEENZ-Imported Baby Goods,"Wallayat Complex, Rabi center, Bahria Town Way, Phase 7, Pakistan",Islamabad,Bahria Town Phase 7,+92 335 2666888,https://business.google.com/create?fp=313517880801374440&hl=en&authuser=0&gmbsrc=-en-et-ip-z-gmb-s-z-l~mrc%7Cclaimbz%7Cu&ppsrc=GMBMI&utm_campaign=-en-et-ip-z-gmb-s-z-l~mrc%7Cclaimbz%7Cu&utm_source=gmb_mrc81&utm_medium=et&getstarted&lis=0,3.9,7,33.5341727,73.1139693,0x38dfed46d4119ab9:0,,"https://www.google.com/maps/place/AYELEENZ-Imported+Baby+Goods/@33.5341727,73.1139693,17z/data=!3m1!4b1!4m6!3m5!1s0x38dfed46d4119ab9:0x459d6d9fbe630e8!8m2!3d33.5341727!4d73.1139693!16s%2Fg%2F11rgbs584c?authuser=0&hl=en&entry=ttu&g_ep=EgoyMDI2MDQwMS4wIKXMDSoASAFQAw%3D%3D",daycare in Bahria Town Islamabad,Baby store,{},"[{""author"": ""Hibah Fatima Mehboob"", ""rating"": 5, ""text"": ""I purchased a baby cot from Ayeleenz and have been very impressed with both the quality and functionality. The cot feels solid and well-built, offering great safety and comfort for my baby. The materials are smooth and baby-safe. It was also easy to assemble, with clear instructions. I appreciate the attention to detail and would happily recommend Ayeleenz to any parent looking for reliable baby furniture."", ""date"": ""5 months ago""}, {""author"": ""Hibah Fatima Mehboob"", ""rating"": 5, ""text"": ""I purchased a baby cot from Ayeleenz and have been very impressed with both the quality and functionality. The cot feels solid and well-built, offering great safety and comfort for my baby. The materials are smooth and baby-safe. It was also easy to assemble, with clear instructions. I appreciate the attention to detail and would happily recommend Ayeleenz to any parent looking for reliable baby furniture."", ""date"": ""5 months ago""}, {""author"": ""Qadeer Sethi"", ""rating"": 5, ""text"": ""Store with genuine products and reasonable prices."", ""date"": ""Edited 6 months ago""}, {""author"": ""Qadeer Sethi"", ""rating"": 5, ""text"": ""Store with genuine products and reasonable prices."", ""date"": ""Edited 6 months ago""}, {""author"": ""jack aston"", ""rating"": 1, ""text"": ""Such a bad experience with them. Extremely unprofessional behavior. Used abusive language. Will never order anything from them."", ""date"": ""4 years ago""}]",https://lh3.googleusercontent.com/gps-cs-s/AHVAweo9uEtE9jbSze7eSM29l1FNh8wWYDObJmMQDCl7d0XNhQwOBE013ROxJ4HlAQONh7j1KnjhJ7Df3ON42pxhh60cD9y4ddVSrAyJbsr0Q_x3cZxexYT-ikxhsQQresRFIKJHA97tZQ=w1200-h800|https://lh3.googleusercontent.com/gps-cs-s/AHVAweq7NSpBG9uacjEOnQwaEOGDIZStPD2PM6G_sqDdRkhF64umXLVUPX26nbDSl_xVKb0KvyUP66Usm61l6INnHuoGChZ0c4MmELfO7tyyG8PTnfuk51JSWqEvHgz5kVut2JWFH35Z=w1200-h800|https://lh3.googleusercontent.com/gps-cs-s/AHVAweoMwqNhT7Zg0UUFGSDkc5UUzH985-b-Z5bSLHxxgHMbphdBU-icJVgbO4F2IAapROL76e_7fedL_M6q7tiI1wSq1Tj6-Zh1QwD-VjDYY4qb6IcvERrLJ7iNBW-W04yvvTeBzZoCTkEdSitW=w1200-h800|https://lh3.googleusercontent.com/a-/ALV-UjUJkp3rr2elErRBSfxlH4LklTNXHZuHuIN9_27LNe-WsrHFzpAaNw=w1200-h800
ELF Montessori,"Street 100, I-8/4 I 8/4 I-8, Islamabad, 46000, Pakistan",Islamabad,I-8/4,+92 321 8543298,https://elfmontessorischool.com/,5,28,33.6628311,73.0774053,0x38df9516ab3c7c9d:0,,"https://www.google.com/maps/place/ELF+Montessori/@33.6628311,73.0774053,17z/data=!3m1!4b1!4m6!3m5!1s0x38df9516ab3c7c9d:0x211d04c2e93e4a44!8m2!3d33.6628311!4d73.0774053!16s%2Fg%2F11tc8mtgn5?authuser=0&hl=en&entry=ttu&g_ep=EgoyMDI2MDQwMS4wIKXMDSoASAFQAw%3D%3D",montessori school Islamabad,Montessori school,{},"[{""author"": ""Iqra A."", ""rating"": 5, ""text"": ""Elf has been a truly fulfilling and enriching experience for our son since the very first day, Alhamdulillah. The system, the environment, the staff, the peers - the entire package has been such a positive impact on our son. They focus on each child individually instead of following the one shoe fits all approach of our traditional school systems, encouraging each child to grow and explore themselves at their own pace. We consider ourselves very lucky to have had the chance for M to transition into his school life through Elf Montessori. This is a shout out to the entire Elf Team! Thank you for all the effort, kindness and compassion you pour into our kids. You're the best co-parents ever! 🤪"", ""date"": ""4 months ago""}, {""author"": ""Iqra A."", ""rating"": 5, ""text"": ""Elf has been a truly fulfilling and enriching experience for our son since the very first day, Alhamdulillah. The system, the environment, the staff, the peers - the entire package has been such a positive impact on our son. They focus on each child individually instead of following the one shoe fits all approach of our traditional school systems, encouraging each child to grow and explore themselves at their own pace. We consider ourselves very lucky to have had the chance for M to transition into his school life through Elf Montessori. This is a shout out to the entire Elf Team! Thank you for all the effort, kindness and compassion you pour into our kids. You're the best co-parents ever! 🤪"", ""date"": ""4 months ago""}, {""author"": ""Ayesha Ali"", ""rating"": 5, ""text"": ""ELF Montessori is more than just a school - it's a community that shares our values and priorities.\nWe're so impressed with the way it nurtures the whole child - academically, emotionally, and socially. The teachers create a safe, supportive environment that encourages independence, self-confidence, and kindness. The school's commitment to fostering a sense of curiosity, creativity, and critical thinking has been incredible to witness. Our child has thrived in this setting, and we've seen significant improvements in his emotional regulation and social skills.\nWe feel lucky to have found such a special place for our child to grow and learn."", ""date"": ""11 months ago""}, {""author"": ""Ayesha Ali"", ""rating"": 5, ""text"": ""ELF Montessori is more than just a school - it's a community that shares our values and priorities.\nWe're so impressed with the way it nurtures the whole child - academically, emotionally, and socially. The teachers create a safe, supportive environment that encourages independence, self-confidence, and kindness. The school's commitment to fostering a sense of curiosity, creativity, and critical thinking has been incredible to witness. Our child has thrived in this setting, and we've seen significant improvements in his emotional regulation and social skills.\nWe feel lucky to have found such a special place for our child to grow and learn."", ""date"": ""11 months ago""}, {""author"": ""Sumaiya Sikander"", ""rating"": 5, ""text"": ""I loved how the Montessori approach was genuinely followed — children were given the freedom to make their own choices and explore independently, which helped build their confidence and curiosity. This school felt very different from most others in the area, in the best possible way. I’m truly grateful for the positive, nurturing experience my daughter had here."", ""date"": ""8 months ago""}]",https://lh3.googleusercontent.com/gps-cs-s/AHVAwepUHb_rsF_-ACZw2uAuG9WU4pneNxvfh9_QYGkb-Aps0a7MLrVT7UV1mHjj_4NFV1YIAZezx2XPGJCZ6Uum_V1pOtlVkg2tcaRCXTaP46xzvvANxHD-kMAh3pT3ptn_cYNevzOluOCDHQ=w1200-h800|https://lh3.googleusercontent.com/gps-cs-s/AHVAweoJLZbkg_e9tTY44kqrfoeLMbzC8GVvtDLd3ozJ86uz0FDhYXeX4K7vhBJkbTZLIdYg-W3r87vbHKC1aHI5QSlov0BdjSVhQzKNAp_m-bjM2finCWiB8mVmJzM_UCah7xpMyI0=w1200-h800|https://lh3.googleusercontent.com/gps-cs-s/AHVAwepakMsD7RCnAas64JPdtNT9s0aKQTJb7XLZMcbc-k1EmmhNFn_97QnBc5kOO4rMKmKCUSJ5C2AKpVOLLgR7tatxw73OLE1w4oZzh4U_PjROQx5MWbE1ZMZadMcJiCrWmFDzY2QHMw=w1200-h800|https://lh3.googleusercontent.com/gps-cs-s/AHVAweoxjiZ2F8Yq7YSBfW3L9njJFIdzbDXTMKvdltOgn4-141P8xbOYcjPuBT80DdGZfju7Qu_PM-IN9JsFHRqPXbUnyHVLoUHoT-_OrynRFa2vac5JDQrVKdE1SKPXLqKtX-_1klVO=w1200-h800
"SLS Montessori And High School, Zaraj Campus","S-6, St.118/124, G-11/4, Islamabad",Islamabad,G-11,+92 51 5709182,http://sls.edu.pk/,0,0,33.5147247,73.1498184,0x38dff27115555555:0,,"https://www.google.com/maps/place/SLS+Montessori+And+High+School,+Zaraj+Campus/@33.5147247,73.1498184,17z/data=!3m1!4b1!4m6!3m5!1s0x38dff27115555555:0xdf76158fd55d9d!8m2!3d33.5147247!4d73.1498184!16s%2Fg%2F11c6ptj5ny?authuser=0&hl=en&entry=ttu&g_ep=EgoyMDI2MDQwMS4wIKXMDSoASAFQAw%3D%3D",montessori school Islamabad,Higher secondary school,{},[],https://lh3.googleusercontent.com/gps-cs-s/AHVAwerWSI4sbk1fa0nDY1kWwIlQTWa0_22fczxDvBs7uLdMsyB7v9ea0TfnoyaNK8xbeT-VvwsBxBDgpsPvsobHJa_587oLutT-XFOpiaAFteX79O17WjzSgzYQi5-h_f5Py20GUyd-=w1200-h800|https://lh3.googleusercontent.com/gps-cs-s/AHVAweqfZ709hTpUXmagWcVMRiVtcroG197UYC1DQb-f7C-docM7MVsVjJifg331_2Bx0OSrxtRao-hirXs70RLqMyfxCnRAgZKwWHiaq_B8hEuLKRzJK1cs06KpGzG-NFHFHmiL1t2c=w1200-h800|https://lh3.googleusercontent.com/gps-cs-s/AHVAwerhST-NDBacg-AcFEpVosUVKodaCpG4-61I16CLX6wdXR3duIh1M2NgI8i5pQmT-WkqtOW1Q5vK_p7TRT1fjKoNWrOrAp9o10QC4VSo7U_0t63xj4LOwZe3DxlcfN0oc-gGO6Nr=w1200-h800|https://lh3.googleusercontent.com/gps-cs-s/AHVAwep680QNYt8Fo_1pK-7GJPb5euHzvE0NFAJiBztW6eC7Dgy0oxgUZmqXc1wxxUZ6TYQMFTjAHn-6b8gc8lTOoQ6yeIAbLVCeUXfUjhAlaCsFsMB-_vVbDDisDzDiPjp4mxXoEIc=w1200-h800
Little learners Montessori,"Al Rahman road, Ghauri Town Phase I Ghauri Town, Islamabad, Pakistan",Islamabad,Ghauri Town,,https://business.google.com/create?fp=1729202706988134593&hl=en&authuser=0&gmbsrc=-en-et-ip-z-gmb-s-z-l~mrc%7Cclaimbz%7Cu&ppsrc=GMBMI&utm_campaign=-en-et-ip-z-gmb-s-z-l~mrc%7Cclaimbz%7Cu&utm_source=gmb_mrc81&utm_medium=et&getstarted&lis=0,5,1,33.6224779,73.1269424,0x38dfebbd4d237f19:0,,"https://www.google.com/maps/place/Little+learners+Montessori/@33.6224779,73.1269424,17z/data=!3m1!4b1!4m6!3m5!1s0x38dfebbd4d237f19:0x17ff5cb346abf0c1!8m2!3d33.6224779!4d73.1269424!16s%2Fg%2F11kyw1hy9w?authuser=0&hl=en&entry=ttu&g_ep=EgoyMDI2MDQwMS4wIKXMDSoASAFQAw%3D%3D",montessori school Islamabad,Montessori school,{},[],https://lh3.googleusercontent.com/gps-cs-s/AHVAweqtNYglOCh-1g1WVU83mgWJuW-07zEV3VwWSWKxdXE-I5uydo0HJmU96u9FS5LWqtkP38pLHWaTx4wr7hpq06kcVqYmzeNsy4O22UYNel-YZ4pAm5p5ytfiJLa_R_EidmeA-oyaCA=w1200-h800|https://lh3.googleusercontent.com/gps-cs-s/AHVAwepIIgLGwPeIla1l4d2Wc-qP38kBZdLsfHPo0N9xhymTtULq_SfBhpKNlG_cEw-RkByNrwHJwl07CYbjkQDSkimkr-3bFZ_NeubA3ymzoowMmvApmQ0idGDWBEyZzqSItoeh9km5=w1200-h800|https://lh3.googleusercontent.com/gps-cs-s/AHVAwepsX_dxTmARa82BjoFdJVk_s3132Fd6BLv0tVHvrQ9OMLv-Ob1Q7UCXW_kosDsubBfLOQZ3sYITB3vRbzlAJwWZ9OymBqpCMpc9CHLaRI8D8IBCqdbLFIaikZcu59oRjg90iVfE=w1200-h800|https://lh3.googleusercontent.com/gps-cs-s/AHVAweoAssreF8T6-KGGR68Irh_p-Nd-dSgS1nagZX0sPDRnaOeIhZMXAGj4iNrKMUgs8HUWgS0O5k6OWRi-TLdNNAVVN5g-OInPxOkHV-zmqNCPN1DinDx7hfQzsXsnzQn8PdGHaD2HHg=w1200-h800
Little Scholars Montessori & School System,"Near Officers Enclave Ghouri Town Koral, Ghauri Model Town, Islamabad, Pakistan",Islamabad,Ghauri Model Town,+92 331 3388088,https://business.google.com/create?fp=6645172986903632277&hl=en&authuser=0&gmbsrc=-en-et-ip-z-gmb-s-z-l~mrc%7Cclaimbz%7Cu&ppsrc=GMBMI&utm_campaign=-en-et-ip-z-gmb-s-z-l~mrc%7Cclaimbz%7Cu&utm_source=gmb_mrc81&utm_medium=et&getstarted&lis=0,5,1,33.6085313,73.1336797,0x38dfeb7f4b1d3207:0,,"https://www.google.com/maps/place/Little+Scholars+Montessori+%26+School+System/@33.6085313,73.1336797,17z/data=!3m1!4b1!4m6!3m5!1s0x38dfeb7f4b1d3207:0x5c38659fbb699995!8m2!3d33.6085313!4d73.1336797!16s%2Fg%2F11g68wt13j?authuser=0&hl=en&entry=ttu&g_ep=EgoyMDI2MDQwMS4wIKXMDSoASAFQAw%3D%3D",montessori school Islamabad,Montessori preschool,{},[],https://lh3.googleusercontent.com/gps-cs-s/AHVAweoAssreF8T6-KGGR68Irh_p-Nd-dSgS1nagZX0sPDRnaOeIhZMXAGj4iNrKMUgs8HUWgS0O5k6OWRi-TLdNNAVVN5g-OInPxOkHV-zmqNCPN1DinDx7hfQzsXsnzQn8PdGHaD2HHg=w1200-h800|https://lh3.googleusercontent.com/gps-cs-s/AHVAwep794rRPjvoodAIteINtRXfpQa-RE70NcXFhC7J1rUfIR4wMLW64E2qQFI8koyDzA3EVtNfaR4krSzt9xlaKK-uiGRHE4HvtNRD1eQk35itG2EfggT_NpRnJXAANlgZ6nlS1GjmUg=w1200-h800|https://lh3.googleusercontent.com/gps-cs-s/AHVAwepsX_dxTmARa82BjoFdJVk_s3132Fd6BLv0tVHvrQ9OMLv-Ob1Q7UCXW_kosDsubBfLOQZ3sYITB3vRbzlAJwWZ9OymBqpCMpc9CHLaRI8D8IBCqdbLFIaikZcu59oRjg90iVfE=w1200-h800|https://lh3.googleusercontent.com/gps-cs-s/AHVAweqtNYglOCh-1g1WVU83mgWJuW-07zEV3VwWSWKxdXE-I5uydo0HJmU96u9FS5LWqtkP38pLHWaTx4wr7hpq06kcVqYmzeNsy4O22UYNel-YZ4pAm5p5ytfiJLa_R_EidmeA-oyaCA=w1200-h800
The Smart Lyceum Montessori & High School,"Street 6, Commercial Area, B, opp. Giga Mall, Zaraj Housing Society Islamabad, Pakistan",Islamabad,Zaraj Housing Society,+92 51 5427444,,3.8,5,33.5122401,73.1502896,0x38dff309fc974913:0,,"https://www.google.com/maps/place/The+Smart+Lyceum+Montessori+%26+High+School/@33.5122401,73.1502896,17z/data=!3m1!4b1!4m6!3m5!1s0x38dff309fc974913:0x68710505d8f103bb!8m2!3d33.5122401!4d73.1502896!16s%2Fg%2F11kpj56jj_?authuser=0&hl=en&entry=ttu&g_ep=EgoyMDI2MDQwMS4wIKXMDSoASAFQAw%3D%3D",montessori school Islamabad,Montessori school,{},[],https://lh3.googleusercontent.com/gps-cs-s/AHVAwerhST-NDBacg-AcFEpVosUVKodaCpG4-61I16CLX6wdXR3duIh1M2NgI8i5pQmT-WkqtOW1Q5vK_p7TRT1fjKoNWrOrAp9o10QC4VSo7U_0t63xj4LOwZe3DxlcfN0oc-gGO6Nr=w1200-h800|https://lh3.googleusercontent.com/gps-cs-s/AHVAweoZzFGHibgVB9vVqi56jAnkP5ECXAJkH3uYiNSzmlR8AxokNUINTgxeBQz5u3XTUn0RlxTxip6Q75o7qGORAm2FjJ_wckUrU83S3j778j-D3AhIMBeA7kB3FFq3EewhOYd4Tx8=w1200-h800|https://lh3.googleusercontent.com/gps-cs-s/AHVAwerWSI4sbk1fa0nDY1kWwIlQTWa0_22fczxDvBs7uLdMsyB7v9ea0TfnoyaNK8xbeT-VvwsBxBDgpsPvsobHJa_587oLutT-XFOpiaAFteX79O17WjzSgzYQi5-h_f5Py20GUyd-=w1200-h800|https://lh3.googleusercontent.com/gps-cs-s/AHVAwep0UjMJrF_R0mPYN4egRfLMcgAdH9Ki3b0QrfUh1201UEHN2zgAVRav_OVWAjVQ_3K27kJ7zAD8ImsADw3CQ-nuwdhuu9F0qIiXSbLVydFtUzdwiQarscHisinrdFgZv4zjuceP=w1200-h800
Rising Pakistan Montessori High School,"Street 10, Gulrez-2 Phase 2 Gulrez Housing Scheme, Rawalpindi, 46000, Pakistan",Rawalpindi,Gulrez Housing Scheme,+92 51 8449273,,4.3,7,33.5631283,73.1039544,0x38dfecdba2e3795d:0,,"https://www.google.com/maps/place/Rising+Pakistan+Montessori+High+School/@33.5631283,73.1039544,17z/data=!3m1!4b1!4m6!3m5!1s0x38dfecdba2e3795d:0xfbb7e697e2b0f042!8m2!3d33.5631283!4d73.1039544!16s%2Fg%2F1wfvl0xw?authuser=0&hl=en&entry=ttu&g_ep=EgoyMDI2MDQwMS4wIKXMDSoASAFQAw%3D%3D",montessori school Islamabad,High school,{},[],https://lh3.googleusercontent.com/gps-cs-s/AHVAwepvdfBUZdG9yAtsXtUXgdb1wnROI3CnB_GMLkFCSfguopy265C7Lwqk1WeP6nmIG83ulGeJclv7_Aj6sYxZhZJSgPG4TYlrbyb37mWi4DxppUQl8rBYKSmg4XkO0DOKsZ1SALc2=w1200-h800|https://lh3.googleusercontent.com/gps-cs-s/AHVAweoxDL_XAoLOe_CIjBmPK8ko3KaNSRkltR_Gorpe0Z6YCRcV_Flm874TVP6Jr9coN7TDYgKTt2JQkCTGEiN2EwYd9OOMpXZpfzsj6OZ9MdUCs77DjhD3bgN-RIFwtqnkZq3phGO0=w1200-h800|https://lh3.googleusercontent.com/gps-cs-s/AHVAwepWgWu92h7zUVNBIQwlkKV19lcH_Y-sFinJcLJUa0K8c_HJiV4YSZkSZ606IU411KQojtlMUydCp8iWVWgUMZtQMTeZqEuqRh2DIh6NScE1LpPd8Z81_Jk2Y5P0zHKxuQWcCLTk=w1200-h800|https://lh3.googleusercontent.com/gps-cs-s/AHVAwepG8xCZXcp7pbYwHmWMNVq8nEUtuhF62B7hHwbRjtBxEzpDdUZMn_rkx4nc4nvlchz-Vi6kpipp6tODbEsZc9i8Rmkr3CMSUCSFToi5V85YRWQr-T0-AX2EZ_Jt2Nq7FDQ2xR1riQ=w1200-h800
Little Scholar Montessori,"House 498A, St 6, Gulrez-2 Phase 2 Gulrez Housing Scheme, Rawalpindi, Pakistan",Rawalpindi, Gulrez Housing Scheme,,https://business.google.com/create?fp=15712461523946561977&hl=en&authuser=0&gmbsrc=-en-et-ip-z-gmb-s-z-l~mrc%7Cclaimbz%7Cu&ppsrc=GMBMI&utm_campaign=-en-et-ip-z-gmb-s-z-l~mrc%7Cclaimbz%7Cu&utm_source=gmb_mrc81&utm_medium=et&getstarted&lis=0,0,0,33.5600592,73.1044389,ChIJbzdJbADt3zgRueHTAYLgDdo,,https://www.google.com/maps/place/Little+Scholar+Montessori/data=!4m7!3m6!1s0x38dfed006c49376f:0xda0de08201d3e1b9!8m2!3d33.5600592!4d73.1044389!16s%2Fg%2F11lcyppdkk!19sChIJbzdJbADt3zgRueHTAYLgDdo?authuser=0&hl=en&rclk=1,montessori school Islamabad,Montessori school,{},[],https://lh3.googleusercontent.com/gps-cs-s/AHVAwepG8xCZXcp7pbYwHmWMNVq8nEUtuhF62B7hHwbRjtBxEzpDdUZMn_rkx4nc4nvlchz-Vi6kpipp6tODbEsZc9i8Rmkr3CMSUCSFToi5V85YRWQr-T0-AX2EZ_Jt2Nq7FDQ2xR1riQ=w1200-h800|https://lh3.googleusercontent.com/gps-cs-s/AHVAwep3mCZ1nbfoBweUx0qm7aTwktViH0jZg_fzgWKv-uhOkZYpMHexgDvs-r_cv2-Qjfp5dueRCK34EDZU-Jivs8Lh0dmLHPJQNR1b-3Lur6myZMGfaeN1KWiojul8FEOnSBn444t1CQ=w1200-h800|https://lh3.googleusercontent.com/gps-cs-s/AHVAweoAssreF8T6-KGGR68Irh_p-Nd-dSgS1nagZX0sPDRnaOeIhZMXAGj4iNrKMUgs8HUWgS0O5k6OWRi-TLdNNAVVN5g-OInPxOkHV-zmqNCPN1DinDx7hfQzsXsnzQn8PdGHaD2HHg=w1200-h800|https://lh3.googleusercontent.com/gps-cs-s/AHVAweoypmaFtE-JsQPMoGu_qYdWknSFHdLunHoxGpZYUS8YANJUApcG-Ovh-4gqTaV7V-_YJfPdMlXfvNe92TeCeoJJhEHEC96pApJqJ_t7dImkWK5fH0Tjg0MX0L4xm_kw9LiMi0mL=w1200-h800
Pathfinder Cambridge School,"House# 186G, Street, A 3 Rd, Sector O-9 Block A Police Foundation, Islamabad, Pakistan",Islamabad,Police Foundation,+92 331 7396448,,0,0,33.5649077,73.1366976,0x38dfed53c52df015:0,,"https://www.google.com/maps/place/Pathfinder+Cambridge+School/@33.5649077,73.1366976,17z/data=!3m1!4b1!4m6!3m5!1s0x38dfed53c52df015:0xd6e8a4274f06e1f6!8m2!3d33.5649077!4d73.1366976!16s%2Fg%2F11gsbl2878?authuser=0&hl=en&entry=ttu&g_ep=EgoyMDI2MDQwMS4wIKXMDSoASAFQAw%3D%3D",montessori school Islamabad,Montessori school,{},[],https://lh3.googleusercontent.com/gps-cs-s/AHVAwep5wmaVCwt5ipXXflmA_salXkNuodWImW8Npt777ObTrBLTtllsuNqIVHyeIMuVhQWAgzuB11XTa9j7T6aU7XNOepwx9tV0ijCZiwuPY6dKXIxITW_G1i_daRxVTogv8MoitHgJ=w1200-h800|https://lh3.googleusercontent.com/gps-cs-s/AHVAwerskunvpDADGyvewGL1KdP0BWiT4PdwQ99pqgIBiUvGxWQtdBxm9ev9d03lBmaKmJ0zVyYwNbYtEn9oVuXPgIgqI8ORP5PKnC9_R-3NDxgsC6250qKGGn_HgM8FkFTsDBLVFwlC=w1200-h800|https://lh3.googleusercontent.com/gps-cs-s/AHVAwepB9VBI6AEW_8tJFydMSkInUNe5GCYwICe89Z1IdAWd70qppMAtL_2goBsKJQmpydhPuacBOurJp7HG24P5q8hmen-8YGoExpq30emHMDYIYqALkKxyRVQXiM4yAF7VyLgv_yGgjw=w1200-h800|https://lh3.googleusercontent.com/gps-cs-s/AHVAweq5hCpSUwlK_a1dMc0gFJqMvLIu8HycJtfmpr9NOJT5fyJNkZWa4Xsirzxju2YVtjBEuLN1QZNJ7USHlUTjWfox5ID2uAtGh_X3s7pDq50dc8OseHceMfGd1afcjFWKIKHajF5z=w1200-h800
The Learning Zone Montessori & School,"Phase III Internal Rd, Phase 5 Phase 3 Ghauri Town, Islamabad, Pakistan",Islamabad,Ghauri Town,+92 51 2303103,https://www.facebook.com/The-Learning-Zone-Montessori-School-240912156261802/,0,0,33.6173821,73.1298537,ChIJzQBB_2Tr3zgRAlEe7IEC41Y,,https://www.google.com/maps/place/The+Learning+Zone+Montessori+%26+School/data=!4m7!3m6!1s0x38dfeb64ff4100cd:0x56e30281ec1e5102!8m2!3d33.6173821!4d73.1298537!16s%2Fg%2F11l3x1gl_3!19sChIJzQBB_2Tr3zgRAlEe7IEC41Y?authuser=0&hl=en&rclk=1,montessori school Islamabad,Montessori school,{},[],https://lh3.googleusercontent.com/gps-cs-s/AHVAwepUzDgW785jXcLwYobpnY4hqIGXQAxq_2wMRvVx-Qrh72hsbPi4SHB5eYJE4A3IN_R950N5Zx1WW4bVszCnhi2wdfb6ZeBx95AfVWGhJmxifaz3TB2Pt7Nvj277RdX1UD6qcHnO=w1200-h800|https://lh3.googleusercontent.com/gps-cs-s/AHVAwepIIgLGwPeIla1l4d2Wc-qP38kBZdLsfHPo0N9xhymTtULq_SfBhpKNlG_cEw-RkByNrwHJwl07CYbjkQDSkimkr-3bFZ_NeubA3ymzoowMmvApmQ0idGDWBEyZzqSItoeh9km5=w1200-h800|https://lh3.googleusercontent.com/gps-cs-s/AHVAweoAssreF8T6-KGGR68Irh_p-Nd-dSgS1nagZX0sPDRnaOeIhZMXAGj4iNrKMUgs8HUWgS0O5k6OWRi-TLdNNAVVN5g-OInPxOkHV-zmqNCPN1DinDx7hfQzsXsnzQn8PdGHaD2HHg=w1200-h800
Fatima Montessori & Secondary School,"Qayum Street, Paki Gali, Dhoke Chaudrian, near Chaklala Scheme 3, Dhok Chaudhrian, Rawalpindi, 46000, Pakistan",Rawalpindi,Chaklala Scheme 3,+92 342 5110990,,0,0,33.5794325,73.1029158,0x38dfed096f88c1fd:0,,"https://www.google.com/maps/place/Fatima+Montessori+%26+Secondary+School/@33.5794325,73.1029158,17z/data=!3m1!4b1!4m6!3m5!1s0x38dfed096f88c1fd:0xf58dae79e4bb2890!8m2!3d33.5794325!4d73.1029158!16s%2Fg%2F11my1krhn0?authuser=0&hl=en&entry=ttu&g_ep=EgoyMDI2MDQwMS4wIKXMDSoASAFQAw%3D%3D",montessori school Islamabad,Montessori school,{},[],https://lh3.googleusercontent.com/gps-cs-s/AHVAwepMCpubbElk08OOH-XyPt9WalWiq7K-nmahpavlBFVe4aeYgdZ-JbfciePNtjQKKJn4Md4OCuE7fxF-WYdPl-Da7B7cfr33hl-OzwZ_i0Ov1mMpwspnPuI7WzHUjhciTvGHHEvO=w1200-h800|https://lh3.googleusercontent.com/gps-cs-s/AHVAwerUMCO5im7eJjGtxHgVjbbe0NedgiuLg3fwYVemsK2mXMZtQP1kfx0PWP9SdYsNjzAMMJCawb1l8RtDIolLT9oEmdPGFuI7C3XMMXJ_ZrA7qO6na3TM4TrSfGzNlwd7LLFO7JSY=w1200-h800|https://lh3.googleusercontent.com/gps-cs-s/AHVAweqHz9IRcmkHgGOQuV8NqlVRpHRy7KtbRIVwbWFFGfoFXRkoiK9xoY01bcR-tiKM_7QcY-u0FThyBze0LcjDGpgqvGp5qoSxRaroFj_9LnGRR1h5SKKb5lBeL171wdCG_z31Sse0OQ=w1200-h800|https://lh3.googleusercontent.com/gps-cs-s/AHVAweqGC-qv_dRvuWy36OS_jQxfMjaxcJsmm-Za4iJvTtzvwFYG-MDnb6aTv7nowTE1r8MK16sQHMmrC88hXdAH6dJgK2ORz5E8X2DeXdDGLTCFbPYxLRulfEr8b1ZZv6H1MVF3pjbbLA=w1200-h800
Skans School System,"Block B, Plot no 120/121 street no 2, A, opposite London bakery, PWD Housing Society Islamabad, Pakistan",Islamabad,PWD Housing,+92 51 8773775,https://pwdcampus.skansschool.edu.pk/,5,30,33.5720762,73.1437884,ChIJDVIbHkPt3zgRwuVHPY548vI,,https://www.google.com/maps/place/Skans+School+System/data=!4m7!3m6!1s0x38dfed431e1b520d:0xf2f2788e3d47e5c2!8m2!3d33.5720762!4d73.1437884!16s%2Fg%2F11l8l6rj9l!19sChIJDVIbHkPt3zgRwuVHPY548vI?authuser=0&hl=en&rclk=1,montessori school Islamabad,Elementary school,{},[],https://lh3.googleusercontent.com/gps-cs-s/AHVAweq4_mp1MngiDKrjuOPBy1_JsCXkvge1JebD520mZuWhAB99QyzJo887zdvorhKugaqoJcR7VnaK5S_U1SEXITW602DbpGyQLIeduAjdL9z3kRNWJiCEWSCllB5fLzRFmpLkal83=w1200-h800|https://lh3.googleusercontent.com/gps-cs-s/AHVAweqHERxC1kKG8uHNoNX26EniktETjTnZ_I1y9G-kJZEbLBdc3Nj_WsS_Z4FKkCXSGn9GRFK2sjrtLySYrrFpavf8Lm8PeJJxAget33qg0DSIscH-JRd-6SuREoq37GHzG1M-66TT=w1200-h800|https://lh3.googleusercontent.com/gps-cs-s/AHVAweqOwxwx4GhiHGkWg9NqCoVvoFC1vNq8Fm-GIHKcI8CVAGpSTwOs3JAn3uzYvpHzw8fIJ9laI7RnyxLDz5qbkj1o8qhYkmTzoF9j0aWAMKxnfhFe2bZklXL2_c7dv9jhWX_m7aLFuQ=w1200-h800|https://lh3.googleusercontent.com/gps-cs-s/AHVAwero7bM64xI1822085tpq4KdROpjZjsJa65W2CQV27otDgd3QF1ll2-3P2ycVMJDG4niqLEc6f0CtpMdYDEi54i7QJqAzN6zmNIneg7l-pxlX76JJiEAXtEj4Fy89WeE2J40o6wX=w1200-h800
Alnoor kids Montessori school system,"St 4, Ghauri Model Town, Islamabad, Pakistan",Islamabad,Ghauri Model Town,,https://business.google.com/create?fp=12825108480007967871&hl=en&authuser=0&gmbsrc=-en-et-ip-z-gmb-s-z-l~mrc%7Cclaimbz%7Cu&ppsrc=GMBMI&utm_campaign=-en-et-ip-z-gmb-s-z-l~mrc%7Cclaimbz%7Cu&utm_source=gmb_mrc81&utm_medium=et&getstarted&lis=0,5,1,33.6076375,73.1345107,0x38dfeb0067e2aa47:0,,"https://www.google.com/maps/place/Alnoor+kids+Montessori+school+system/@33.6076375,73.1345107,17z/data=!3m1!4b1!4m6!3m5!1s0x38dfeb0067e2aa47:0xb1fbf03654b9947f!8m2!3d33.6076375!4d73.1345107!16s%2Fg%2F11w9yv5329?authuser=0&hl=en&entry=ttu&g_ep=EgoyMDI2MDQwMS4wIKXMDSoASAFQAw%3D%3D",montessori school Islamabad,Montessori school,{},[],https://lh3.googleusercontent.com/gps-cs-s/AHVAweoAssreF8T6-KGGR68Irh_p-Nd-dSgS1nagZX0sPDRnaOeIhZMXAGj4iNrKMUgs8HUWgS0O5k6OWRi-TLdNNAVVN5g-OInPxOkHV-zmqNCPN1DinDx7hfQzsXsnzQn8PdGHaD2HHg=w1200-h800|https://lh3.googleusercontent.com/gps-cs-s/AHVAwepIIgLGwPeIla1l4d2Wc-qP38kBZdLsfHPo0N9xhymTtULq_SfBhpKNlG_cEw-RkByNrwHJwl07CYbjkQDSkimkr-3bFZ_NeubA3ymzoowMmvApmQ0idGDWBEyZzqSItoeh9km5=w1200-h800|https://lh3.googleusercontent.com/gps-cs-s/AHVAwepsX_dxTmARa82BjoFdJVk_s3132Fd6BLv0tVHvrQ9OMLv-Ob1Q7UCXW_kosDsubBfLOQZ3sYITB3vRbzlAJwWZ9OymBqpCMpc9CHLaRI8D8IBCqdbLFIaikZcu59oRjg90iVfE=w1200-h800|https://lh3.googleusercontent.com/gps-cs-s/AHVAweqtNYglOCh-1g1WVU83mgWJuW-07zEV3VwWSWKxdXE-I5uydo0HJmU96u9FS5LWqtkP38pLHWaTx4wr7hpq06kcVqYmzeNsy4O22UYNel-YZ4pAm5p5ytfiJLa_R_EidmeA-oyaCA=w1200-h800
The pioneers Montessori and school Islamabad,"House 592 Street Number 41, Ghori Town Phase 4, Islamabad, Pakistan",Islamabad,Ghori Town Phase 4,+92 335 5913257,https://business.google.com/create?fp=1718512587636175919&hl=en&authuser=0&gmbsrc=-en-et-ip-z-gmb-s-z-l~mrc%7Cclaimbz%7Cu&ppsrc=GMBMI&utm_campaign=-en-et-ip-z-gmb-s-z-l~mrc%7Cclaimbz%7Cu&utm_source=gmb_mrc81&utm_medium=et&getstarted&lis=0,5,1,33.6220192,73.1344267,ChIJMySF-bHr3zgRL3QX6Bdi2Rc,,https://www.google.com/maps/place/The+pioneers+Montessori+and+school+Islamabad/data=!4m7!3m6!1s0x38dfebb1f9852433:0x17d96217e817742f!8m2!3d33.6220192!4d73.1344267!16s%2Fg%2F11shsx53rp!19sChIJMySF-bHr3zgRL3QX6Bdi2Rc?authuser=0&hl=en&rclk=1,montessori school Islamabad,Montessori school,{},[],https://lh3.googleusercontent.com/gps-cs-s/AHVAwepIIgLGwPeIla1l4d2Wc-qP38kBZdLsfHPo0N9xhymTtULq_SfBhpKNlG_cEw-RkByNrwHJwl07CYbjkQDSkimkr-3bFZ_NeubA3ymzoowMmvApmQ0idGDWBEyZzqSItoeh9km5=w1200-h800|https://lh3.googleusercontent.com/gps-cs-s/AHVAweo85KSUYhALqa1n4uVDRwTRkZsdVgqD2sFzN-99OvTMmdDYrYpzkIoTkZx6bxEooeJHLL-VkU_uTUM3ln0hYYtJUXLg8QEkkHoxZzjEnU2dOtcnpzVw6cTyjmDP93FAV1zJ4_ULsg=w1200-h800|https://lh3.googleusercontent.com/gps-cs-s/AHVAweqtNYglOCh-1g1WVU83mgWJuW-07zEV3VwWSWKxdXE-I5uydo0HJmU96u9FS5LWqtkP38pLHWaTx4wr7hpq06kcVqYmzeNsy4O22UYNel-YZ4pAm5p5ytfiJLa_R_EidmeA-oyaCA=w1200-h800|https://lh3.googleusercontent.com/gps-cs-s/AHVAweq9G9aoTFzIEZSVxrKnDA8Gbm7sKtjeNb_D449ntX0ca0jJEgdE-qaN2GNiVaD7gz0gpdZ-LEnK1tuloHKBM-hdE--bbKYByBw-B-p8Dx1aZBZxO7k8uGLFKXBm_-mDWeK2lnAa=w1200-h800
Roots IVY International School PWD NPF,"Road A1, Block A Police Foundation, Islamabad, Pakistan",Islamabad,Police Foundation,+92 51 5170343,https://business.google.com/create?fp=6863193412769845051&hl=en&authuser=0&gmbsrc=-en-et-ip-z-gmb-s-z-l~mrc%7Cclaimbz%7Cu&ppsrc=GMBMI&utm_campaign=-en-et-ip-z-gmb-s-z-l~mrc%7Cclaimbz%7Cu&utm_source=gmb_mrc81&utm_medium=et&getstarted&lis=0,2.3,3,33.5653557,73.1302685,ChIJYcvv7Pjs3zgRO4_y0Av2Pl8,,https://www.google.com/maps/place/Roots+IVY+International+School+PWD+NPF/data=!4m7!3m6!1s0x38dfecf8ecefcb61:0x5f3ef60bd0f28f3b!8m2!3d33.5653557!4d73.1302685!16s%2Fg%2F11g6blybwd!19sChIJYcvv7Pjs3zgRO4_y0Av2Pl8?authuser=0&hl=en&rclk=1,montessori school Islamabad,International school,{},[],https://lh3.googleusercontent.com/gps-cs-s/AHVAweoV_qJ0cpTGvbJd7LfQW-GCdTpwJCZqrGIxd89qBzFG1QuijnZ-2Nc9rJDgkwA61w2a0MSdBqWBs6GnUzoC1xkeEKTFAoIlWhFLJ5_nUvxlmGWJWIQDdn3PMEMwL6VDqDxrMQr_=w1200-h800|https://lh3.googleusercontent.com/gps-cs-s/AHVAwepKdLrS3HSEetzgD2yhUX_o0gidhRbiNw1M4bVUs57Vde_UP7YY9IfgB4XgARnPHOSDj8WBXkT0t0f_HWQY6tcKnHOd8uwJiLFSW5dHByt6rgncLOndR9qwGEVKCTrJr0YAcJri=w1200-h800|https://lh3.googleusercontent.com/gps-cs-s/AHVAweqNaWew22LoTO_2fEeefszKJS3jomFn7IJLkN9yDoxCbCUXx-c9ZccxMMbgr_ps__cKz2RP9YnWkwBndZ-0RNH8br68AQEL1KF65ocHOq0LaxUTTOu2jxzsAZ1DcCMQ2K8dgGaD=w1200-h800|https://lh3.googleusercontent.com/gps-cs-s/AHVAwerXHVvJDvqYGBmAn2bcr9lhRfQuMsPk6L_Fnxd9LmK5MJyDZ0GwtmckWNKcjL4i264k7htKW0zEsmw1iBpaBa1cx_ZbmFD5bQh9sVu66ufIcP8FYnMVRYjSHlDsOv0gHvzdJ5NV=w1200-h800
Bright star Montessori school,"Service Road, New Iqbal Town Islamabad , Islamabad, Pakistan, 44000",Islamabad,New Iqbal Town,0301 5041752,,5,1,33.6804509,73.1013997,0x38dfeb29316816eb:0,,"https://www.google.com/maps/place/Bright+star+Montessori+school/@33.6804509,73.1013997,17z/data=!3m1!4b1!4m6!3m5!1s0x38dfeb29316816eb:0x2d56bc649e323e94!8m2!3d33.6804509!4d73.1013997!16s%2Fg%2F11vspg1gbn?authuser=0&hl=en&entry=ttu&g_ep=EgoyMDI2MDQwMS4wIKXMDSoASAFQAw%3D%3D",montessori school Islamabad,High school,{},[],https://lh3.googleusercontent.com/gps-cs-s/AHVAweo8pOt5YUTgihAxpu7mkYxsIsx0iArogIhb0fU21XDx-09Xl3o76696-mwkZN7u_J-quTt2sQtRGJ4mrGAr5m6GJIHhEHdwUoSW4VyhGfnI24MGnvKN8qOuGjY9dLqywBG0Ik-LJQ=w1200-h800|https://lh3.googleusercontent.com/gps-cs-s/AHVAwepqfPFVjHO75_pRyMJrPSNqLGg10sA2UPu2HnFnwDMtctVBKwUlSJBG0TESwwws6kdCsJgi9w7J82YfpYWoZ8SgJSZ7w02vKPfPDp5W0smQjjZ7LjCxZphya3R2rLlEtYGKkME=w1200-h800|https://lh3.googleusercontent.com/gps-cs-s/AHVAwerFv66vqsUTlDumvbeQPDaa1DEGrO2gXi9sx5sScJzUDR0Zu310BinFhtU5eTAKTy3QHViDweAvTyHGkfMkUOd2eX7dqC-A276gV-n0sMMzoV8ZefevFtlatMz_GzcxQzFJCWp3Gw=w1200-h800|https://lh3.googleusercontent.com/gps-cs-s/AHVAwepAV1Oh9wQEdcD2Wxax9XZBAFMV56xEKigYvYWd58dktt-kVQczEgT60-Ay8YdhTsBXyZ2DSrCUMNS3j4fbh3LRuq4Kr_ofB-JbIZG7X_SYtMcRWNKs9EKWX3cHOHbqdBWd_uu7=w1200-h800
"The Nobel STEM Schools Montessori & Junior Campus | GulshanAbad, Rawalpindi","House 636, St#77, Sector-2, Gulshanabad, Adyala Rd, adjacent to Askari 14, Sector 2 Gulshan Abad, Rawalpindi, 46000, Pakistan",Rawalpindi,Adyala Rd,+92 334 5539944,https://tnss.edu.pk/,4.7,58,33.5387573,73.0673217,0x38df932217d8cd49:0,,"https://www.google.com/maps/place/The+Nobel+STEM+Schools+Montessori+%26+Junior+Campus+%7C+GulshanAbad,+Rawalpindi/@33.5387573,73.0673217,17z/data=!3m1!4b1!4m6!3m5!1s0x38df932217d8cd49:0xa877a7c646ed0201!8m2!3d33.5387573!4d73.0673217!16s%2Fg%2F11jj62vhp9?authuser=0&hl=en&entry=ttu&g_ep=EgoyMDI2MDQwMS4wIKXMDSoASAFQAw%3D%3D",montessori school Islamabad,Educational institution,{},"[{""author"": ""Urmish Zahra"", ""rating"": 1, ""text"": ""I am extremely disappointed with the management of this school. Parents are often charged or deducted fees without prior notice or clear explanation. Transparency is completely lacking.\nMoreover, the school forces parents to purchase stationery and uniforms exclusively from their own shop. The prices are unreasonably high  for example, notebooks that normally cost 100 are sold for 220, and the quality is very poor. The uniforms are also overpriced and of cheap quality.\nThe book list is not provided openly to parents. Instead, they are pressured to buy a complete book set from the school shop at almost three times the market price.\nAn educational institution should prioritize honesty, transparency, and quality education not profit making practices. I strongly request the management to review these policies."", ""date"": ""a month ago""}, {""author"": ""Urmish Zahra"", ""rating"": 1, ""text"": ""I am extremely disappointed with the management of this school. Parents are often charged or deducted fees without prior notice or clear explanation. Transparency is completely lacking.\nMoreover, the school forces parents to purchase stationery and uniforms exclusively from their own shop. The prices are unreasonably high  for example, notebooks that normally cost 100 are sold for 220, and the quality is very poor. The uniforms are also overpriced and of cheap quality.\nThe book list is not provided openly to parents. Instead, they are pressured to buy a complete book set from the school shop at almost three times the market price.\nAn educational institution should prioritize honesty, transparency, and quality education not profit making practices. I strongly request the management to review these policies."", ""date"": ""a month ago""}, {""author"": ""maira qayyum"", ""rating"": 5, ""text"": ""My experience at this school is very good. The teachers are kind and supportive. I learned many new things here. The environment is safe and friendly. I feel happy to be a part of this school."", ""date"": ""a month ago""}, {""author"": ""maira qayyum"", ""rating"": 5, ""text"": ""My experience at this school is very good. The teachers are kind and supportive. I learned many new things here. The environment is safe and friendly. I feel happy to be a part of this school."", ""date"": ""a month ago""}, {""author"": ""Minal Anis"", ""rating"": 5, ""text"": ""I'm so impressed with the quality of education my child has received at The Nobel Stem School . The teachers are knowledgeable, supportive, and truly care about each student's success."", ""date"": ""Edited a year ago""}]",https://lh3.googleusercontent.com/gps-cs-s/AHVAweo0KREuL498Qa7vNHuek1OXRLXipLUu7XQurlXK5rputr7u33aGim5_jNjijMYirOukicucsv5S6oETO2USm4tN5IbxkSODefRXrzwRQNUmuLeqWw3QxeQP8IGO8Y7KaSib0U8PQw=w1200-h800|https://lh3.googleusercontent.com/gps-cs-s/AHVAweok5vkZWKbsrnXdPlUWln9nhp3fjYWOuzuY3xg6FIhB-en0QS-sCQKHkjFTARcn6POzM3I3Gn3C9KfPvYl00NOB8FlDZs3rSdSTFEvWQSW90lY83JCpwFpI2zJ7K8q-IWCs6IcLsw=w1200-h800|https://lh3.googleusercontent.com/gps-cs-s/AHVAweoKIlDKULZNcL5JE31EhbQPpPKC3FmdJpoRgUHAEX_ideD-KEaCLvRCWdrDMjIy9r_2wqCHK_p3ly36gva4q2F_qOQ2ZzsqKEqxPvxi4vEmI7kCtXnfl-dPwaz353dkNDHCaQw=w1200-h800|https://lh3.googleusercontent.com/gps-cs-s/AHVAweppiUWKhQgmh4XFo-n4TSOLrxTvb5YJDF0LseolCiOGrrnJNHisaMXnJFyw58CXvdcNuX9rJKruD0wIeUQoNekmyCGAmEHHbDcsuuMsz7iC6l6G-HuLtdUb6QIj9N1XPq5yojX6=w1200-h800
Superior Garrison - Pre Cadet School,"Block-A Block A Police Foundation, Islamabad, Pakistan",Islamabad,olice Foundation,+92 51 5708102,http://www.facebook.com/superiorgarrison,5,32,33.5650625,73.1300625,0x38dfedd6d866194f:0,,"https://www.google.com/maps/place/Superior+Garrison+-+Pre+Cadet+School/@33.5650625,73.1300625,17z/data=!3m1!4b1!4m6!3m5!1s0x38dfedd6d866194f:0x40d12b18492f961d!8m2!3d33.5650625!4d73.1300625!16s%2Fg%2F11fhr0sgvh?authuser=0&hl=en&entry=ttu&g_ep=EgoyMDI2MDQwMS4wIKXMDSoASAFQAw%3D%3D",montessori school Islamabad,Educational institution,{},"[{""author"": ""Sitara Anwar"", ""rating"": 5, ""text"": ""This school is exceptional at developing high achieving students. The faculty and staff are involved, engaged and truly care about each child, the school communicates with parents very effectively and regularly :)"", ""date"": ""6 years ago""}, {""author"": ""Sitara Anwar"", ""rating"": 5, ""text"": ""This school is exceptional at developing high achieving students. The faculty and staff are involved, engaged and truly care about each child, the school communicates with parents very effectively and regularly :)"", ""date"": ""6 years ago""}, {""author"": ""M Turk"", ""rating"": 5, ""text"": ""Everything in this school is impressive including the environment,  curriculum and especially dedicated teachers.  School is well led, managed and progressive. I would highly recommend it."", ""date"": ""6 years ago""}, {""author"": ""M Turk"", ""rating"": 5, ""text"": ""Everything in this school is impressive including the environment,  curriculum and especially dedicated teachers.  School is well led, managed and progressive. I would highly recommend it."", ""date"": ""6 years ago""}, {""author"": ""Hamza Anwar"", ""rating"": 5, ""text"": ""One of the finest School in town for Cadet preparation Amigos.\nHaving an amazing faculty and a best fitted Ambiance for Students!\nCheers!"", ""date"": ""6 years ago""}]",https://lh3.googleusercontent.com/gps-cs-s/AHVAweoRwj-aQuV1mUlRA8Gi_SI9IdrnIASbJu6vO4v1UDvOw4CWTx4j0XkSPgxdVciCbe8I6lAS9DhDI3XqpJbQbvgzv0kd86JjkvxcOkLdPK25M5_5GXexn0uAWmV7xC9CFp9SgycmXQ=w1200-h800|https://lh3.googleusercontent.com/gps-cs-s/AHVAweoeEqoMDAohUIYUA4_7iE8e7jHQq6XrAnYKv9LEgPbX2sGCu0doZB8t2QUHSnwigG4mIxgAjc1Zj4QfknlIDnBCkplM9CmSRCiSr38pgZ_ZjgE8mn9aoKgZ0wcpUmmxlwyKMSFp=w1200-h800|https://lh3.googleusercontent.com/a/ACg8ocKHNsfWve24wzZlI8ErWwu6szGYe1W020L8WY7t_o6IXQLd43A=w1200-h800|https://lh3.googleusercontent.com/a-/ALV-UjX_Vhe-nkMWT16hCs0oqJC91a9eYxnmyKU-rOnKBO_mdi_7iZ_5=w1200-h800
Roots School System,"1st Ave, Sector A DHA Phase 1, Islamabad, 44000, Pakistan",Islamabad,DHA Phase 1,+92 51 5788380,http://www.rootsschool.edu.pk/,4,72,33.5411737,73.1001737,ChIJbZhGfTrt3zgReDLpa6Oue44,,https://www.google.com/maps/place/Roots+School+System/data=!4m7!3m6!1s0x38dfed3a7d46986d:0x8e7baea36be93278!8m2!3d33.5411737!4d73.1001737!16s%2Fg%2F1trcdt2r!19sChIJbZhGfTrt3zgReDLpa6Oue44?authuser=0&hl=en&rclk=1,montessori school Islamabad,College,{},"[{""author"": ""Saira Arshad"", ""rating"": 1, ""text"": ""Very bad school Urdu teachers bully my son every time. And we had to do a day off because of a family matter and the Urdu teacher gave him an F\nDon’t come to this school"", ""date"": ""5 months ago""}, {""author"": ""Saira Arshad"", ""rating"": 1, ""text"": ""Very bad school Urdu teachers bully my son every time. And we had to do a day off because of a family matter and the Urdu teacher gave him an F\nDon’t come to this school"", ""date"": ""5 months ago""}, {""author"": ""Sadaf Zahid"", ""rating"": 5, ""text"": ""I found it best for children education, staff give full attention to kids as well as focus on their needs. Hygiene is their utmost preference,  teachers very cooperative and kind to parents"", ""date"": ""3 years ago""}, {""author"": ""Sadaf Zahid"", ""rating"": 5, ""text"": ""I found it best for children education, staff give full attention to kids as well as focus on their needs. Hygiene is their utmost preference,  teachers very cooperative and kind to parents"", ""date"": ""3 years ago""}, {""author"": ""J M"", ""rating"": 1, ""text"": ""Very bad parking arrangements. We residents of sector A feel lots of trouble while driving during their school timings. They are no less ill-discipline then the rest of private schools along the G.T.Road."", ""date"": ""6 years ago""}]",https://lh3.googleusercontent.com/gps-cs-s/AHVAwer9mZAKDuXEBP5DL6S4ZYWiW2QR5VsqEp1IMRllWahk6Ip0xJGFh7Dkvet-1vyXL0ht8oMh-heEK88sOzvSNBavHHsJZez-IznZ4Ou0V3_YOioB-t5HTmcvTNBHRBABEn8Cq4QMfA=w1200-h800|https://lh3.googleusercontent.com/gps-cs-s/AHVAwepaWgj29IMcfJCeRYKzGpE1tVDTdzZckVlKixNTdQmI961ooaE_9NK681xro42ldr3RNxyj1UBOrFxXcNcg6LEAx0ehnlrhMAE7sbBpCCCsF29055rqGofvTKXbHX3PRWsvUzBRv5LXcovH=w1200-h800|https://lh3.googleusercontent.com/a/ACg8ocL9PzWT_Rg5XScwTS1Qw31kHQFedpSkgMEFbP78yt0sXMA-Gw=w1200-h800|https://lh3.googleusercontent.com/a/ACg8ocKmy2jqNA3voU5t9duInHPc8EhZ-4l8tpfMRZhsKXOL9mCz=w1200-h800
Springboard Thematic Montessori and School,"House 22-A, Street 2, Gulraiz Phase VI Phase 6 Gulrez Housing Scheme, Rawalpindi, 46000, Pakistan",Rawalpindi,,+92 333 5950831,http://facebook.com/springboard.school.system,5,3,33.5716907,73.1069996,ChIJE31JoWbt3zgRcGcy9mcsc7k,,https://www.google.com/maps/place/Springboard+Thematic+Montessori+and+School/data=!4m7!3m6!1s0x38dfed66a1497d13:0xb9732c67f6326770!8m2!3d33.5716907!4d73.1069996!16s%2Fg%2F11hzxfrxx2!19sChIJE31JoWbt3zgRcGcy9mcsc7k?authuser=0&hl=en&rclk=1,montessori school Islamabad,Montessori school,{},[],https://lh3.googleusercontent.com/gps-cs-s/AHVAwep3mCZ1nbfoBweUx0qm7aTwktViH0jZg_fzgWKv-uhOkZYpMHexgDvs-r_cv2-Qjfp5dueRCK34EDZU-Jivs8Lh0dmLHPJQNR1b-3Lur6myZMGfaeN1KWiojul8FEOnSBn444t1CQ=w1200-h800|https://lh3.googleusercontent.com/gps-cs-s/AHVAweq2BXdaveRW-S64K25NqS_JhNbzwgSjL22SSn-HWJw17J_4LD9mlkg4l59NExSS4Fkt4pFGtjCRnEMnRBBbcqOOXryyNCdDaNfXk527vF-3FTBLp6-my21_lK1srCa1kmI1FqzngQ=w1200-h800|https://lh3.googleusercontent.com/gps-cs-s/AHVAweoh2cgB5vm7KinhTn4jNhNSUpvKyivv-isgDLqVpVmDEKxz81GeICnIhFNKuNPogATuxT04I-86JHkSGy_1ZdP-hHpSvwxmAaHtRBXacvMfPLQLC2AVGI9dwUSj6EqZ0fM9Tt0B=w1200-h800|https://lh3.googleusercontent.com/gps-cs-s/AHVAwer_N11JSBXUWgxkbfNdutiEafGRfEGX8lC_JcO1aGbd-_4FHMJPrZUW95_nGAWCLd2YChB4txmTBRtynlVecZT0q5dV3Dj3ScTICddUcEe1conIEROZ8icWnA6Gx6TaFSFhsMI=w1200-h800
Foster International School,"Street B-16/2, National Police Foundation, Sector O-9 PWD, Islamabad, Pakistan",Islamabad,PWD,+92 336 6367837,https://www.fosterinternational.edu.pk/,0,0,33.57453,73.1293571,0x38dfed003161bd29:0,,"https://www.google.com/maps/place/Foster+International+School/@33.57453,73.1293571,17z/data=!3m1!4b1!4m6!3m5!1s0x38dfed003161bd29:0x35a703eeff81a8e0!8m2!3d33.57453!4d73.1293571!16s%2Fg%2F11wc2lky26?authuser=0&hl=en&entry=ttu&g_ep=EgoyMDI2MDQwMS4wIKXMDSoASAFQAw%3D%3D",montessori school Islamabad,Primary school,{},[],https://lh3.googleusercontent.com/gps-cs-s/AHVAwequEagsmfBVqPnVobdKadzMI96Pn3uk8LzHhf-DlDXqYSgXr0IRLd7Bz6OaHArxVxu5Po9B7_t0p03lqIeLgrWu7CgZWohRJWncjCjKNO2kjbPfETatIUOrc6OKUHVhRz9Iv2ErMXjSd3s=w1200-h800|https://lh3.googleusercontent.com/gps-cs-s/AHVAweoE5rM54x3CojpgqSOEtNImiBpePla0SslON-5ikmWmkefamLGDV5uoyzlzkKCNvtkzW_VfLMBJzudKw18YrqJ_-6rPvgRPOwrjFdJSPAmW3tyhHwIcy9IO633BaKVKhhQaU4Ae3IFujAzb=w1200-h800|https://lh3.googleusercontent.com/gps-cs-s/AHVAweo-Pf1KqP5XW1t6gBQ9CwuChangytNngJhy2PQ5J_jXFLJ5wbiezspGavwz7nh3-s8lmDP6hBGChYL1GPB91vELUHqZdVTJbxgK92aY1-cD79ZIIonTNjnO-mVictjz1O2vxI-9kqaqK_c=w1200-h800|https://lh3.googleusercontent.com/gps-cs-s/AHVAwerMXCMT9RsAyJLSCBYlovMVPI7r8SWDaXkJnQ4daPnzDKkOk1o7EXAbJ_nPXvFSXMhbKX4ZqGkG9_orliom5FLjvSVInln6X0DFwwpDMqssvLxY2HcHYbhvW996lsSIPPAd12uD=w1200-h800
SLS Montessori & School Gulrez,"H472+7XR, Gulrez-2 Phase 2 Gulrez Housing Scheme, Rawalpindi, Pakistan",Rawalpindi,Gulrez Housing Scheme,+92 51 5595088,http://www.sls.edu.pk/campuses/rawalpindi/gulraiz-campus/,4.7,6,33.5632436,73.1024037,0x38dfecdbac03a071:0,,"https://www.google.com/maps/place/SLS+Montessori+%26+School+Gulrez/@33.5632436,73.1024037,17z/data=!3m1!4b1!4m6!3m5!1s0x38dfecdbac03a071:0x5487654c362869b4!8m2!3d33.5632436!4d73.1024037!16s%2Fg%2F12cpnby7m?authuser=0&hl=en&entry=ttu&g_ep=EgoyMDI2MDQwMS4wIKXMDSoASAFQAw%3D%3D",montessori school Islamabad,Montessori school,{},[],https://lh3.googleusercontent.com/gps-cs-s/AHVAwepG8xCZXcp7pbYwHmWMNVq8nEUtuhF62B7hHwbRjtBxEzpDdUZMn_rkx4nc4nvlchz-Vi6kpipp6tODbEsZc9i8Rmkr3CMSUCSFToi5V85YRWQr-T0-AX2EZ_Jt2Nq7FDQ2xR1riQ=w1200-h800|https://lh3.googleusercontent.com/gps-cs-s/AHVAweoqQ87OuU6Ftn0WEsfSdgA_5H-d3r34nR8tdbYAFh4ngx6sH4EmlTTBfaksfZ6FqdTZibs-XDLYh2GfhC2ZtBZUwTSZP8P_DFj1VdLNftnIqs0v2jLwWEQxkvf2YceHTLLxZkq9nQ=w1200-h800|https://lh3.googleusercontent.com/gps-cs-s/AHVAweqIOAYwmKwxZKq_2DP48qdU3ibBNAOPK4ZAWffmmS33WZLslkMS1RNq3MQJ9RezlCOApjdhF1K3WXd5C3fx-N9yk7snX4phhfIsnQPJ2dHaa6ff1atET6SvVM3xAsZuNXvELLw4ObYgXlgf=w1200-h800|https://lh3.googleusercontent.com/gps-cs-s/AHVAwer_iYlMdGzgufZZXgY3XGyFMT5jgiHUZqN9Ow6kjvMXV0Pc3WRPYqEk7EnJoDOSvb2O4o6Eix5K_ziMeZP95jYtnUcM_xvw_zkabgt3_xtqesOwor5EAqX3m3c8byL7qYZlaWVk=w1200-h800
SLS Montessori & School,"Street 118, G-11/4 G 11/4 G-11, Islamabad, Pakistan",Islamabad,G-11/4,+92 51 2301603,http://www.sls.edu.pk/,1,1,33.6678473,73.0062998,0x38df95f74f868fb3:0,,"https://www.google.com/maps/place/SLS+Montessori+%26+School/@33.6678473,73.0062998,17z/data=!3m1!4b1!4m6!3m5!1s0x38df95f74f868fb3:0xee019001c4b8b277!8m2!3d33.6678473!4d73.0062998!16s%2Fg%2F1tnpjcsp?authuser=0&hl=en&entry=ttu&g_ep=EgoyMDI2MDQwMS4wIKXMDSoASAFQAw%3D%3D",montessori school Islamabad,Combined primary and secondary school,{},[],https://lh3.googleusercontent.com/gps-cs-s/AHVAwep8WmKtHD25C1hmhSw9g26UedE51gZroyCuF68qCxjfCmKgeKMTvIhsGXKpZgRiCV-fsBzxsB84tXpHYZ_KJMKQyoP7zWSWD7LHPNp0nDxjCXY8QnHRdkF0n-24gR8PqR20wYPcQIIZ19wg=w1200-h800|https://lh3.googleusercontent.com/gps-cs-s/AHVAwer_0bYQg4z4kHexY2__pNJoZj52fd8xk2wwSqdHc2WGMnWNOTdM7tqATVz3LMfEP4XN_kMV73vV0DpWFqLTQLRf-AZ2AmNuSwLL4ECGYF0_pbYfQomDTKTkQc8UMFSW0VZQmnqa=w1200-h800|https://lh3.googleusercontent.com/gps-cs-s/AHVAwervrMeIpZ0esZihfb1B7pVMVZiIzLvp-im3ehZj3CDdPI3RP2wnmTrcOWsbwbbs6NZwkxTDAF42BaKDfOfLj6itx-GyvwFe5vMcAEx_2gYc3ToqEVxTIWo9cJg683u0ppr-7To=w1200-h800|https://lh3.googleusercontent.com/gps-cs-s/AHVAwep680QNYt8Fo_1pK-7GJPb5euHzvE0NFAJiBztW6eC7Dgy0oxgUZmqXc1wxxUZ6TYQMFTjAHn-6b8gc8lTOoQ6yeIAbLVCeUXfUjhAlaCsFsMB-_vVbDDisDzDiPjp4mxXoEIc=w1200-h800
Muzayyin Montessori & School,"Street 10, I-10/2 I 10/2 I-10, Islamabad, 46000, Pakistan",Islamabad,I-10/2,+92 51 4101473,,5,28,33.648697,73.0307616,ChIJo25mZKOV3zgRyWT95s2dn5A,,https://www.google.com/maps/place/Muzayyin+Montessori+%26+School/data=!4m7!3m6!1s0x38df95a364666ea3:0x909f9dcde6fd64c9!8m2!3d33.648697!4d73.0307616!16s%2Fg%2F12mkzk4wy!19sChIJo25mZKOV3zgRyWT95s2dn5A?authuser=0&hl=en&rclk=1,montessori school Islamabad,Montessori school,{},[],https://lh3.googleusercontent.com/gps-cs-s/AHVAwepnQEYxr90D8OEcsyo7ENycXRq6-hQtlRKwLWq0LB16B_1RPxodTtRSX41ygLIwTcHtLwtxJj3WVDgfABsPmMMeZCCwSnBI3iuHo5v4YX9lUIncGqisbTOvilUyWJrJgh_3UBs=w1200-h800|https://lh3.googleusercontent.com/gps-cs-s/AHVAwepUHb_rsF_-ACZw2uAuG9WU4pneNxvfh9_QYGkb-Aps0a7MLrVT7UV1mHjj_4NFV1YIAZezx2XPGJCZ6Uum_V1pOtlVkg2tcaRCXTaP46xzvvANxHD-kMAh3pT3ptn_cYNevzOluOCDHQ=w1200-h800|https://lh3.googleusercontent.com/gps-cs-s/AHVAwerfzWV1AFGFhLLZN0ilKS_j4bymPj6cO4Dq30mAbgnIUsdyG-69XSEMlItbaZ8ZHuKqtmB1hYMnT1geOQ7GqJGymNb6IRZSVhMuA605dQ_IHYqEA2TBDy0SrvYUTimhIC5a4kAV4A=w1200-h800|https://lh3.googleusercontent.com/gps-cs-s/AHVAweq9G9aoTFzIEZSVxrKnDA8Gbm7sKtjeNb_D449ntX0ca0jJEgdE-qaN2GNiVaD7gz0gpdZ-LEnK1tuloHKBM-hdE--bbKYByBw-B-p8Dx1aZBZxO7k8uGLFKXBm_-mDWeK2lnAa=w1200-h800
Star Montessori School & Star Academy,"53c Street 3, Railview Housing Society Rawalpindi, Pakistan",Rawalpindi,,,https://business.google.com/create?fp=15763553075724078915&hl=en&authuser=0&gmbsrc=-en-et-ip-z-gmb-s-z-l~mrc%7Cclaimbz%7Cu&ppsrc=GMBMI&utm_campaign=-en-et-ip-z-gmb-s-z-l~mrc%7Cclaimbz%7Cu&utm_source=gmb_mrc81&utm_medium=et&getstarted&lis=0,5,1,33.5963953,73.1213039,0x38dfeddfd91afccd:0,,"https://www.google.com/maps/place/Star+Montessori+School+%26+Star+Academy/@33.5963953,73.1213039,17z/data=!3m1!4b1!4m6!3m5!1s0x38dfeddfd91afccd:0xdac36400e48ccf43!8m2!3d33.5963953!4d73.1213039!16s%2Fg%2F11vhql1d56?authuser=0&hl=en&entry=ttu&g_ep=EgoyMDI2MDQwMS4wIKXMDSoASAFQAw%3D%3D",montessori school Islamabad,Preschool,{},"[{""author"": ""Hafiz Raja Asif Mehmood Advocate"", ""rating"": 5, ""text"": ""Excellent services"", ""date"": ""2 years ago""}, {""author"": ""Hafiz Raja Asif Mehmood Advocate"", ""rating"": 5, ""text"": ""Excellent services"", ""date"": ""2 years ago""}]",https://lh3.googleusercontent.com/a-/ALV-UjVo0IFO8SnmiNlSjB6lO3a-UB6yZ3u2PsSF6CmkWv7iTUvtk0dh=w1200-h800|https://lh3.googleusercontent.com/gps-cs-s/AHVAweqeKClwr62b0_Jskdw8EjLabRUeBlGysW84OAXBZVSZND_CfyrlEd2uyTrQs3ImaQei2JVJvBAWmo0kDGfRx_3_E2OsFTz6eXGmHiE-N5w319fD5a_oH7FL3kIFZiuQPWNX3Av2=w1200-h800|https://lh3.googleusercontent.com/gps-cs-s/AHVAwep8SMhHgul9SAsIaRlrlfYDwyRLtBT63jc9EHAAgLTHexj_s-b0AUKsqn_jlYH7k_6dH7szc-OvUTwIdlMXzMAOg7_VNC2uVkRRRbVAmQAy49-jQK6CC65Jg7UQVMLAaFPYKspC=w1200-h800
"SLS Montessori School & College, PWD Primary Branch.","House 929 C 8 Rd, Block B Block C Police Foundation, Islamabad, Pakistan",Islamabad,Police Foundation,+92 313 5612928,https://business.google.com/create?fp=15919543050550838563&hl=en&authuser=0&gmbsrc=-en-et-ip-z-gmb-s-z-l~mrc%7Cclaimbz%7Cu&ppsrc=GMBMI&utm_campaign=-en-et-ip-z-gmb-s-z-l~mrc%7Cclaimbz%7Cu&utm_source=gmb_mrc81&utm_medium=et&getstarted&lis=0,0,0,33.575172,73.128965,0x38dfedcde4b0beb1:0,,"https://www.google.com/maps/place/SLS+Montessori+School+%26+College,+PWD+Primary+Branch./@33.575172,73.128965,17z/data=!3m1!4b1!4m6!3m5!1s0x38dfedcde4b0beb1:0xdced940f229f0523!8m2!3d33.575172!4d73.128965!16s%2Fg%2F11gw1n2tfv?authuser=0&hl=en&entry=ttu&g_ep=EgoyMDI2MDQwMS4wIKXMDSoASAFQAw%3D%3D",montessori school Islamabad,General education school,{},[],https://lh3.googleusercontent.com/gps-cs-s/AHVAwep680QNYt8Fo_1pK-7GJPb5euHzvE0NFAJiBztW6eC7Dgy0oxgUZmqXc1wxxUZ6TYQMFTjAHn-6b8gc8lTOoQ6yeIAbLVCeUXfUjhAlaCsFsMB-_vVbDDisDzDiPjp4mxXoEIc=w1200-h800|https://lh3.googleusercontent.com/gps-cs-s/AHVAweof-R46XUJI7p8CGhQaioLOtAmIs8Bv244x9ZlPmlLn3f_cOOimkUOQLwjexZoC4WMLfVfetejfWuVKzwjhhE2GZmJvkGPyBHK2tKMoRxym-RU57-vUsnuHo2AhFgvDTY3mvX-BlA=w1200-h800|https://lh3.googleusercontent.com/gps-cs-s/AHVAweq80GoRSWQZELhbXS3Bp98DIPzMle30QaiEuN4M5F9ZeWtZbQxLHr3Gv8D51Mvk7bkHJGhCpuyycDPXODYvV-f0nuEgQskzB2ph0l8tKcDO4fcCBKE2JRE_rK44zh8RS_0byR9f=w1200-h800|https://lh3.googleusercontent.com/gps-cs-s/AHVAweqfioTYckaFsXulUw9nUv-XOiHEQlwZ8Xf61ySUl2A46pgfctrrpgYJvI_kTWkceNs_JEN_rbEIMn9SmFyfV53GSQPeY0XlXstQPJVeD0sOsdkA3bY-kLGC2xfkfe2eCRHTqQS7=w1200-h800
Bloomfield International School,"Plot 101 St. 21, Korang Town, Islamabad, 44000, Pakistan",Islamabad,Korang Town,+92 51 5957271,,5,2,33.57472,73.1370723,0x38dfec588d56fc7b:0,,"https://www.google.com/maps/place/Bloomfield+International+School/@33.57472,73.1370723,17z/data=!3m1!4b1!4m6!3m5!1s0x38dfec588d56fc7b:0xb17221dba5f3bf4e!8m2!3d33.57472!4d73.1370723!16s%2Fg%2F11g8b6d6hg?authuser=0&hl=en&entry=ttu&g_ep=EgoyMDI2MDQwMS4wIKXMDSoASAFQAw%3D%3D",montessori school Islamabad,International school,{},[],https://lh3.googleusercontent.com/gps-cs-s/AHVAweptJosBfViqi1Wr3Y7W3Raf54v_JNlsoIxn-6M7mijIWGK1ucWW26GVPoM3dRoyIiuCAiZX1o9Ag491a2xznHedCGYMrz7MqUJJ27DZb2YvdVr0MCS16AUvBQhyodYfS9gkJq9CGBlpMUqD=w1200-h800|https://lh3.googleusercontent.com/gps-cs-s/AHVAweqVcJVFHFoIW9PiMQnp5RJhN0PuvxfhMM0mhL8ceHZq9gcOg22-F4kNFkMpnOow-H8TTVvQdEj1ti1qN8Pd_tANne8Dm_FhkAwnUlSqY88Bk2UMRtHuJzkCgMhF8rK42V-ItUVvHwjiYkLw=w1200-h800|https://lh3.googleusercontent.com/gps-cs-s/AHVAwern6YxOp0AqjezYwUDnsFVl3SZ4MmQsME8u6NTWaSXeHqsoEnXHSZLKA1FSIORRNYRMEVs4i0hfJXdoPdfzFwmNqloEoyq-zPY6b-Ri72YDiPUOQynb7XOXR21A2i-dhjeUFexF3pEC9D0t=w1200-h800|https://lh3.googleusercontent.com/gps-cs-s/AHVAweqS3FhW3qA8NApv_F3xj56d2ukc1RyktyyL4hkmCxNE2N4wGAOnFqc8wEbqUGWXEbnwQRn5DCDqHwwU1AtbGlQgra39R8V8O21P7GHz7obQm41q5rAax7cXEaW4WJ6cNeozMK16sg=w1200-h800
We Bridge Learning School,"St. 11, Ghauri Garden, Islamabad, 44000, Pakistan",Islamabad,Ghauri Garden,+92 335 5494750,,4.8,8,33.6302892,73.1382575,ChIJXdyHyILr3zgRBaUtE7bZ4KA,,https://www.google.com/maps/place/We+Bridge+Learning+School/data=!4m7!3m6!1s0x38dfeb82c887dc5d:0xa0e0d9b6132da505!8m2!3d33.6302892!4d73.1382575!16s%2Fg%2F11j83ydwzn!19sChIJXdyHyILr3zgRBaUtE7bZ4KA?authuser=0&hl=en&rclk=1,montessori school Islamabad,Educational institution,{},"[{""author"": ""Kiran Abbas"", ""rating"": 5, ""text"": ""\""We Bridge Learning School provides a safe and positive learning environment for students. With dedicated teachers and quality education, it is an excellent choice for a bright future.”"", ""date"": ""Edited 3 months ago""}, {""author"": ""Kiran Abbas"", ""rating"": 5, ""text"": ""\""We Bridge Learning School provides a safe and positive learning environment for students. With dedicated teachers and quality education, it is an excellent choice for a bright future.”"", ""date"": ""Edited 3 months ago""}, {""author"": ""Urwa Zafar"", ""rating"": 5, ""text"": ""\""I deeply admire for its commitment to academic excellence, student development, and innovative teaching practices.\"""", ""date"": ""a year ago""}, {""author"": ""Urwa Zafar"", ""rating"": 5, ""text"": ""\""I deeply admire for its commitment to academic excellence, student development, and innovative teaching practices.\"""", ""date"": ""a year ago""}, {""author"": ""Rehana Kausar"", ""rating"": 5, ""text"": ""It's good and positive place not only for students but also for teachers and parents. 😀😃😄😁👍😍 …"", ""date"": ""a year ago""}]",https://lh3.googleusercontent.com/gps-cs-s/AHVAwepULvtGeFvqZJgbYoEXEnDL60Xvltjds1nUnhtWokC8FjeTciKK1PBnCOcAfOBZHJ1SDkhk_s_GsDV_WU6mQt9dP29-02FUtQfzSJtunjNteGzy_-DC3-6swIm733p6TRAJWiOa9P9az0dw=w1200-h800|https://lh3.googleusercontent.com/gps-cs-s/AHVAweo6hJ4wEJuKANdCpNFM_BZcRw1nhg6yxvpaaG5OEl-8171j18m_2shLLijMADTLcmiZ9XHghEqJBjc3vnxXzLJvawigpahR32T6RwduGR32V1BfdGVtTDeTC-QtFypuLUwcMTMo26RxM0k=w1200-h800|https://lh3.googleusercontent.com/gps-cs-s/AHVAweqX4LbtZ8GPFC8bvoc-iJTWh7WFdiAgQkrBMEcfDYhzdi8-eGIwtRnB35Q0mD1_oN-vHN5oPShBNIG1-1UP8sYKfksvsgyc2CWDX7CnucmyAhVBasEHCJsbUfgculEnLGAkjDCa=w1200-h800|https://lh3.googleusercontent.com/gps-cs-s/AHVAweqxSfwLt_swl_X3lfqOZ5xK2OvahBJvwtKEkfNrN8PKuI4-POtTwJl1Yko4H_ca4G5e6GbotuQhXZv5M9HubrKRUOVKHuMAyLkteSCYWuvp4NOhkPCr9WfvVc-mE5l2p3zmrad5xA=w1200-h800
SLS Montessori School,"841 B 11/2 Rd, Block B Police Foundation, Rawalpindi, Pakistan",Islamabad,Police Foundation,,https://business.google.com/create?fp=8308058378371978089&hl=en&authuser=0&gmbsrc=-en-et-ip-z-gmb-s-z-l~mrc%7Cclaimbz%7Cu&ppsrc=GMBMI&utm_campaign=-en-et-ip-z-gmb-s-z-l~mrc%7Cclaimbz%7Cu&utm_source=gmb_mrc81&utm_medium=et&getstarted&lis=0,0,0,33.5716184,73.1304196,ChIJu3Dum0rt3zgRadMRwBMnTHM,,https://www.google.com/maps/place/SLS+Montessori+School/data=!4m7!3m6!1s0x38dfed4a9bee70bb:0x734c2713c011d369!8m2!3d33.5716184!4d73.1304196!16s%2Fg%2F11t53xq04f!19sChIJu3Dum0rt3zgRadMRwBMnTHM?authuser=0&hl=en&rclk=1,montessori school Islamabad,Primary school,{},[],https://lh3.googleusercontent.com/gps-cs-s/AHVAweof-R46XUJI7p8CGhQaioLOtAmIs8Bv244x9ZlPmlLn3f_cOOimkUOQLwjexZoC4WMLfVfetejfWuVKzwjhhE2GZmJvkGPyBHK2tKMoRxym-RU57-vUsnuHo2AhFgvDTY3mvX-BlA=w1200-h800|https://lh3.googleusercontent.com/gps-cs-s/AHVAweq80GoRSWQZELhbXS3Bp98DIPzMle30QaiEuN4M5F9ZeWtZbQxLHr3Gv8D51Mvk7bkHJGhCpuyycDPXODYvV-f0nuEgQskzB2ph0l8tKcDO4fcCBKE2JRE_rK44zh8RS_0byR9f=w1200-h800|https://lh3.googleusercontent.com/gps-cs-s/AHVAwep680QNYt8Fo_1pK-7GJPb5euHzvE0NFAJiBztW6eC7Dgy0oxgUZmqXc1wxxUZ6TYQMFTjAHn-6b8gc8lTOoQ6yeIAbLVCeUXfUjhAlaCsFsMB-_vVbDDisDzDiPjp4mxXoEIc=w1200-h800|https://lh3.googleusercontent.com/gps-cs-s/AHVAweqO121MBQDEAJ5qZ5ZtHeLPT2tWnqnD47okXuOcdcSGh-YIGBl8LYfm4PMCyjKCs2mHllCXattSrYoDbGU5aRdkhU5KYtONs0r_Wji-8f9NgqmagCUkLFh9MXsXTtjDSG8sYnLfCg=w1200-h800
GAiLs Montessori & School,"C Block, House No, 69 Street Number 18, Pwd, Islamabad, 44000, Pakistan",Islamabad,PWD,+92 312 5298869,,4.3,7,33.5695388,73.144284,ChIJOzF2VlDs3zgRkpHQ47EWTuM,,https://www.google.com/maps/place/GAiLs+Montessori+%26+School/data=!4m7!3m6!1s0x38dfec505676313b:0xe34e16b1e3d09192!8m2!3d33.5695388!4d73.144284!16s%2Fg%2F11f120n5kd!19sChIJOzF2VlDs3zgRkpHQ47EWTuM?authuser=0&hl=en&rclk=1,montessori school Islamabad,Education center,{},"[{""author"": ""Prince Aadi"", ""rating"": 5, ""text"": ""Being a Graphics Designer I've done their lots of banner and designs different things,  I've met every teacher and they're quite hard workers.  They do their best. This school is Good.  Highly recommended"", ""date"": ""2 years ago""}, {""author"": ""Prince Aadi"", ""rating"": 5, ""text"": ""Being a Graphics Designer I've done their lots of banner and designs different things,  I've met every teacher and they're quite hard workers.  They do their best. This school is Good.  Highly recommended"", ""date"": ""2 years ago""}, {""author"": ""Kinza Osman"", ""rating"": 5, ""text"": """", ""date"": ""Edited a year ago""}, {""author"": ""Kinza Osman"", ""rating"": 5, ""text"": """", ""date"": ""Edited a year ago""}, {""author"": ""Rida Zehra"", ""rating"": 1, ""text"": ""We will appreciate to have your feedback to improve our standards"", ""date"": ""2 years ago""}]",https://lh3.googleusercontent.com/gps-cs-s/AHVAweoJOFayIGQXW0CpAoIk0njz7Br8Kj58owaGFDkQP9aomS_GptoURxFTH7tcalO374_Ms5OpJqh0LynjD-7_A_NAu4vnT2Uu7V7NAWGP6FyVjYXOUiGeMFVVw2FXbf5XQvkPcFGu=w1200-h800|https://lh3.googleusercontent.com/gps-cs-s/AHVAwerQv_IYIRvZEDwJ7nqd_X13_-rsVUPtz8T-nom9jCbqglttEfbj0KXK3guO4MvBRcdv-LfXVhxFkA-7uLzfaA7AdaOLUqYM82Y-70BqLdaSskl20xJdHrdKlEUFbvdDWd3XWSVP=w1200-h800|https://lh3.googleusercontent.com/gps-cs-s/AHVAweqt_xtHs7GdNxXBTvugIXh_nZsblyfJxS_5H7FoXWhGZyYuK_83coa2Sibm4M9hSz-p6F5UdR3B74XTvHWejAw2-YXrt7x6Ee7VECUBpZ7mYHzreZydzAN9m_rvbNBF-1wUXSQ=w1200-h800|https://lh3.googleusercontent.com/a-/ALV-UjWk2gas78Y0A_VJJT9k4dxR0IIq9Q0JI_JbYkTDvaTJtF2Xuwon=w1200-h800
Future Smart Inclusive School,"319 A 1 Rd, O-9 Block A Police Foundation, Islamabad, Pakistan",Islamabad,Police Foundation,+92 305 8880038,http://www.futuresmarted.com/,4.3,6,33.5662634,73.1343878,0x38dfedbe1e668f67:0,,"https://www.google.com/maps/place/Future+Smart+Inclusive+School/@33.5662634,73.1343878,17z/data=!3m1!4b1!4m6!3m5!1s0x38dfedbe1e668f67:0x1303e74e955c74ee!8m2!3d33.5662634!4d73.1343878!16s%2Fg%2F11nxwx1c54?authuser=0&hl=en&entry=ttu&g_ep=EgoyMDI2MDQwMS4wIKXMDSoASAFQAw%3D%3D",preschool Islamabad,Kindergarten,{},"[{""author"": ""jawad shiekh"", ""rating"": 5, ""text"": ""FANTASTIC, PROFESSIONAL,TRUSTWORTHY these are the three words that translate my experience with this school. My son is going there since 3 months and  I think this was one of the best decisions of my life."", ""date"": ""3 years ago""}, {""author"": ""jawad shiekh"", ""rating"": 5, ""text"": ""FANTASTIC, PROFESSIONAL,TRUSTWORTHY these are the three words that translate my experience with this school. My son is going there since 3 months and  I think this was one of the best decisions of my life."", ""date"": ""3 years ago""}, {""author"": ""Hiraah Malik"", ""rating"": 5, ""text"": ""Can we finish the social work required by the university here?"", ""date"": ""a year ago""}, {""author"": ""Hiraah Malik"", ""rating"": 5, ""text"": ""Can we finish the social work required by the university here?"", ""date"": ""a year ago""}, {""author"": ""Zumra Ali"", ""rating"": 5, ""text"": ""Best in town ⭐️ highly recommended"", ""date"": ""a year ago""}]",https://lh3.googleusercontent.com/gps-cs-s/AHVAweod7idL-ptiKbosKHCrEK_ufx--K-OFaLHyTRb_jsaXRBqU3IllMhL3hJyPRu-9uukIL4XLQaEAE2ufPEjiBLlwoWUuma81iPV65NmY_7JlxXJK-HbO6XPyvzW3b1HrjdHgD1hU=w1200-h800|https://lh3.googleusercontent.com/gps-cs-s/AHVAweqsuKx0F9lcNtpABcj1g-MKHtp7PwZ0XOXiQXwrSJkH1rjuemKEvEC1XCtMa-psI9jrVtBeQWVz8i03eBzYNHempmEBJXQsMaaXnvcsP3-9UJ1rsOM4aWVn04v3DSoNWvxzvCAwcQ=w1200-h800|https://lh3.googleusercontent.com/gps-cs-s/AHVAweo7DgGw3Fdx8-Ss6z9f6IYxJYjmdUdCtY8m4M2fOYhfasZdmsbHFeHdDvf0krEUJU7n1GsTyPpH0ekLTPOXpekbeG1DVW48JADpNZBOF8aD-r_-Ds0BJMX-JnN7wLCbbPckv4G-srO01p4v=w1200-h800|https://lh3.googleusercontent.com/a/ACg8ocKtqwArldjiXwcfvUeJOqkbRyjmurNT3NZ8iQG0HA58XTO5fw=w1200-h800
Islamabad Montessori Pre School,"Muslim Town Barakahu, Islamabad, 45400, Pakistan",Islamabad,Islamabad,+92 316 0542157,https://business.google.com/create?fp=12951931330984764502&hl=en&authuser=0&gmbsrc=-en-et-ip-z-gmb-s-z-l~mrc%7Cclaimbz%7Cu&ppsrc=GMBMI&utm_campaign=-en-et-ip-z-gmb-s-z-l~mrc%7Cclaimbz%7Cu&utm_source=gmb_mrc81&utm_medium=et&getstarted&lis=0,5,1,33.7391353,73.1878641,ChIJf6iiKAnD3zgRVmSZWuyAvrM,,https://www.google.com/maps/place/Islamabad+Montessori+Pre+School/data=!4m7!3m6!1s0x38dfc30928a2a87f:0xb3be80ec5a996456!8m2!3d33.7391353!4d73.1878641!16s%2Fg%2F11t49mdbrz!19sChIJf6iiKAnD3zgRVmSZWuyAvrM?authuser=0&hl=en&rclk=1,preschool Islamabad,Montessori preschool,{},[],https://lh3.googleusercontent.com/gps-cs-s/AHVAweoBy8gTQkjTgFr78gRBttSVd0zcRd5q4td5XnS5O_3oFcB7BYDDGGV-S4cP_xrkJiwc3qt_U7pwZM05JYrz_CZAitN5bmO5YqdR2luLwf3hirUIfJRhwEp0q40oodPDVmlKIMA=w1200-h800|https://lh3.googleusercontent.com/gps-cs-s/AHVAwerQ-zHANoQfGJ6KzaI0BDtfzxuIdD25iHKFrCTboBrX_C4R8RcDMZhB6Uf-l9aY3ryXpOGmG8I-yllPbYBTshUItYtD3raknYv97tpJSlkX47H4_2ggPUthrmg6gsU2ZvnXUQk=w1200-h800|https://lh3.googleusercontent.com/gps-cs-s/AHVAweoOfaux2rw_AIMW_w-7s-mfYARCYR3__Ej6euAYOA2vdsE49X78FzLnoovU-J_GVoCZ8KfXtXjmnEcx6Tt9PcQkTjXqr0OfLNTqoWPfbeoAoOhO-q188tJ_kboldzb0XrFP-oLhMw=w1200-h800|https://lh3.googleusercontent.com/gps-cs-s/AHVAwerPqkB9-sq9xmo_DW9Ko-QX2DxvXUa9AXnfgXz8vhBM-uqWErZ6xAJs35hsAO2k3eBIbh4P_Zo5UDPrRlSGj30qch59I8iuULL9DgpmqH4gzzRNj9OVPZ1vua4hYWWJyo6TjJ0x=w1200-h800
Early Years' Studio by Edopia,"Plot No. 1-F, Class-3 shopping center # 4-A, Sector I-8/2 I 8/2 I-8, Islamabad, 44000, Pakistan",Islamabad,I-8/2,+92 51 8432824,http://www.edopia.org/,5,4,33.6711135,73.068929,0x38df9510aaa75d47:0,,"https://www.google.com/maps/place/Early+Years'+Studio+by+Edopia/@33.6711135,73.068929,17z/data=!3m1!4b1!4m6!3m5!1s0x38df9510aaa75d47:0x136f9bd0c1302182!8m2!3d33.6711135!4d73.068929!16s%2Fg%2F11t5l5jcq0?authuser=0&hl=en&entry=ttu&g_ep=EgoyMDI2MDQwMS4wIKXMDSoASAFQAw%3D%3D",preschool Islamabad,Nursery school,{},"[{""author"": ""Maham Nadeem"", ""rating"": 5, ""text"": ""My second home 🫶🏻 …"", ""date"": ""5 months ago""}, {""author"": ""Maham Nadeem"", ""rating"": 5, ""text"": ""My second home 🫶🏻 …"", ""date"": ""5 months ago""}, {""author"": ""Abaseen Tahir"", ""rating"": 5, ""text"": ""Zariyah. Invited\nMustafa invited\nJibu invited\nEshmal invites\n\nZeenia\nHajra\nTania"", ""date"": ""8 months ago""}, {""author"": ""Abaseen Tahir"", ""rating"": 5, ""text"": ""Zariyah. Invited\nMustafa invited\nJibu invited\nEshmal invites\n\nZeenia\nHajra\nTania"", ""date"": ""8 months ago""}, {""author"": ""emaanabbasi abbasi"", ""rating"": 5, ""text"": """", ""date"": ""a year ago""}]",https://lh3.googleusercontent.com/gps-cs-s/AHVAwep90Y03MLBfTl2bld56tEnd-FcIeUAt2VoGbCaQ2EdrrpNGHiJRTNT9eaodXcEy2Ym8uIzDudrSn-KOnAF0r0XScDHAWQXD2VQBNygyinCcBW4CWXpUAIsIy59a146PaMX-itLVOg=w1200-h800|https://lh3.googleusercontent.com/gps-cs-s/AHVAweryGXmxRJWdKIdmAFoG49lLYLFMqBzuvTfYdpD7Z9_Hdbny7s7lfCPmoTlFcVAa2BNHjhYYdxsqRLkwr09KTjvE17noVzdkqgINvtwaHtuiV-r0CfM_e-pv-D2WTgClM41xU6E=w1200-h800|https://lh3.googleusercontent.com/a-/ALV-UjVHg7uEOPOlQuZkBWruLYETl5JPUsxAtjb_IqSxkzCOPL3i2CMO=w1200-h800|https://lh3.googleusercontent.com/a-/ALV-UjV8LhX_t2tIOCG0x0MxNT1vbuSSDyj0fnMXnqBKZsfMi8BkpjEKow=w1200-h800
House of Children,"Imran Khan Chowk, H# 3, St 10, Banigala Greens, Qasim Avenue, Bani Gala, Islamabad, 44000, Pakistan",Islamabad,Bani Gala,+92 323 8144086,,0,0,33.7185671,73.1849247,ChIJpSDGmszD3zgRM6jhHTbFM5I,,https://www.google.com/maps/place/House+of+Children/data=!4m7!3m6!1s0x38dfc3cc9ac620a5:0x9233c5361de1a833!8m2!3d33.7185671!4d73.1849247!16s%2Fg%2F11zkt6ws80!19sChIJpSDGmszD3zgRM6jhHTbFM5I?authuser=0&hl=en&rclk=1,preschool Islamabad,Montessori preschool,{},[],https://lh3.googleusercontent.com/gps-cs-s/AHVAwepHVz5iuoY3Bx6v26J6ywO-2klnH3sMz8NYj0PtFMt5zgCUPDCDv2bTa9FZ5Y51ViavPhvOqYikkzhKgCERlA2PHi_exYaoIPbWt2QzmLOQ1ig1VP2Qvxj9PoYLqXtB8oIWM2-p8pY3nvw=w1200-h800
Toddlers Academy,"Municipal Rd, G-6-1, G-6, G 6/1 G-6, Islamabad, 44000, Pakistan",Islamabad,G-6,+92 51 2501168,https://business.google.com/create?fp=5318401196503980270&hl=en&authuser=0&gmbsrc=-en-et-ip-z-gmb-s-z-l~mrc%7Cclaimbz%7Cu&ppsrc=GMBMI&utm_campaign=-en-et-ip-z-gmb-s-z-l~mrc%7Cclaimbz%7Cu&utm_source=gmb_mrc81&utm_medium=et&getstarted&lis=0,4,16,33.7118005,73.0825269,ChIJ8d61MIm_3zgR7tihyrXBzkk,,https://www.google.com/maps/place/Toddlers+Academy/data=!4m7!3m6!1s0x38dfbf8930b5def1:0x49cec1b5caa1d8ee!8m2!3d33.7118005!4d73.0825269!16s%2Fg%2F12mkw9j8d!19sChIJ8d61MIm_3zgR7tihyrXBzkk?authuser=0&hl=en&rclk=1,preschool Islamabad,Nursery school,{},"[{""author"": ""Muhammad Ismail"", ""rating"": 5, ""text"": ""Very best academy called people toddlers and here our kids future is bright seems"", ""date"": ""8 years ago""}, {""author"": ""Muhammad Ismail"", ""rating"": 5, ""text"": ""Very best academy called people toddlers and here our kids future is bright seems"", ""date"": ""8 years ago""}, {""author"": ""Muhammad Kamran"", ""rating"": 3, ""text"": ""Pre nursery, nursery, prep classes etc."", ""date"": ""8 years ago""}, {""author"": ""Muhammad Kamran"", ""rating"": 3, ""text"": ""Pre nursery, nursery, prep classes etc."", ""date"": ""8 years ago""}, {""author"": ""Z1 2"", ""rating"": 3, ""text"": ""So beautiful"", ""date"": ""a year ago""}]",https://lh3.googleusercontent.com/gps-cs-s/AHVAwepmCn7EQokhlU1AKVY6XfTKyAi3_vfLDY0l0glu2-tl6K2bFb0iek1ZaMYqY3nP3B-PKyRYUunG9eKmbdMBHo61se2HvUHTN4TKpaw3uRXY5mqtLKuC9fZKdkhMjLNOe9H-pExu=w1200-h800|https://lh3.googleusercontent.com/gps-cs-s/AHVAweqhkYvTc6c7xrq7nPgd-B7AknMmbIS0zQpgsFJvFFi2wSyT7qVcmpoqaTR7YNmugU4AX1Ecjbb5czi6f4V9TGbECQbq-qJDvHYxYw67IdjHaXNtmrTxFw6SaoJ7HIO5VV54MM3ltg=w1200-h800|https://lh3.googleusercontent.com/a-/ALV-UjW3DMD-PrgA_eUYwKTUJG7Wp-loyNr9ogtB6QgEgTMMWjnswE3Z=w1200-h800|https://lh3.googleusercontent.com/a-/ALV-UjVsQAzbIjm_DGaCddGNLU5jAgsehGrsNvQ_1XNP3gNiBS_kIKDn=w1200-h800
Coral Preschool & Activity Centre-Islamabad,"House 241 Major Rd, F-11/4 F 11/4 F-11, Islamabad, Pakistan",Islamabad,F-11/4,,https://business.google.com/create?fp=13547675947024652544&hl=en&authuser=0&gmbsrc=-en-et-ip-z-gmb-s-z-l~mrc%7Cclaimbz%7Cu&ppsrc=GMBMI&utm_campaign=-en-et-ip-z-gmb-s-z-l~mrc%7Cclaimbz%7Cu&utm_source=gmb_mrc81&utm_medium=et&getstarted&lis=0,5,8,33.6862094,72.9950195,0x38dfbf0df3323a35:0,,"https://www.google.com/maps/place/Coral+Preschool+%26+Activity+Centre-Islamabad/@33.6862094,72.9950195,17z/data=!3m1!4b1!4m6!3m5!1s0x38dfbf0df3323a35:0xbc03037ec2821900!8m2!3d33.6862094!4d72.9950195!16s%2Fg%2F11l1d1msz6?authuser=0&hl=en&entry=ttu&g_ep=EgoyMDI2MDQwMS4wIKXMDSoASAFQAw%3D%3D",preschool Islamabad,Preschool,{},"[{""author"": ""Sana Sheikh"", ""rating"": 5, ""text"": ""Coral Pre-School & Activity Centre F-11 has been an amazing experience for our child! The teachers are warm, dedicated, and truly care about each child’s growth, social development, behavior and happiness. The environment is safe, nurturing, and full of creative learning activities. We’ve seen such a positive change in our child’s confidence and communication. Highly recommend to any parent looking for a quality early education!"", ""date"": ""11 months ago""}, {""author"": ""Sana Sheikh"", ""rating"": 5, ""text"": ""Coral Pre-School & Activity Centre F-11 has been an amazing experience for our child! The teachers are warm, dedicated, and truly care about each child’s growth, social development, behavior and happiness. The environment is safe, nurturing, and full of creative learning activities. We’ve seen such a positive change in our child’s confidence and communication. Highly recommend to any parent looking for a quality early education!"", ""date"": ""11 months ago""}, {""author"": ""Anum Ali"", ""rating"": 5, ""text"": ""Coral F-11 is an exceptional place for kids! My daughter has been attending for a while now, and I couldn't be happier with our choice. After visiting over ten preschools in the F-6 to F-11 area of Islamabad, Coral stood out as an instant yes for us.\n\nThe owner, Mam Nargis, is incredibly accommodating and truly understands the needs of both parents and toddlers. Coral follows the Finnish education system, and its benefits are evident the moment you step inside. The environment is clutter-free and peaceful, emphasizing activities that foster growth and development rather than forceful learning and homework.\n\nCoral features separate rooms for lunch, a sand pit, art, and math, among others. This setup is a refreshing change from preschools that confine children to a single, cramped space.\n\nIf you're looking for a clean, peaceful, and clutter-free environment that focuses on play-based activities for your child's growth, I highly recommend Coral F-11."", ""date"": ""a year ago""}, {""author"": ""Anum Ali"", ""rating"": 5, ""text"": ""Coral F-11 is an exceptional place for kids! My daughter has been attending for a while now, and I couldn't be happier with our choice. After visiting over ten preschools in the F-6 to F-11 area of Islamabad, Coral stood out as an instant yes for us.\n\nThe owner, Mam Nargis, is incredibly accommodating and truly understands the needs of both parents and toddlers. Coral follows the Finnish education system, and its benefits are evident the moment you step inside. The environment is clutter-free and peaceful, emphasizing activities that foster growth and development rather than forceful learning and homework.\n\nCoral features separate rooms for lunch, a sand pit, art, and math, among others. This setup is a refreshing change from preschools that confine children to a single, cramped space.\n\nIf you're looking for a clean, peaceful, and clutter-free environment that focuses on play-based activities for your child's growth, I highly recommend Coral F-11."", ""date"": ""a year ago""}, {""author"": ""Uswa Areeb"", ""rating"": 5, ""text"": ""coral is a great gate way for your child if you are looking for an institute that can inculcate knowledge in your child as a fun practice and build his mental and educational well being at the same time unlike conventional systems of education. My 4 years old goes to school happily without any hectic and forceful load that makes him worry about going to school."", ""date"": ""2 years ago""}]",https://lh3.googleusercontent.com/gps-cs-s/AHVAwepwT8yxodcAtwSLSrQopL8tgFUBqBK8J5LGlQ2OkEKb5n3sQ8dXbkDj84CDFwGAoIZUjtPcatHVT-ZNJUo0iRUKQdgiDFzKW_1MkNiXJIzv-GtyHvStwSa17yTwot9ViqAqawimGw=w1200-h800|https://lh3.googleusercontent.com/gps-cs-s/AHVAwepmiteoU8R-YkDvCsSVn9zDfr00DJMQepuX9o21703Pnq5FGGgHec5Ly9IE2xfOiS7pKxZr7xECQpPh8HiPlY2qlAiwdAhSuGTkwBqSuvVu0iQoX4c9FYaSCl8IuSe05keWTmA4zA=w1200-h800|https://lh3.googleusercontent.com/a-/ALV-UjWxtKl24vrLcRUIPVzXl2SuG0aXm7NdpTu3DHtQoJUL8EhPfFc=w1200-h800|https://lh3.googleusercontent.com/a/ACg8ocJILb36PK4EMG5FmVKzo47JiypW_6bKM2dDPRE4N691svNruA=w1200-h800
EdenBridge Grammar,"Edenbridge Grammar, National, near Eden Marquee, Police Foundation, Islamabad, 44000, Pakistan",Islamabad,Police Foundation,+92 333 6274343,https://edenbridgegrammar.com/,5,12,33.5753011,73.1315263,0x38df95314d3ad73f:0,,"https://www.google.com/maps/place/EdenBridge+Grammar/@33.5753011,73.1315263,17z/data=!3m1!4b1!4m6!3m5!1s0x38df95314d3ad73f:0x1a574f24a0bc140a!8m2!3d33.5753011!4d73.1315263!16s%2Fg%2F11ysd95_lf?authuser=0&hl=en&entry=ttu&g_ep=EgoyMDI2MDQwMS4wIKXMDSoASAFQAw%3D%3D",preschool Islamabad,Educational institution,{},"[{""author"": ""smashedbros"", ""rating"": 5, ""text"": ""This grammar school exemplifies excellence in every aspect of education. The academic standards are exceptionally high, fostering a culture of discipline, ambition, and intellectual curiosity. The teaching quality is outstanding, with dedicated educators who demonstrate both deep subject expertise and a genuine commitment to student success.\n\nThe school’s infrastructure is equally impressive, offering a modern, well-maintained, and inspiring learning environment. From advanced classrooms to excellent facilities that support both academic and extracurricular development, students are provided with everything they need to thrive.\n\nOverall, this institution sets a remarkable benchmark for educational achievement and student development."", ""date"": ""a month ago""}, {""author"": ""smashedbros"", ""rating"": 5, ""text"": ""This grammar school exemplifies excellence in every aspect of education. The academic standards are exceptionally high, fostering a culture of discipline, ambition, and intellectual curiosity. The teaching quality is outstanding, with dedicated educators who demonstrate both deep subject expertise and a genuine commitment to student success.\n\nThe school’s infrastructure is equally impressive, offering a modern, well-maintained, and inspiring learning environment. From advanced classrooms to excellent facilities that support both academic and extracurricular development, students are provided with everything they need to thrive.\n\nOverall, this institution sets a remarkable benchmark for educational achievement and student development."", ""date"": ""a month ago""}, {""author"": ""IPC 1"", ""rating"": 5, ""text"": ""I have nothing but positive things to say about Eden bridge grammar school. They have created an outstanding learning environment and are genuinely invested in every student’s success, fostering a positive and inspiring atmosphere.\n\nI’m particularly impressed by how the school has embraced AI within the curriculum, demonstrating a forward-thinking approach that prepares students with the skills they need for the future. I would highly recommend this progressive school."", ""date"": ""a month ago""}, {""author"": ""IPC 1"", ""rating"": 5, ""text"": ""I have nothing but positive things to say about Eden bridge grammar school. They have created an outstanding learning environment and are genuinely invested in every student’s success, fostering a positive and inspiring atmosphere.\n\nI’m particularly impressed by how the school has embraced AI within the curriculum, demonstrating a forward-thinking approach that prepares students with the skills they need for the future. I would highly recommend this progressive school."", ""date"": ""a month ago""}, {""author"": ""Muneeb Mushtaq"", ""rating"": 5, ""text"": ""Eden Bridge Grammar School is a place where excellence meets character building. 🌟 With dedicated teachers, a strong academic foundation, and a focus on moral values, the school truly nurtures confident and responsible students. The learning environment is safe, inspiring, and designed to help every child reach their full potential. Proud to see such commitment to quality education in our community!"", ""date"": ""a month ago""}]",https://lh3.googleusercontent.com/gps-cs-s/AHVAweo73imciZsoNtat3XTlFsgtsHD3dbjU1B_9Ia9Us6Ge6ITaKLASGvWLpacWQ_S3_m_d0-GHRKUC1XyqHR-i6lXopyGfSW-LU5qxlBuVjNvt92oLvkVnRQbbLZ3U8Hm2-Bis65NbONHmcqiG=w1200-h800|https://lh3.googleusercontent.com/gps-cs-s/AHVAwep0rd-CjQvuv2r72NZdLC1k1jUvZXj7KoTjlfSWms6UI4e2fvovfAcEnZTzdOlzW0sF8D73eLUW95iRhWhMsbL7y6VlFFjVJYraNFVBsn6Q8g52qt2gQhGmhqcoyrAGanfFhWeV75yvYoJo=w1200-h800|https://lh3.googleusercontent.com/gps-cs-s/AHVAweou9vf6cNHzVthTVFWShC73vFQZoT8GN0en6R607pA1TthS36S8ejqLiPQjiUmuboSc6F1pzZxW1KqLpNmTo2SSIb18ho7hf5r6khXqnfyNkyA0w-LAajmLHlW7cK6YI1avOlqrjWyAyrU=w1200-h800|https://lh3.googleusercontent.com/a/ACg8ocJQVR7_-lQ7HYlW-Q-pcdvUxgU8sReD07xNIo1keu0gGEhQyQ=w1200-h800
Preschool academy,"House no.62 Street no. 12 Black A Margala View, D-17/2 housing scheme, Islamabad, Pakistan",Islamabad,D-17,+92 332 5091001,,5,6,33.5789748,73.137473,0x38dfa32c0e0ebb27:0,,"https://www.google.com/maps/place/Preschool+academy/@33.5789748,73.137473,17z/data=!3m1!4b1!4m6!3m5!1s0x38dfa32c0e0ebb27:0x3d6c0f315c61f643!8m2!3d33.5789748!4d73.137473!16s%2Fg%2F11hjl2jd8x?authuser=0&hl=en&entry=ttu&g_ep=EgoyMDI2MDQwMS4wIKXMDSoASAFQAw%3D%3D",preschool Islamabad,Preschool,{},[],https://lh3.googleusercontent.com/gps-cs-s/AHVAweocTbv_reikc0l9gjBJ1KafeFP7yOaTtjwKkjLHR-dTdHzME5zoS-EN7_vXGbBSAwFclOLjSEmheMdYz_6GNFadhqGEusdeGDHoThUM6L0UcBLyBDC8H1H_gcGr_suExjRuCDzs=w1200-h800|https://lh3.googleusercontent.com/gps-cs-s/AHVAweonS-MZkhjhBL5JdxVl8f-QhP7Plcvh4yoFJ7yT8tgo6LnXM3AZa--DjWZD7bXDJPXhqd9dWiUeYBcYkL-_J50OopvuUkncd847Iq2dvl5qe19wL7kymFB9rLbQB0hpFiPq9wYAmQ=w1200-h800|https://lh3.googleusercontent.com/gps-cs-s/AHVAweoJgQFElBPLXyXCn2qoLNjk2JUKK1eMSATHotXQVa01tcn6ae-9T0KIAGzjQ0w28Bo81nZpLtr1qxF6ppZCl3hWwCjCw0MVKrlMkso1BJCgaeijbGvNfyMpFfDjDxaOLHSW-vyRUw=w1200-h800|https://lh3.googleusercontent.com/gps-cs-s/AHVAweqvjF6MR21pZwkXMD496tG1wSiHFHereoZadUC6rG0ZnQF42riWDJVCtVXCNFdqjx9E8Zbt0vaql6F1iEYdNki4r2JNVvg7sIUR8Ly2P2gM4e8_KXpHrpb2FN7LVapejVppOYqtcQ=w1200-h800
Learn-A-Licious Elementary - The STEAM School,"House # 19 Sahibzada Abdul Qayyum Rd, Sector I-8/2 I 8/2 I-8, Islamabad, Pakistan",Islamabad,I-8/2,+92 332 0506660,,5,17,33.6725148,73.0668373,0x38df95e3453fb98b:0,,"https://www.google.com/maps/place/Learn-A-Licious+Elementary+-+The+STEAM+School/@33.6725148,73.0668373,17z/data=!3m1!4b1!4m6!3m5!1s0x38df95e3453fb98b:0x9751c64e783bf10a!8m2!3d33.6725148!4d73.0668373!16s%2Fg%2F11s5k84925?authuser=0&hl=en&entry=ttu&g_ep=EgoyMDI2MDQwMS4wIKXMDSoASAFQAw%3D%3D",preschool Islamabad,Preschool,{},"[{""author"": ""bushra Illahi"", ""rating"": 5, ""text"": ""My son is attending this school since 2.5 years. During this time, he has learn a lot not only intellectually but also emotionally. I would like to praise all the teachers and staff for their love and dedication.\nThis school is unique and ahead of its time, because it's principal, Mam Maryam, not only focuses on quality education but also invest time and resources in current technologies and techniques, which equip students with confidence to move and adjust themselves in the modern world.\nI would also like to mention that not only students, but the school also fully support the parents specially mothers to fulfill their goals by also providing after school services with supportive and friendly environment.\nThankyou Learn a Licious ❤️"", ""date"": ""11 months ago""}, {""author"": ""bushra Illahi"", ""rating"": 5, ""text"": ""My son is attending this school since 2.5 years. During this time, he has learn a lot not only intellectually but also emotionally. I would like to praise all the teachers and staff for their love and dedication.\nThis school is unique and ahead of its time, because it's principal, Mam Maryam, not only focuses on quality education but also invest time and resources in current technologies and techniques, which equip students with confidence to move and adjust themselves in the modern world.\nI would also like to mention that not only students, but the school also fully support the parents specially mothers to fulfill their goals by also providing after school services with supportive and friendly environment.\nThankyou Learn a Licious ❤️"", ""date"": ""11 months ago""}, {""author"": ""Muhammad Usman"", ""rating"": 5, ""text"": ""As a parent, I can see that the school is doing a great job in early childhood education. The Carnival, Sports Day and the Day trip were full of fun and learning. My son really enjoyed them and mostly comes home excited to share what he experienced. The curriculum is balanced and helps children grow in both studies and social skills.\n\nThe teachers are kind and hardworking, and I thank them for making school a happy place. I do feel that some events could be more organized, and it would be great to see more new and creative event ideas that are different from what other schools usually do. For example, an activity \""Mama baba ki Adayein - Meri Nazar Say\"". The purpose can be to give children a space to express how they see their parents, celebrate the good habits, and gently show habits they find not good/ confusing, or wish were different.\n\nOverall, I’m very thankful and hopeful for my son's journey with Learn a Licious School."", ""date"": ""11 months ago""}, {""author"": ""Muhammad Usman"", ""rating"": 5, ""text"": ""As a parent, I can see that the school is doing a great job in early childhood education. The Carnival, Sports Day and the Day trip were full of fun and learning. My son really enjoyed them and mostly comes home excited to share what he experienced. The curriculum is balanced and helps children grow in both studies and social skills.\n\nThe teachers are kind and hardworking, and I thank them for making school a happy place. I do feel that some events could be more organized, and it would be great to see more new and creative event ideas that are different from what other schools usually do. For example, an activity \""Mama baba ki Adayein - Meri Nazar Say\"". The purpose can be to give children a space to express how they see their parents, celebrate the good habits, and gently show habits they find not good/ confusing, or wish were different.\n\nOverall, I’m very thankful and hopeful for my son's journey with Learn a Licious School."", ""date"": ""11 months ago""}, {""author"": ""Uzma Iqbal"", ""rating"": 5, ""text"": ""If I'm to mention a top-notch school in Islamabad/Rawalpindi, I'd highly recommend Learn -A -licious. They excel in:\n\nKey Strengths\n1. Mannerism and etiquette\n2. Quranic education\n3. Psychological services\n\nExpert Team\nConsultant child psychologist, they've successfully worked with numerous children.\n\nOverall Excellence\n1. Conducive environment\n2. Quality education\n3. Effective training\n4. Excellent teachers\n\nI wholeheartedly endorse Learn -A- Licious"", ""date"": ""11 months ago""}]",https://lh3.googleusercontent.com/gps-cs-s/AHVAwep11beXnSyb3UXb0H3fV1oLf-IlgoVI8z4qFKZphbmSXug7n5zR5gL1DYc9ym2KfyV3wnzSBhSX0yFuOiWNiWebQ_3M1uOnMGo_R1h5-J0yKNS3ohTq7KUdwtw8o8FhqqF9k1U=w1200-h800|https://lh3.googleusercontent.com/gps-cs-s/AHVAweoJR7hZGkOfWWYYddrweUW87ZWZNuUZ-_fblvUSnAdrEdcFpnOhOYeMp5c5k50opYXBtP0_Pd9VjJrLO3lME5GDwmpGsOBr_cPQHD5NozMBhmkrK5Pi8YyDLbtckrWpTfafWPqStA=w1200-h800|https://lh3.googleusercontent.com/gps-cs-s/AHVAweozHKvacuncLR0wTsy62glwm6cUJ3lxcmbzb9ldv7T4IU4GZR6FbNVqwe-gn9z1iXHujmZ-27Ga1AU1qgGazBBT3pRQqMU9Bgx4fFNG3ovFpiZvZwLqD9LV_GPKWUb5GVTPoZw0xw=w1200-h800|https://lh3.googleusercontent.com/gps-cs-s/AHVAwerwpKE_AYrG8hpLbW9UG3xLUU6wKknNfGeSXzfF5EIrklMxXEeZ_9FFuwSt6MnfjqWdwvkwZbGeAX1alS3tvnT69VohblAUzZqAeWH6S_8ZQhV1XDV7V_SWZ_G2E-sAlsLJv09X=w1200-h800
Children's House,"House 27 Street 25, F-8/2 F 8/2 F-8, Islamabad, 44000, Pakistan",Islamabad,F-8/2,+92 333 5482267,,4.6,48,33.7119557,73.0317793,ChIJP2FUalG-3zgR0tMcoLt12ic,,https://www.google.com/maps/place/Children%27s+House/data=!4m7!3m6!1s0x38dfbe516a54613f:0x27da75bba01cd3d2!8m2!3d33.7119557!4d73.0317793!16s%2Fg%2F11fy22d9jy!19sChIJP2FUalG-3zgR0tMcoLt12ic?authuser=0&hl=en&rclk=1,preschool Islamabad,Nursery school,{},"[{""author"": ""Zeba Zafar"", ""rating"": 5, ""text"": ""I’m really impressed with the summer camp my kid recently had at Children’s House!My child had an amazing time and looked forward to going every day. The camp offered a wonderful balance of creative activities that kept the kids engaged and learning in a fun way. I especially loved the evening club, which included Taekwondo and Quran classes – a great combination of physical fitness and spiritual growth.\n\nThe focus on English speaking skills was very noticeable, and I’ve already seen improvement in my child’s confidence when communicating. The daycare is exceptionally clean, with plenty of open space for outdoor play, and the swimming day was definitely a highlight for the kids.\n\nOverall, it’s a safe, well-organized, and nurturing environment that truly cares about children’s holistic development. Highly recommended to parents looking for a quality facilities in a clean and spacious setting!"", ""date"": ""8 months ago""}, {""author"": ""Zeba Zafar"", ""rating"": 5, ""text"": ""I’m really impressed with the summer camp my kid recently had at Children’s House!My child had an amazing time and looked forward to going every day. The camp offered a wonderful balance of creative activities that kept the kids engaged and learning in a fun way. I especially loved the evening club, which included Taekwondo and Quran classes – a great combination of physical fitness and spiritual growth.\n\nThe focus on English speaking skills was very noticeable, and I’ve already seen improvement in my child’s confidence when communicating. The daycare is exceptionally clean, with plenty of open space for outdoor play, and the swimming day was definitely a highlight for the kids.\n\nOverall, it’s a safe, well-organized, and nurturing environment that truly cares about children’s holistic development. Highly recommended to parents looking for a quality facilities in a clean and spacious setting!"", ""date"": ""8 months ago""}, {""author"": ""Dr Azma"", ""rating"": 5, ""text"": ""I loved my son’s experience over here. The staff and everyone in general is co-operative. Will keep on visiting over the weekends for their mommy and me sessions. Also. The best thing is they are always very accommodating and flexible. I can’t be less thankful to the teachers who made my son happy and cheered him everyday. The owner herself is extremely nice lady!!! Loved loved this setup."", ""date"": ""7 months ago""}, {""author"": ""Dr Azma"", ""rating"": 5, ""text"": ""I loved my son’s experience over here. The staff and everyone in general is co-operative. Will keep on visiting over the weekends for their mommy and me sessions. Also. The best thing is they are always very accommodating and flexible. I can’t be less thankful to the teachers who made my son happy and cheered him everyday. The owner herself is extremely nice lady!!! Loved loved this setup."", ""date"": ""7 months ago""}, {""author"": ""areesa parvaiz"", ""rating"": 5, ""text"": ""Children’s House has been such a special place for us. From day one, the warmth and care shown by Ms. Naila made all the difference. My child attended the school for a short time due to relocation but he looked forward to school every morning.  I could see how much he was learning—both academically and emotionally. The environment is nurturing and thoughtfully designed, and the team truly understands young children. We would love to come back to Children’s House whenever we get a chance."", ""date"": ""9 months ago""}]",https://lh3.googleusercontent.com/gps-cs-s/AHVAweq-ox_LLjDYfeFJrcJAtpNT_Zhdz173MnpyhmsMWVNnvkxYKYJsA8edM4SmYykKkOLTG1JZx8ykI-ST0-Pe_8S14hayynr-S5fX32wo2KiY6JP8rEXXogmj5AI-MlC5wr7dpq5E=w1200-h800|https://lh3.googleusercontent.com/gps-cs-s/AHVAweqI7FIVhUXwbDx6qahyVWm9L9kph4xCOV7dSTDCPxULKcn8erWXreCuEPZHPU8wuWRhEFsgY9RJcVT1L4DgqIJyEMIOnGh0XI_sVr6HQ3CgILI8LHkEPNFDRKiC6L0Dv3FZ6gHxKWjfZLs=w1200-h800|https://lh3.googleusercontent.com/gps-cs-s/AHVAwepb_88EOldgutusxk2UE21KOUmP3J6URxvpqkJLtffY-BZbhN8W-l4YG_5tiKQSNyUqXYdl9PXkFvfAUkcA-5EukQZG4Q8LfqG3YiMa9O0sy_iIUGj3XsVX_PPloEE4l9jD5QCO=w1200-h800|https://lh3.googleusercontent.com/gps-cs-s/AHVAweqB5g0Dk3NxPJ5jKf5hGici7igmQdqazxwdtgcJ2hG5orkiTEbO0p_6X0huC-idl-zZUmjjH0vlLOh9lijGJKVfP3RXfj-VeUFp5xddiRliLj37YspqqAQ2dkCCDdsWTgmyf_0Mvg=w1200-h800
Baby Heaven Kindergarten School and bri,"Lehtrar Rd, Pari Harno,Nilore, Islamabad, 45650, Pakistan",Islamabad,Nilore,,https://business.google.com/create?fp=2928017434648800795&hl=en&authuser=0&gmbsrc=-en-et-ip-z-gmb-s-z-l~mrc%7Cclaimbz%7Cu&ppsrc=GMBMI&utm_campaign=-en-et-ip-z-gmb-s-z-l~mrc%7Cclaimbz%7Cu&utm_source=gmb_mrc81&utm_medium=et&getstarted&lis=0,3,5,33.6530841,73.2358919,0x38dfe8fb836375ed:0,,"https://www.google.com/maps/place/Baby+Heaven+Kindergarten+School+and+bri/@33.6530841,73.2358919,17z/data=!3m1!4b1!4m6!3m5!1s0x38dfe8fb836375ed:0x28a26857f0646e1b!8m2!3d33.6530841!4d73.2358919!16s%2Fg%2F12mkw81t1?authuser=0&hl=en&entry=ttu&g_ep=EgoyMDI2MDQwMS4wIKXMDSoASAFQAw%3D%3D",preschool Islamabad,Preschool,{},"[{""author"": ""Faizi Raja"", ""rating"": 5, ""text"": ""Best school, great education"", ""date"": ""a year ago""}, {""author"": ""Faizi Raja"", ""rating"": 5, ""text"": ""Best school, great education"", ""date"": ""a year ago""}, {""author"": ""Khalid Mahmood"", ""rating"": 3, ""text"": ""Just ok for nearby kids"", ""date"": ""9 years ago""}, {""author"": ""Khalid Mahmood"", ""rating"": 3, ""text"": ""Just ok for nearby kids"", ""date"": ""9 years ago""}, {""author"": ""Asim Iqbal"", ""rating"": 1, ""text"": """", ""date"": ""6 months ago""}]",https://lh3.googleusercontent.com/gps-cs-s/AHVAweqmb45JeduQSvwpoQx7adffcXcKHNySt9f7NOQQtBN8LwPSqZd4qVBnN24teXPrcHPJwAODl0HKnBxjHSUvwsoEvi6jXwctR07sS2uePLyO0MOVnWCGQhAB6nNmcB38lDREyIj2n2nA2S9J=w1200-h800|https://lh3.googleusercontent.com/gps-cs-s/AHVAweqCfNpOsg32bQjnmeM6Njw8WSs3zZdiK5Axh4kPt2CgFVU4lVkH1wJICp5xHPPUzZa3QroeP0YiWvLLYPYFszF7uFkiFAtULCg4DGnXDH_SrOlMLpOi31NNW_oZduDwC9W-ffE9=w1200-h800|https://lh3.googleusercontent.com/gps-cs-s/AHVAweqsfog89ysWxpzl-QEXpRrN2s_x3tB9ZjsWnzKZreAVlnnt-E61txddISTEmi9HR1nAItkA7eR2Rmlh0Cl50So8huhTu6nh8n2E6kcUAQAg8we2PIpyWpdgVhu_Jl6Ey2dJbdmdGatPnu4H=w1200-h800|https://lh3.googleusercontent.com/a/ACg8ocLLUH2uf_p2A6Y3ML_G8y2pCh4WEGlnogJgbtbeYncaZtcB3A=w1200-h800
Bright Rider School,"Main Road, Jinnah Rd, Bani Gala, Islamabad, 46500, Pakistan",Islamabad,Bani Gala,+92 321 5101702,,5,1,33.7106178,73.1614494,0x38dfc10dfc4cdcab:0,,"https://www.google.com/maps/place/Bright+Rider+School/@33.7106178,73.1614494,17z/data=!3m1!4b1!4m6!3m5!1s0x38dfc10dfc4cdcab:0xf023fd65bb5ce1dd!8m2!3d33.7106178!4d73.1614494!16s%2Fg%2F11ssznygh0?authuser=0&hl=en&entry=ttu&g_ep=EgoyMDI2MDQwMS4wIKXMDSoASAFQAw%3D%3D",preschool Islamabad,Preschool,{},"[{""author"": ""Raja Mani0111"", ""rating"": 5, ""text"": ""✨ The Excellence of Bright Riders School\nWelcome to a place where dreams take flight—Bright Riders School! We are proud to be the institution that sets the gold standard for quality education, combining academic rigour with unmatched value.\n🌟 Commitment to Exceptional Education\nAt Bright Riders School, the commitment to studies is unparalleled. Our dedicated faculty goes the extra mile to ensure every child receives a comprehensive and deep understanding of their subjects.\n• Extensive Curriculum: We truly teach a lot, offering an extensive and engaging curriculum that challenges students and nurtures their curiosity.\n• Academic Excellence: Our school has a proven track record of high success, ensuring that students are not just passed, but are thoroughly prepared and equipped to excel in their future endeavours. We are committed to making sure every child confidently achieves their passing grades and moves forward with a strong foundation.\n💰 Affordability Meets Quality\nWhat truly sets Bright Riders School apart is our belief that top-tier education should be accessible to everyone.\n• Incredibly Low Fees: Despite offering such superior quality and extensive teaching, the school fees are very cheap (exceptionally affordable). We provide outstanding value, making high-quality education a reality for every family.\n💖 Our Promise\nBright Riders School is more than just a place of learning; it is a nurturing environment where children flourish academically and personally. We combine deep, impactful learning with the most affordable structure, ensuring that your child’s success is guaranteed without financial strain."", ""date"": ""4 months ago""}, {""author"": ""Raja Mani0111"", ""rating"": 5, ""text"": ""✨ The Excellence of Bright Riders School\nWelcome to a place where dreams take flight—Bright Riders School! We are proud to be the institution that sets the gold standard for quality education, combining academic rigour with unmatched value.\n🌟 Commitment to Exceptional Education\nAt Bright Riders School, the commitment to studies is unparalleled. Our dedicated faculty goes the extra mile to ensure every child receives a comprehensive and deep understanding of their subjects.\n• Extensive Curriculum: We truly teach a lot, offering an extensive and engaging curriculum that challenges students and nurtures their curiosity.\n• Academic Excellence: Our school has a proven track record of high success, ensuring that students are not just passed, but are thoroughly prepared and equipped to excel in their future endeavours. We are committed to making sure every child confidently achieves their passing grades and moves forward with a strong foundation.\n💰 Affordability Meets Quality\nWhat truly sets Bright Riders School apart is our belief that top-tier education should be accessible to everyone.\n• Incredibly Low Fees: Despite offering such superior quality and extensive teaching, the school fees are very cheap (exceptionally affordable). We provide outstanding value, making high-quality education a reality for every family.\n💖 Our Promise\nBright Riders School is more than just a place of learning; it is a nurturing environment where children flourish academically and personally. We combine deep, impactful learning with the most affordable structure, ensuring that your child’s success is guaranteed without financial strain."", ""date"": ""4 months ago""}]",https://lh3.googleusercontent.com/gps-cs-s/AHVAwerFv66vqsUTlDumvbeQPDaa1DEGrO2gXi9sx5sScJzUDR0Zu310BinFhtU5eTAKTy3QHViDweAvTyHGkfMkUOd2eX7dqC-A276gV-n0sMMzoV8ZefevFtlatMz_GzcxQzFJCWp3Gw=w1200-h800|https://lh3.googleusercontent.com/gps-cs-s/AHVAwerwgzZMt8q_n9o_Di0ee8V9_KpGfkS27RWylU7Ox3n66WGhqZ3HsHcQxcTyP0roWpnB8bE_R94DZ1J5zXOzNP0_c1dx8-2r4hzh3IrlC3yMlRJWGR8DAYZWTmsSqbo5m0gCeLIC=w1200-h800|https://lh3.googleusercontent.com/gps-cs-s/AHVAweqQAT6d00TGujPfBxnyDEskFK09oJn2M7C9Df-siIqcyFie_UO_UtCOVZlnu-Suk7N7-qUiWYeQvTm2zuPmKeWaWdr1rgvWh630dVaeM5ANCJ8yaGGRzLRbjGdqcIn74-FOP00KdB0WLOvL=w1200-h800|https://lh3.googleusercontent.com/gps-cs-s/AHVAwepHioo-g6XOT-dhLJQV7v2Sk6Y8JxX_Sv63Lmd2asvyYtcGbig8ZCdEf27FARrbTGtKejvOMyPrE3ADOZgV0yN4qcJQ6DUScY2Gs2oRPeQ0fO7P-dDOrRXGwPzn4whrFaISwCyH=w1200-h800
Hi-Edge The Thinking Circle School,"Street 04 University Town Park Road Islamabad 44000 Chak Shahzad, Islamabad, 44000, Pakistan",Islamabad,Chak Shahzad,,,5,1,33.6595874,73.1510572,ChIJmTVrNnnr3zgR2S8sAqCsv68,,https://www.google.com/maps/place/Hi-Edge+The+Thinking+Circle+School/data=!4m7!3m6!1s0x38dfeb79366b3599:0xafbfaca0022c2fd9!8m2!3d33.6595874!4d73.1510572!16s%2Fg%2F11vcxqkbzf!19sChIJmTVrNnnr3zgR2S8sAqCsv68?authuser=0&hl=en&rclk=1,preschool Islamabad,Preschool,{},"[{""author"": ""Ghulaman e Batool s a Islamabad"", ""rating"": 5, ""text"": ""Great"", ""date"": ""a year ago""}, {""author"": ""Ghulaman e Batool s a Islamabad"", ""rating"": 5, ""text"": ""Great"", ""date"": ""a year ago""}]",https://lh3.googleusercontent.com/gps-cs-s/AHVAwepYdxo-HaDECPw0ntTEmeW2rCzbEvKyWCtHLeW6JVF-MsYt_jCZMgufsBXUuWpP6BmSr7-j1VOJF-rvQ_GuqKog7hNmjddW2EanZtwhHfZpnaxjjmz6oqtxpyqQsLaWgdEH_0Me-Q=w1200-h800|https://lh3.googleusercontent.com/gps-cs-s/AHVAweqjYhzRE_lp6JgsX5QhOekDEuTiF3e0x7ipJvdYzb-hhYzkm_adpU1NXuVuZfgd9WlNWZbDOzPbmElgRKrJbnOiIWIM7mfJlsQKC2QfqCTApC8Geft5VXT4IjbX49KVv_iZVyZsgg=w1200-h800|https://lh3.googleusercontent.com/gps-cs-s/AHVAweqTw9Paj7FQoB9a2DjAG8JUj8cvDCJKZt691HkTlSiBeqLJHIkiAE_EvtWR8x_A_INeUrFo7isIC70o-iUs7iNcvfKIMWC_Zj3X8TqLHooRE4tfLStV--I9qrDAPCBYCK7gDpd6=w1200-h800|https://lh3.googleusercontent.com/a-/ALV-UjUUYz6Xr2MN6Y_BR1a1LIZoqg9SQxFAGV0y95luIWC5NTSz2exYRg=w1200-h800
Aliya Nursery & Primary School,"Pakistan Town Phase 1, Islamabad, Pakistan",Islamabad,Pakistan Town,+92 322 8585636,https://www.facebook.com/Aliya-nursery-and-primary-academy-school-system-435246446642472/,4.5,2,33.5723125,73.1368125,ChIJDZ42R1js3zgRy_psb_g2cys,,https://www.google.com/maps/place/Aliya+Nursery+%26+Primary+School/data=!4m7!3m6!1s0x38dfec5847369e0d:0x2b7336f86f6cfacb!8m2!3d33.5723125!4d73.1368125!16s%2Fg%2F11c31xzndr!19sChIJDZ42R1js3zgRy_psb_g2cys?authuser=0&hl=en&rclk=1,nursery school Islamabad,Educational institution,{},"[{""author"": ""Salman Mirza"", ""rating"": 4, ""text"": ""This is a good school, hard working and dedicated staff is available, the school is run by a husband and wife who are motivated in giving cheap education to all. Fee are not too high , the school has its own limited pick and drop service and in evening time they offer tuition services .... it a good learning school for those who can not afford"", ""date"": ""Edited 4 years ago""}, {""author"": ""Salman Mirza"", ""rating"": 4, ""text"": ""This is a good school, hard working and dedicated staff is available, the school is run by a husband and wife who are motivated in giving cheap education to all. Fee are not too high , the school has its own limited pick and drop service and in evening time they offer tuition services .... it a good learning school for those who can not afford"", ""date"": ""Edited 4 years ago""}, {""author"": ""Rubina Mehdi"", ""rating"": 5, ""text"": ""This is my grandfather school 🚸 …"", ""date"": ""a year ago""}, {""author"": ""Rubina Mehdi"", ""rating"": 5, ""text"": ""This is my grandfather school 🚸 …"", ""date"": ""a year ago""}]",https://lh3.googleusercontent.com/gps-cs-s/AHVAwerXXnhKcJKHHssDWgMK943SJ8N6E1bV0J1PM2vWpQ00qKEs8YCzQqpJiYXMb8c6o61IqLi3TO98_fxVrlDziwCWMNUu9RaQwMm9JIaj87kIHLv6jhcT_ImUozYWyKKdiu3rMUirFw=w1200-h800|https://lh3.googleusercontent.com/gps-cs-s/AHVAwepcroqylZQiinG9srozHXX8yizNRA6K_1cN2FBZiOBTTrscNdYGpJl_knbDaL1hwKy33gI9tjXAjKu9Aid6P6F03U0VZBwMC92DAmqdCGB1h1rH3JqerKSCPgUb8jXfZVYkrIn73w=w1200-h800|https://lh3.googleusercontent.com/a-/ALV-UjUWwSo5FU5x_Y5WsF05c9sfUQq5JI-CPOBZ6b0pwtEUuwAIFkWi=w1200-h800|https://lh3.googleusercontent.com/a/ACg8ocKtl5-D9I-OVF1zF79pd41p-O7rk0jOGW18OW6pCMBxE6e7Fw=w1200-h800
Smart Learner Montessori School,"Kahuta Road - Japan Road Link, Nilore, Islamabad, Pakistan",Islamabad,Nilore,,https://business.google.com/create?fp=12713859150055265491&hl=en&authuser=0&gmbsrc=-en-et-ip-z-gmb-s-z-l~mrc%7Cclaimbz%7Cu&ppsrc=GMBMI&utm_campaign=-en-et-ip-z-gmb-s-z-l~mrc%7Cclaimbz%7Cu&utm_source=gmb_mrc81&utm_medium=et&getstarted&lis=0,5,3,33.6478502,73.2418595,0x38dfe9f69ca02653:0,,"https://www.google.com/maps/place/Smart+Learner+Montessori+School/@33.6478502,73.2418595,17z/data=!3m1!4b1!4m6!3m5!1s0x38dfe9f69ca02653:0xb070b3893b64d4d3!8m2!3d33.6478502!4d73.2418595!16s%2Fg%2F11t7t09d9q?authuser=0&hl=en&entry=ttu&g_ep=EgoyMDI2MDQwMS4wIKXMDSoASAFQAw%3D%3D",nursery school Islamabad,Kindergarten,{},"[{""author"": ""Mishaal Nazeer"", ""rating"": 5, ""text"": ""Super duper"", ""date"": ""3 years ago""}, {""author"": ""Mishaal Nazeer"", ""rating"": 5, ""text"": ""Super duper"", ""date"": ""3 years ago""}, {""author"": ""Muhammad Ehtisham Zafar Muhammad Zafar Abbas"", ""rating"": 5, ""text"": """", ""date"": ""5 months ago""}, {""author"": ""Muhammad Ehtisham Zafar Muhammad Zafar Abbas"", ""rating"": 5, ""text"": """", ""date"": ""5 months ago""}, {""author"": ""Musffah Hashmi"", ""rating"": 5, ""text"": """", ""date"": ""2 years ago""}]",https://lh3.googleusercontent.com/gps-cs-s/AHVAwep4TPPU8JqDuDTMF5wuo4OT6xeE5qU73lv5_ePnMYi1E9NUkJgfuAXA0QiU92NXXWixq9oR9YCyBxLN2z2yB9R-T35Y5rjs7RMtt77Nqq3PhJXhPhohwL4hTiBmNgDmvHBbxKke=w1200-h800|https://lh3.googleusercontent.com/gps-cs-s/AHVAweoQkcUuC8edqRzFuXYuhTaBHRh5QfjFLrBibmXi-ieczJAD5fpNePMFecrjCSVvTWOEAjrlUaMiVg6HYwFXGd2Ai6eTj1sfUHg-beMhaEhcDJppXyitISLAiMM4c3aP5W_u9VZKqA=w1200-h800|https://lh3.googleusercontent.com/a/ACg8ocIsjQ5sGQWPqbkBDMb6A395ks1zftMmVcnKSEJKxmrTq5j7ng=w1200-h800|https://lh3.googleusercontent.com/a/ACg8ocICnrYZFEBersgnjgUfu32BUpvxbLdZv4nJ_Hfy-gJYIdlekg=w1200-h800
The Educators Qamar Campus Pre-School,"St 17, Block C Sector C PWD Society, Islamabad, Pakistan",Islamabad,PWD,+92 51 51708651,,4.3,12,33.5685432,73.1405338,ChIJJYqS01bs3zgR3hfzSBiQ0_w,,https://www.google.com/maps/place/The+Educators+Qamar+Campus+Pre-School/data=!4m7!3m6!1s0x38dfec56d3928a25:0xfcd3901848f317de!8m2!3d33.5685432!4d73.1405338!16s%2Fg%2F11c6v8ny93!19sChIJJYqS01bs3zgR3hfzSBiQ0_w?authuser=0&hl=en&rclk=1,nursery school Islamabad,Preschool,{},"[{""author"": ""Zahid Mehmood"", ""rating"": 1, ""text"": ""Very disappointing management, especially in the ACHS Society Girls Campus.\nThe coordinator and principal’s lobby behaves unprofessionally with students, particularly those who are innocent or shy.\nThe school charges fees like a modern, high-standard institution, but the management staff behaves like they belong to a very low category.\nStudents do not feel respected, supported, or encouraged.\nOverall, the administration needs major improvement in behavior, professionalism, and student handling."", ""date"": ""3 months ago""}, {""author"": ""Zahid Mehmood"", ""rating"": 1, ""text"": ""Very disappointing management, especially in the ACHS Society Girls Campus.\nThe coordinator and principal’s lobby behaves unprofessionally with students, particularly those who are innocent or shy.\nThe school charges fees like a modern, high-standard institution, but the management staff behaves like they belong to a very low category.\nStudents do not feel respected, supported, or encouraged.\nOverall, the administration needs major improvement in behavior, professionalism, and student handling."", ""date"": ""3 months ago""}, {""author"": ""Faheem Manzoor"", ""rating"": 5, ""text"": ""Best experience ever my both children are studying here for 5 years"", ""date"": ""a year ago""}, {""author"": ""Faheem Manzoor"", ""rating"": 5, ""text"": ""Best experience ever my both children are studying here for 5 years"", ""date"": ""a year ago""}, {""author"": ""Sana Bashir"", ""rating"": 5, ""text"": ""Very nice and cooperative principal and teachers.. very good indeed"", ""date"": ""3 years ago""}]",https://lh3.googleusercontent.com/gps-cs-s/AHVAwerKBnDk6cNEEbf-SWvN-ZgnXVFhhlVeYl28lhQOWjMFVb4x8I7myGuWl4TzpmbboS4oFfnahW94ZFCxXiwUQtppVvhivUQTsB8Z-zYSdZgYqLv5ccAKJEyUQikE9UygyzhWJJM=w1200-h800|https://lh3.googleusercontent.com/gps-cs-s/AHVAwepkla63oqbZDaC0C4Rq6yhG_EI-shKDsX8NX7zOF_PTpvt_sPAfWSLcQzDCEvyhQkNFGRseRHBw6PBcJDkkcsPyOIeW18UZLGMwUmSyPrqoaIRDQ4iXP4SRF51dfejK8rZ24xZ5=w1200-h800|https://lh3.googleusercontent.com/a/ACg8ocLhKZDbfuBJsyYUXfmepn4HCkw3OG6hF0FO4unImpqOITDVig=w1200-h800|https://lh3.googleusercontent.com/a/ACg8ocLLMGjN96Tr3-qSwROWukE4kVtcYJzmb-FLfS6xcw4Wd_z-vw=w1200-h800
Oxford Nursery,"Flat No 8. Block 3-A Gali, 2 Street 1, I-8/1 Islamabad, 44000, Pakistan",Islamabad,I-8/1,+92 345 5182140,,3,1,33.6597519,73.0680719,0x38df95409c6a5891:0,,"https://www.google.com/maps/place/Oxford+Nursery/@33.6597519,73.0680719,17z/data=!3m1!4b1!4m6!3m5!1s0x38df95409c6a5891:0x39465937dc5d46cb!8m2!3d33.6597519!4d73.0680719!16s%2Fg%2F11c5rmy28m?authuser=0&hl=en&entry=ttu&g_ep=EgoyMDI2MDQwMS4wIKXMDSoASAFQAw%3D%3D",nursery school Islamabad,Preschool,{},"[{""author"": ""Muhammad Hussain"", ""rating"": 3, ""text"": """", ""date"": ""5 years ago""}, {""author"": ""Muhammad Hussain"", ""rating"": 3, ""text"": """", ""date"": ""5 years ago""}]",https://lh3.googleusercontent.com/gps-cs-s/AHVAweoL5ot8DN6rskenkf30T68oywqWv3cYRifsjAX6HvPfRyPFioXewOpzjV6crJC6Dt_mqu2uKJ3Uyi1IooLfnFPOyMla2vd0SistFqKN8kKfTV9861tnNUk6vMe2LiO88UP3wW9aOA=w1200-h800|https://lh3.googleusercontent.com/a-/ALV-UjVxScp-zL-bra5FebXmeQYL8lC3FPAca_VmUJ2V-QsukNWLX-FOJg=w1200-h800
Great Maple School,"Building 74, Street 1, Block B PWD, Islamabad, 44000, Pakistan",Islamabad,PWD,+92 51 5710443,https://greatmapleschool.com/,5,5,33.5708699,73.1418565,0x38dfed5c84375e65:0,,"https://www.google.com/maps/place/Great+Maple+School/@33.5708699,73.1418565,17z/data=!3m1!4b1!4m6!3m5!1s0x38dfed5c84375e65:0x72e3a535bf05eeec!8m2!3d33.5708699!4d73.1418565!16s%2Fg%2F11s5hgxtrg?authuser=0&hl=en&entry=ttu&g_ep=EgoyMDI2MDQwMS4wIKXMDSoASAFQAw%3D%3D",nursery school Islamabad,Education center,{},"[{""author"": ""Rabia Ejaz"", ""rating"": 5, ""text"": ""Great Maple School is truly a wonderful place for children to learn and grow. What I love most is the individual attention every child receives. With smaller class sizes, the teachers really understand, care for, and support each student. The principal and staff are dedicated, loving, and genuinely invested in the children’s success.\n\nI especially appreciate the way the school goes beyond academics, like the kitchen lab, where students learn important life skills along with their studies. It’s about teaching out of the box and making learning enjoyable.\n\nFor me, this school creates a happy, nurturing environment where children feel excited to learn every day. Highly recommended!"", ""date"": ""7 months ago""}, {""author"": ""Rabia Ejaz"", ""rating"": 5, ""text"": ""Great Maple School is truly a wonderful place for children to learn and grow. What I love most is the individual attention every child receives. With smaller class sizes, the teachers really understand, care for, and support each student. The principal and staff are dedicated, loving, and genuinely invested in the children’s success.\n\nI especially appreciate the way the school goes beyond academics, like the kitchen lab, where students learn important life skills along with their studies. It’s about teaching out of the box and making learning enjoyable.\n\nFor me, this school creates a happy, nurturing environment where children feel excited to learn every day. Highly recommended!"", ""date"": ""7 months ago""}, {""author"": ""Ayesha Humayun"", ""rating"": 5, ""text"": ""I am very happy with this preschool. It’s exactly the kind of place my child needs — simple, nurturing and focused on play-based learning. The ethos and culture of the school feel just right, and I can see how much my child enjoys going every day. The teachers and principal are approachable, always in touch with parents, and genuinely care about the children. Couldn’t have asked for a better start to my child’s learning journey."", ""date"": ""7 months ago""}, {""author"": ""Ayesha Humayun"", ""rating"": 5, ""text"": ""I am very happy with this preschool. It’s exactly the kind of place my child needs — simple, nurturing and focused on play-based learning. The ethos and culture of the school feel just right, and I can see how much my child enjoys going every day. The teachers and principal are approachable, always in touch with parents, and genuinely care about the children. Couldn’t have asked for a better start to my child’s learning journey."", ""date"": ""7 months ago""}, {""author"": ""Zamin Abbas"", ""rating"": 5, ""text"": ""Best School in town, it's truly Great in a sense that Kids really love to go and even on holidays they can't wait when School will be open. GMS made the concept based learning a reality which is very rare in Pak in it's true sense. They never burden kids rather make them love to learn from interactive activities. Highly recommend!"", ""date"": ""2 years ago""}]",https://lh3.googleusercontent.com/gps-cs-s/AHVAweqWxMKmkqCitcXvZFRVmQpB3c_1tO1Qpfp47Bh-10xKvVjpI9bqrU85d4W-rwQUso4etVX1M_O_jrjI8ogvWkfoLgj2qiSvkHfzGhtpD7lve9mwxXvDB1l32JHoK7IovWDfgYUYLXMWV8KJ=w1200-h800|https://lh3.googleusercontent.com/gps-cs-s/AHVAweohRmqWABU4hlwHB2-mbHqzeEVKFY8WVNNDnRPF6DsVyZJAf4xiZrhQVUtA5_WbRUIk-JYZg8ykUZkBiGmyKWWbtSnNd5vaz-bf86dJleIJScZHE6sK8bZFW8jsHV-_dRK-EvUTCNAgy9U=w1200-h800|https://lh3.googleusercontent.com/a/ACg8ocIAgJo8bwP0YqhUEd8gPch5N1LPgbqilN67XEeqmlKUoToFbw=w1200-h800|https://lh3.googleusercontent.com/a-/ALV-UjXt1do8eum2dI4_Vm38nIQB95y7n2xP2d_Uy2JTxOdSlxQYa6W4=w1200-h800
Little Angels Daycare & Girls Hostel,"House 389-D Street Number 18, D block Sector D PWD, Islamabad, Pakistan",Islamabad,PWD,+92 331 5249927,https://business.google.com/create?fp=10399258163721249485&hl=en&authuser=0&gmbsrc=-en-et-ip-z-gmb-s-z-l~mrc%7Cclaimbz%7Cu&ppsrc=GMBMI&utm_campaign=-en-et-ip-z-gmb-s-z-l~mrc%7Cclaimbz%7Cu&utm_source=gmb_mrc81&utm_medium=et&getstarted&lis=0,5,2,33.5706974,73.1463805,ChIJX_YvOwDt3zgRzaIvyDOWUZA,,https://www.google.com/maps/place/Little+Angels+Daycare+%26+Girls+Hostel/data=!4m7!3m6!1s0x38dfed003b2ff65f:0x90519633c82fa2cd!8m2!3d33.5706974!4d73.1463805!16s%2Fg%2F11xw42wwm8!19sChIJX_YvOwDt3zgRzaIvyDOWUZA?authuser=0&hl=en&rclk=1,nursery school Islamabad,Hostel,{},"[{""author"": ""Nida Fatima"", ""rating"": 5, ""text"": ""Amazing environment for kids! Best daycare in the area 👌 …"", ""date"": ""5 months ago""}, {""author"": ""Nida Fatima"", ""rating"": 5, ""text"": ""Amazing environment for kids! Best daycare in the area 👌 …"", ""date"": ""5 months ago""}, {""author"": ""Samina Waqar"", ""rating"": 5, ""text"": """", ""date"": ""5 months ago""}, {""author"": ""Samina Waqar"", ""rating"": 5, ""text"": """", ""date"": ""5 months ago""}]",https://lh3.googleusercontent.com/gps-cs-s/AHVAweq5f3MG0RswSfCbMZrbzLbkDPMZXMk3YODzvBxWr098rEIQkDkCsOqDbQTaNT5S-gCBCYQX1OHscvqKc457w-Sl4q4ibRz9P9yhQJ0lC3_aVvwuUgEfuYr6Ec6PvkRouA05UXhvOKslybmf=w1200-h800|https://lh3.googleusercontent.com/gps-cs-s/AHVAweq-px-zFwch45NxmYk1o6j5z_tLCWBdwK9fmIj9q-iUfMunUftquzrnX4-cn-Szswbh2Siab1DsiYyc1Q0cR8kDdC-n2FHa7S90hGEK1oDukA3mBFC8b_Amueem5ZM9Ime6d6IJRGFz9A=w1200-h800|https://lh3.googleusercontent.com/gps-cs-s/AHVAwepX6E4XWf9N7xANFwZFmfqPG2Sn70Bh5834oCqv9hm5ytnnNvQrDGhXBgB6z2k7nBZSlnQnpfTlGX1llaFuk6__uNEPoznKORKth9cRuRtufUv8rtuJozr5iaxoiqmrsDzzasZ4lPnAaj0=w1200-h800|https://lh3.googleusercontent.com/gps-cs-s/AHVAwepseB34RFBuVDUM_fr1SzBaob2YxX86HTH5AZc-aYVj9VVts8nKht4wkn-FdCmyMGTudrFOacp3_EKmgnDbdqRzGUuqhDN1e3_s1BbQVy3s_zcHjBSQ87h91nQWnO1qVcvELALHg2wF_Amq=w1200-h800
HOPE INN - The Child Development & Rehab Center,"Plot No.12, Street 9, Soan Gardens Block C Islamabad, 44000, Pakistan",Islamabad,Soan Gardens,+92 51 5738034,http://hopeinn.com.pk/,5,4,33.5618234,73.1462308,0x38dfec4d559ed63b:0,,"https://www.google.com/maps/place/HOPE+INN+-+The+Child+Development+%26+Rehab+Center/@33.5618234,73.1462308,17z/data=!3m1!4b1!4m6!3m5!1s0x38dfec4d559ed63b:0x7bc378fe8c11bc01!8m2!3d33.5618234!4d73.1462308!16s%2Fg%2F11jg8977jp?authuser=0&hl=en&entry=ttu&g_ep=EgoyMDI2MDQwMS4wIKXMDSoASAFQAw%3D%3D",child care center Islamabad,Rehabilitation center,{},"[{""author"": ""Samina Afzaal"", ""rating"": 5, ""text"": ""Very nice and trained staff, satisfied with the service provided."", ""date"": ""4 years ago""}, {""author"": ""Samina Afzaal"", ""rating"": 5, ""text"": ""Very nice and trained staff, satisfied with the service provided."", ""date"": ""4 years ago""}, {""author"": ""Shujaat Kamran Khan"", ""rating"": 5, ""text"": ""Good one in the bussiness"", ""date"": ""4 years ago""}, {""author"": ""Shujaat Kamran Khan"", ""rating"": 5, ""text"": ""Good one in the bussiness"", ""date"": ""4 years ago""}, {""author"": ""M Hafeez"", ""rating"": 5, ""text"": """", ""date"": ""4 years ago""}]",https://lh3.googleusercontent.com/gps-cs-s/AHVAweqnGMCR2oCCKei_GLcuXZD7uHtA9l1We4E5e6z3k94Wpt8fa9D_nfEDo6PUsS__fQw57ny6iitf2fdSnbA9UwhAC1laah10IGhuZKwj4sDxNFgPZeMiRP5P1tfYYZUGFx7n_03C=w1200-h800|https://lh3.googleusercontent.com/gps-cs-s/AHVAwerdnUJZ9UmPMGz83_pjm_cn9myzj_6pt_t8F8mugDSJ0L-unKLV4xCV8sSwwCYd536hjmH3sfCCFW65mzFaDwUzst_rRVsHt6Vsu1Q3i28jHS64qZglhHAOQyXhle-i7OJJPDE=w1200-h800|https://lh3.googleusercontent.com/a/ACg8ocLO9rMt0VDDYTe-UCXTrkEylk_V-nre2J1XxuESb49S8_SoIbA=w1200-h800|https://lh3.googleusercontent.com/a-/ALV-UjWVYT5LiP9DTvD4Pd0CMgEACGW6vJCaX-N7dDBWF5xZ8oxcQiXM=w1200-h800
Little leaf - Pakistan's 1st Nature based Day care,"Na 3, 7th Rd, Satellite Town, Rawalpindi, 46000, Pakistan",Rawalpindi,Satellite Town,+92 345 5211046,https://www.instagram.com/littleleafcares/,4.3,38,33.6436807,73.06998,0x38df95456ee5e9e5:0,,"https://www.google.com/maps/place/Little+leaf+-+Pakistan's+1st+Nature+based+Day+care/@33.6436807,73.06998,17z/data=!3m1!4b1!4m6!3m5!1s0x38df95456ee5e9e5:0x2f72bb30415ce56b!8m2!3d33.6436807!4d73.06998!16s%2Fg%2F11vj9bfts5?authuser=0&hl=en&entry=ttu&g_ep=EgoyMDI2MDQwMS4wIKXMDSoASAFQAw%3D%3D",child care center Islamabad,Day care center,{},"[{""author"": ""aadil hussain"", ""rating"": 5, ""text"": ""Little Leaf Daycare located in 6th Road Satellite Town, Rawalpindi is one of the best Daycare in Rawalpindi/ Islamabad. The Teachers are really Professional and smiled faces. Specially Miss Fatima is very good. Her attitude and behaviour is very professional. She knows how to treat childs. We admit our 2 year child in Little Leaf Daycare and are really happy. I advise other people also to admit their childrens in Little Leaf Daycare.\nThanks"", ""date"": ""2 months ago""}, {""author"": ""aadil hussain"", ""rating"": 5, ""text"": ""Little Leaf Daycare located in 6th Road Satellite Town, Rawalpindi is one of the best Daycare in Rawalpindi/ Islamabad. The Teachers are really Professional and smiled faces. Specially Miss Fatima is very good. Her attitude and behaviour is very professional. She knows how to treat childs. We admit our 2 year child in Little Leaf Daycare and are really happy. I advise other people also to admit their childrens in Little Leaf Daycare.\nThanks"", ""date"": ""2 months ago""}, {""author"": ""Sidrah Rashid"", ""rating"": 5, ""text"": ""Little Leaf is a unique daycare with focus on nature and creative activities – my kid comes home talking about plants, gardening, and all the fun workshops they get to do. The staff is super friendly and caring, and it’s clear they’re passionate about what they do. It is very refreshing to see a daycare that’s all about learning through nature and creativity. Highly recommend it for parents looking for something different and meaningful!"", ""date"": ""a year ago""}, {""author"": ""Sidrah Rashid"", ""rating"": 5, ""text"": ""Little Leaf is a unique daycare with focus on nature and creative activities – my kid comes home talking about plants, gardening, and all the fun workshops they get to do. The staff is super friendly and caring, and it’s clear they’re passionate about what they do. It is very refreshing to see a daycare that’s all about learning through nature and creativity. Highly recommend it for parents looking for something different and meaningful!"", ""date"": ""a year ago""}, {""author"": ""Saba Mumtaz"", ""rating"": 5, ""text"": ""My experience with Little Leaf has been very positive. From a daycare perspective, I believe it is an excellent option for parents, as the children receive very good care and attention."", ""date"": ""2 months ago""}]",https://lh3.googleusercontent.com/gps-cs-s/AHVAweoYB3yOc6cwzEg56MUTqN9NZKhUY8r0yHmfDSEfya9OVWgVHW6by7sG36eRvL4gka1s9uP4-kRQ7sb0c9z6pJvLEi820VNJ20G7uuAv82IACPF4pyWM7ZxTbgEo5rkV-UJd046K=w1200-h800|https://lh3.googleusercontent.com/gps-cs-s/AHVAweqmjDDN_IZhJkHbW56agLRzL2F4bZjcrSHLgriTpAki5QOy2wKodE8V6IwNGskRY8pf9pqFu9DrQfImatD10S7phgfBjbjqsRy2tYw_TdMNpszEKw_Bfx90npEHp5ulwZ8ISciB=w1200-h800|https://lh3.googleusercontent.com/a/ACg8ocLAHBlLUcsUfLH172HqGF79zmw1QclBILTV4UeKiDj_iEa9Dw=w1200-h800|https://lh3.googleusercontent.com/a-/ALV-UjXKgqjQTs44HBmKVNyFJvoG6S_o9AXFq_K65GRnnNlWj6owH7zm=w1200-h800
Home Nursing Patients Care Services Islamabad & Rawalpindi,"H8/1, Bahria Town Phase III Phase 3 Bahria Town, Rawalpindi, 44000, Pakistan",Islamabad,Bahria Town Phase 3,+92 305 7882422,https://hamdardcare.online/,4.4,13,33.5544428,73.1172612,ChIJSVCvqM1AHYYR1ghif48EVG4,,https://www.google.com/maps/place/Home+Nursing+Patients+Care+Services+Islamabad+%26+Rawalpindi/data=!4m7!3m6!1s0x861d40cda8af5049:0x6e54048f7f6208d6!8m2!3d33.5544428!4d73.1172612!16s%2Fg%2F11w3rbgg31!19sChIJSVCvqM1AHYYR1ghif48EVG4?authuser=0&hl=en&rclk=1,child care center Islamabad,Nursing home,{},"[{""author"": ""Kiran Sehzadi"", ""rating"": 5, ""text"": ""We have nursing services from Hamdard care Nursing staff is very good for care our patient Checking BP Sugar check of patient on daily And they are very expert in applying iv injection  And two to three times daily, patient performs physiotherapy. Our patient is recovering well With Staff Good care We are very Sitesefide  with Nursing service of Hamdard Care Thank you so much Hamdard care"", ""date"": ""11 months ago""}, {""author"": ""Kiran Sehzadi"", ""rating"": 5, ""text"": ""We have nursing services from Hamdard care Nursing staff is very good for care our patient Checking BP Sugar check of patient on daily And they are very expert in applying iv injection  And two to three times daily, patient performs physiotherapy. Our patient is recovering well With Staff Good care We are very Sitesefide  with Nursing service of Hamdard Care Thank you so much Hamdard care"", ""date"": ""11 months ago""}, {""author"": ""Muhammad Shahbaz"", ""rating"": 5, ""text"": ""\""We engaged the services of the nursing staff from Hamdard Care. Their dedicated day and night nursing care, coupled with excellent physiotherapy, has enabled my father to make a full recovery. We extend our heartfelt gratitude to the entire team at Hamdard Care."", ""date"": ""a year ago""}, {""author"": ""Muhammad Shahbaz"", ""rating"": 5, ""text"": ""\""We engaged the services of the nursing staff from Hamdard Care. Their dedicated day and night nursing care, coupled with excellent physiotherapy, has enabled my father to make a full recovery. We extend our heartfelt gratitude to the entire team at Hamdard Care."", ""date"": ""a year ago""}, {""author"": ""Muneeb M"", ""rating"": 5, ""text"": ""We hired a nursing staff from the Hamdard Care Agency for our patient The staff of the Hamdard Care Agency was very professional Nurse who should do good to our patient that the physio of hygiene manage gave them medicine, fed them food and Care her like a family's duty We are getting very much thankful"", ""date"": ""9 months ago""}]",https://lh3.googleusercontent.com/gps-cs-s/AHVAweoSpaPKcFiuFHqk8DXLT1vPIUNucZAdzjLYOL1ruaG2LoplzNFDnbwhXzGe6TgRYMUYa_LTjvxvRAcn28z65Y9n38tG2OfixjPA8RBM_hbZJpsmbbngxDxorFjtboT_6E9R5ygw=w1200-h800|https://lh3.googleusercontent.com/gps-cs-s/AHVAwepVjY9CxF0L86rqMBpVqEPTKO8vElCp_lNCvTli0ORtpy6myC4NxTi5k30yrIMYngh4m3mkLoC_x5gzlJDGrRPXrlXzmNMrBcZyIqU-GEXAbFoa8GnmU-JeUi-5rlCbi8NkE0mv=w1200-h800|https://lh3.googleusercontent.com/a/ACg8ocJ8jA4dSAkH4l5Nh6GvJ1o6dX27c78vGPM-iuBEKFgglVL1GA=w1200-h800|https://lh3.googleusercontent.com/a/ACg8ocIgdk0VlPFs7Oo7sRPi-bGUJpzRP95J7yr-EI0lA1g5v7GFnQ=w1200-h800
"Small Steps Everyday, Toddlers Day Care, Academy, Montessori","House no, 668 St. 137, D-12/4 D 12/4 D-12, Islamabad, Pakistan",Islamabad,D 12/4,+92 331 4872149,,4.8,17,33.7009573,72.9534208,ChIJz1ARc9G93zgR08i5ITo4MA8,,"https://www.google.com/maps/place/Small+Steps+Everyday,+Toddlers+Day+Care,+Academy,+Montessori/data=!4m7!3m6!1s0x38dfbdd1731150cf:0xf30383a21b9c8d3!8m2!3d33.7009573!4d72.9534208!16s%2Fg%2F11x1w1jbjy!19sChIJz1ARc9G93zgR08i5ITo4MA8?authuser=0&hl=en&rclk=1",child care center Islamabad,Education center,{},"[{""author"": ""Afrah Khan"", ""rating"": 5, ""text"": ""it's best place for kids. We've had a wonderful experience. The environment is safe, clean, and thoughtfully organized to support learning and play."", ""date"": ""8 months ago""}, {""author"": ""Afrah Khan"", ""rating"": 5, ""text"": ""it's best place for kids. We've had a wonderful experience. The environment is safe, clean, and thoughtfully organized to support learning and play."", ""date"": ""8 months ago""}, {""author"": ""Abdullah Masud"", ""rating"": 5, ""text"": ""Enthusiastic teachers, friendly environment, caring people. Rest assured your kids are in good hands. Learn, play, dream."", ""date"": ""8 months ago""}, {""author"": ""Abdullah Masud"", ""rating"": 5, ""text"": ""Enthusiastic teachers, friendly environment, caring people. Rest assured your kids are in good hands. Learn, play, dream."", ""date"": ""8 months ago""}, {""author"": ""Lubna Bokhari"", ""rating"": 4, ""text"": ""Trustworthy, reliable and safe. Treats children like their own. Excellent service. Professional."", ""date"": ""8 months ago""}]",https://lh3.googleusercontent.com/gps-cs-s/AHVAwepi8mO1gHc2hZvjKOiImnmrl_T-rYLlzo3zQ7LiXDkmgEPDAjMeAOeixlU8Nhymc53LNq9xXoC-g87Aic5TCfcl0UWEGabNpK05PCH9lrS6jKxilXlwJW_8_hykeDp1H4XbcH1F=w1200-h800|https://lh3.googleusercontent.com/gps-cs-s/AHVAweos0-bWYCYN_BTtZmA3GDuufPoNvsijjFgEOlJKni8zEvAIZ3RIl6wnVUsAdDnxi9EiJnEmKOxVndKCfIr7TYnw6BqDUAgT2OAfDYaVfnJUud13wuBR4jCwoITI7RBSdf95sXvhSNkUTR99=w1200-h800|https://lh3.googleusercontent.com/gps-cs-s/AHVAweryG2yjRJMGjQ5CdIAIUhzBSFYIBVBAmvjcnb_Wempp5NknyAvjuhVutkwE26pnpRBcQ_7L-T2mXr0Ag3Z1kfhYjBOwUDO10So828hKH8qFMX5ndU3EKq_EVXfA770TZwCGMFCULA=w1200-h800|https://lh3.googleusercontent.com/gps-cs-s/AHVAweqr70sw_OQzxT_NSSC6mU4RLBNsdRYThNjgypfoOMT77mhkf1L7r4OhRZ_dxySEaPHPQb4JvEPDhplnA0ATHV-ArbYCm6DkDbqQGf0njC9KQldGfzy9ZtR8WINnjAI2784LlHZHPg=w1200-h800
Revival International School System,"Sector O-9 Block B Police Foundation, Rawalpindi, Pakistan",Rawalpindi,Police Foundation,+92 51 8485700,https://revival.edu.pk/,0,0,33.5675093,73.1322933,ChIJc9wVxjLt3zgRq0manIzCb8g,,https://www.google.com/maps/place/Revival+International+School+System/data=!4m7!3m6!1s0x38dfed32c615dc73:0xc86fc28c9c9a49ab!8m2!3d33.5675093!4d73.1322933!16s%2Fg%2F11jk4shkr3!19sChIJc9wVxjLt3zgRq0manIzCb8g?authuser=0&hl=en&rclk=1,playschool Islamabad,General education school,{},[],https://lh3.googleusercontent.com/gps-cs-s/AHVAwepIMov_WAXLPUbIVd5wd4Gz4qDA1vTR3xhtMdHCEEeeE13PnugfjQQ8KdyItWFs3ooBEkC5lefeOhXACtKlva2IwwO_qwBwZexxGWded-x3C7xVDDyX44LdTyJ68ZNG5Sude7nFBw=w1200-h800|https://lh3.googleusercontent.com/gps-cs-s/AHVAwer58rrimk3gCP3EsGyZt7RIdc5kExFb1ddaxCYjGZrUPN3mpR2arrn_ytR61Bro-MSjDqbe63-EPZN9-kPuP5Qb-9cQyINLBoS75-bBnhhTCLl7AYGYR-XDt-f6XGmQxJvQG-JU=w1200-h800|https://lh3.googleusercontent.com/gps-cs-s/AHVAweppShS-b3tar0xxHHS8Y0N_eTT8GVU0juaO1qDEeubnUpB5TYFtxPMfjyqGLrzWeO_nKA40ZyQUs0zSbZE4d20TMS59LfGT7QOcyu5WBJ6vggdpcm6ZcTkxMVSjkKkIWVJeNogpiw=w1200-h800|https://lh3.googleusercontent.com/gps-cs-s/AHVAweo-Pf1KqP5XW1t6gBQ9CwuChangytNngJhy2PQ5J_jXFLJ5wbiezspGavwz7nh3-s8lmDP6hBGChYL1GPB91vELUHqZdVTJbxgK92aY1-cD79ZIIonTNjnO-mVictjz1O2vxI-9kqaqK_c=w1200-h800
The Creative Schools Ishaq Campus,"Street 1, House 19, Block D, Soan, Gardens, Islamabad, 44000, Pakistan",Islamabad,"Soan, Gardens",+92 306 6156143,http://www.thecreativeschools.pk/,4.8,17,33.5616154,73.1489186,0x38dfed130861e369:0,,"https://www.google.com/maps/place/The+Creative+Schools+Ishaq+Campus/@33.5616154,73.1489186,17z/data=!3m1!4b1!4m6!3m5!1s0x38dfed130861e369:0xfeafecbe3006fc00!8m2!3d33.5616154!4d73.1489186!16s%2Fg%2F11rhnsjjch?authuser=0&hl=en&entry=ttu&g_ep=EgoyMDI2MDQwMS4wIKXMDSoASAFQAw%3D%3D",playschool Islamabad,Educational institution,{},"[{""author"": ""Kiran Khan"", ""rating"": 5, ""text"": ""\""My school is amazing! The teachers are super supportive and knowledgeable. The staff is friendly and helpful. I love learning new things and the school environment is great. Overall, it's a fantastic place to learn and grow, and I feel lucky to be a part of it!\""🥰♥️ …"", ""date"": ""5 months ago""}, {""author"": ""Kiran Khan"", ""rating"": 5, ""text"": ""\""My school is amazing! The teachers are super supportive and knowledgeable. The staff is friendly and helpful. I love learning new things and the school environment is great. Overall, it's a fantastic place to learn and grow, and I feel lucky to be a part of it!\""🥰♥️ …"", ""date"": ""5 months ago""}, {""author"": ""Hashim Khan"", ""rating"": 1, ""text"": ""My school is great and amazing to learn and grow,with a large and beautiful campus,and helpfull,caring teachers.The spacious playground allow for lots of fun during breaks and the classrooms are modern and well equipped . students are enjoying a positive environment where they can make friends , participate in various activities ,and receive a high -quality education.💯💗"", ""date"": ""5 months ago""}, {""author"": ""Hashim Khan"", ""rating"": 1, ""text"": ""My school is great and amazing to learn and grow,with a large and beautiful campus,and helpfull,caring teachers.The spacious playground allow for lots of fun during breaks and the classrooms are modern and well equipped . students are enjoying a positive environment where they can make friends , participate in various activities ,and receive a high -quality education.💯💗"", ""date"": ""5 months ago""}, {""author"": ""Ahmed"", ""rating"": 5, ""text"": ""Greatest school in soan garden.\nteachers are very Helpful, Activities\nComputer lab, Chemistry lab , library You find everything in this school thats why this is the best school in soan"", ""date"": ""5 months ago""}]",https://lh3.googleusercontent.com/gps-cs-s/AHVAweocbOJeE3AnFvDe_BJRExaO6nljWXVOWiJyvabrlsu-YdPW2jTAc6i5CjrkviH4G_ydLgf_Q5hVpo9G7_L5C7xPAo710kL3AkPYJxnLuRt0QP6D4s2u5Sb_o1Gyz1m6SK7xdCLvHa-V08S2=w1200-h800|https://lh3.googleusercontent.com/gps-cs-s/AHVAwepw6Fqb0RNy5vAQrwS3Pc7Y8OfXJzqQJeU9bsQDP9IFTBITLfZFL0Dvgzsx7Xa0_BLQUvBuXLP7hymn8jSWtZZg3ZzLgdVSOePcHx8pRJRXQP7AN7_hQLpblYQ8zqdT1FnN2ncNht-OlfY-=w1200-h800|https://lh3.googleusercontent.com/a/ACg8ocIgJGv9SOp9OasZdmHll4ezix1YnTRRlNnTGLG8SXeiTCcQew=w1200-h800|https://lh3.googleusercontent.com/a/ACg8ocJ656kr1GfzpxDtyIwDvW-SJuUZpePMRtlFAbWNAbRioir_zA=w1200-h800
Tuition Center PlayGroup to 7th class,"Haq Plaza, Street 25, Pakistan Town Phase 1 Pakistan Town, Islamabad, 45720, Pakistan",Islamabad,Pakistan Town Phase 1,+92 308 5299790,https://business.google.com/create?fp=13079063376680613945&hl=en&authuser=0&gmbsrc=-en-et-ip-z-gmb-s-z-l~mrc%7Cclaimbz%7Cu&ppsrc=GMBMI&utm_campaign=-en-et-ip-z-gmb-s-z-l~mrc%7Cclaimbz%7Cu&utm_source=gmb_mrc81&utm_medium=et&getstarted&lis=0,5,2,33.5745563,73.1424878,0x38dfeded45a99163:0,,"https://www.google.com/maps/place/Tuition+Center+PlayGroup+to+7th+class/@33.5745563,73.1424878,17z/data=!3m1!4b1!4m6!3m5!1s0x38dfeded45a99163:0xb5822ad861de7839!8m2!3d33.5745563!4d73.1424878!16s%2Fg%2F11q45hbx07?authuser=0&hl=en&entry=ttu&g_ep=EgoyMDI2MDQwMS4wIKXMDSoASAFQAw%3D%3D",playschool Islamabad,Education center,{},"[{""author"": ""Minahil khan"", ""rating"": 5, ""text"": ""This tuition center is very affordable & fully secured for our children"", ""date"": ""4 years ago""}, {""author"": ""Minahil khan"", ""rating"": 5, ""text"": ""This tuition center is very affordable & fully secured for our children"", ""date"": ""4 years ago""}, {""author"": ""Guide To Pakistan"", ""rating"": 5, ""text"": ""Best Price with best services..Keep it up..."", ""date"": ""4 years ago""}, {""author"": ""Guide To Pakistan"", ""rating"": 5, ""text"": ""Best Price with best services..Keep it up..."", ""date"": ""4 years ago""}]",https://lh3.googleusercontent.com/gps-cs-s/AHVAwepdy2yDX-gSju_Ck5uljAZdg5bX27skpEM-Xx29i03xsuegg8O62DMYUwYjvu88ROuXx97mUpRTH4RWkHYkeZEFB95K_Uk0tk7ZTv_ZvL7Z5coI2bjMV9e6w6sYslXYoVHqJgNrlw=w1200-h800|https://lh3.googleusercontent.com/gps-cs-s/AHVAweqZmRsamxHPlQiyqaAyXc-rl-DlHkmXZbQd2Q_4dlmncuG0XJJjXkl7iiMj8Cpj8Bb833jPLV_y0QXWIbFO4b_Gtboas8uxRv_RRd_sF9gZAAcRxBE2BNnR1rXzNcDtrTR45LEv=w1200-h800|https://lh3.googleusercontent.com/a-/ALV-UjXD0BziljFJFtuRQ-Xx7cJ2Z3rjjPKbBeznC1S6bSKUKm4b87Y=w1200-h800|https://lh3.googleusercontent.com/a-/ALV-UjXDB5YX7R4rX8IC8WKRVGKBq0N26UItVBIYbu-bVsv21preUOs=w1200-h800
Toddlers International School Rawalpindi Campus,"Guldar Plaza, Shalimar Market, Street 15, Sector 1 Airport Housing Society, Rawalpindi, Pakistan",Rawalpindi,Airport Housing Society,+92 303 6669846,https://business.google.com/create?fp=4544816665711997286&hl=en&authuser=0&gmbsrc=-en-et-ip-z-gmb-s-z-l~mrc%7Cclaimbz%7Cu&ppsrc=GMBMI&utm_campaign=-en-et-ip-z-gmb-s-z-l~mrc%7Cclaimbz%7Cu&utm_source=gmb_mrc81&utm_medium=et&getstarted&lis=0,5,3,33.5896578,73.1301515,0x38dfed729cdf5e91:0,,"https://www.google.com/maps/place/Toddlers+International+School+Rawalpindi+Campus/@33.5896578,73.1301515,17z/data=!3m1!4b1!4m6!3m5!1s0x38dfed729cdf5e91:0x3f126ead9109f166!8m2!3d33.5896578!4d73.1301515!16s%2Fg%2F11l29ztprx?authuser=0&hl=en&entry=ttu&g_ep=EgoyMDI2MDQwMS4wIKXMDSoASAFQAw%3D%3D",playschool Islamabad,Nursery school,{},"[{""author"": ""Hafeez ullah"", ""rating"": 5, ""text"": ""My experience is 10 years old"", ""date"": ""a year ago""}, {""author"": ""Hafeez ullah"", ""rating"": 5, ""text"": ""My experience is 10 years old"", ""date"": ""a year ago""}, {""author"": ""Millat Town"", ""rating"": 5, ""text"": """", ""date"": ""a year ago""}, {""author"": ""Millat Town"", ""rating"": 5, ""text"": """", ""date"": ""a year ago""}, {""author"": ""Fazal Abid"", ""rating"": 5, ""text"": """", ""date"": ""2 years ago""}]",https://lh3.googleusercontent.com/gps-cs-s/AHVAweoLnK9jPIrJ4LSlHZItnD5AtAW2LA7xxRd3XYo7ReMZZCagGrUcwefkCcVBueXTbpVUGtjqCYgRcpOTI3l0g36O9X4w6grsoSFcL9iEy6KtNoThGdYO3aqfDO7Z6j-h9zxQd1Ne=w1200-h800|https://lh3.googleusercontent.com/gps-cs-s/AHVAwerGV6Kgn0XiafAXDNm8aADdix0vzYVcWlNVJD_EWhZyPU2vacYIZwqyQGRoEd6wRgJLiR3CngL90KpqcceP765i5KCgSMuQbXr7XumBuQvK7yUlAI6nPJywc2pNkNCiWU1m2rDGBQ=w1200-h800|https://lh3.googleusercontent.com/a-/ALV-UjXSuEeavH4wwJFgFYPsJmMHQ9U79Wg_A3aoKW6dLGOlD_-sWr1r=w1200-h800|https://lh3.googleusercontent.com/a/ACg8ocJNf-6Cm1FdTRtub6ziIIg8W_s5Ekhhp2ebblHGOkPdOfhogw=w1200-h800
The Fortune International School System,"Main Street Pakistan Town Phase 2 Rd, Phase 2 Islamabad, 45720, Pakistan",Islamabad,Pakistan Town,+92 51 6148890,https://www.tfiss.com/,0,0,33.5618507,73.142879,0x38dfedec03888e53:0,,"https://www.google.com/maps/place/The+Fortune+International+School+System/@33.5618507,73.142879,17z/data=!3m1!4b1!4m6!3m5!1s0x38dfedec03888e53:0xcf26e9a89996ab60!8m2!3d33.5618507!4d73.142879!16s%2Fg%2F11vk7xnylc?authuser=0&hl=en&entry=ttu&g_ep=EgoyMDI2MDQwMS4wIKXMDSoASAFQAw%3D%3D",playschool Islamabad,Preschool,{},[],https://lh3.googleusercontent.com/gps-cs-s/AHVAweqgVnylfgiJMf8NwbrAJBOcs67MUzgdtHzBr3hY94pCBenoj6FasFxkZQiF4Ee-yyoTfM3QsBhaHC7IpUQpOq_G6q4xpVKWJRldj8MYcKMoulVOEy7gLm_yP6XwPbSVbmH79Kkz=w1200-h800|https://lh3.googleusercontent.com/gps-cs-s/AHVAweoVwDkg8e9UaDMV8iSBooU0jKvE2he4EGxj0HQLBm7th7goMwd2dIjTKI1uVH2GlhQJL6_R1_ql3jjvhFF9Ww4My9TV5_sFOhJW2CrhTOMc4sEW9JND5nxX9UJ-LB-WWPUhDH_y=w1200-h800|https://lh3.googleusercontent.com/gps-cs-s/AHVAwep5isIN0pt4s_CPQ73izfgVr97Uwpb5wGJpUp8SuVZETQJ4iPWpx4NPbQBXskfKGjk_YuzwC7XXUpyJktIU9HlEBSxGPz-i9uSm-asLJLJ4lFGYKjMA8f_0NKAhB67etd86B2iYZwnLR_o=w1200-h800|https://lh3.googleusercontent.com/gps-cs-s/AHVAwep0Ry6vzLBuuZDkwKiflRU9EbvKgkjWkHbECjtQwA-J0yP5LqPB-CkI_dRoqRYYkxjQp7B3Be9t7YsGcshfP5ohNseanXX7LAISfKrbPvg9G3SKW0SDBIWIuw84PCfH7pdN97HB=w1200-h800
The Creative Schools- PWD Campus,"Building 59, Street 01 PWD, Housing Society, Islamabad, 45720, Pakistan",Islamabad,PWD,+92 300 0344782,https://www.thecreativeschools.pk/,5,30,33.5716587,73.1440282,0x38dfed8023ff53b5:0,,"https://www.google.com/maps/place/The+Creative+Schools-+PWD+Campus/@33.5716587,73.1440282,17z/data=!3m1!4b1!4m6!3m5!1s0x38dfed8023ff53b5:0xe564cd4717abc3dc!8m2!3d33.5716587!4d73.1440282!16s%2Fg%2F11rxwsnb82?authuser=0&hl=en&entry=ttu&g_ep=EgoyMDI2MDQwMS4wIKXMDSoASAFQAw%3D%3D",playschool Islamabad,Educational institution,{},"[{""author"": ""Marya Khan"", ""rating"": 5, ""text"": ""I am impressed with the school's commitment to providing a nurturing and inclusive environment for our students. The faculty and staff have worked tirelessly to ensure that our students receive a well-rounded education, and their efforts are evident in the progress and achievements of our students.\n\nI appreciate the opportunities for professional development and collaboration among colleagues, which have helped me grow as an educator. The school's emphasis on innovation and creativity in teaching practices is also commendable.\n\nI wish the school continued success and growth, and no doubt we are having the best and most humblest personalities  like Ma’am Madiha and Sir Hammad,  both of them worked really hard for the well being of the institution. I wish and prayed this school will be flourished and got many more success."", ""date"": ""3 months ago""}, {""author"": ""Marya Khan"", ""rating"": 5, ""text"": ""I am impressed with the school's commitment to providing a nurturing and inclusive environment for our students. The faculty and staff have worked tirelessly to ensure that our students receive a well-rounded education, and their efforts are evident in the progress and achievements of our students.\n\nI appreciate the opportunities for professional development and collaboration among colleagues, which have helped me grow as an educator. The school's emphasis on innovation and creativity in teaching practices is also commendable.\n\nI wish the school continued success and growth, and no doubt we are having the best and most humblest personalities  like Ma’am Madiha and Sir Hammad,  both of them worked really hard for the well being of the institution. I wish and prayed this school will be flourished and got many more success."", ""date"": ""3 months ago""}, {""author"": ""Adil Jeelani"", ""rating"": 5, ""text"": ""I am truly impressed with The Creative Schools. It is one of the best institutions for children because it focuses not only on academics but also on building real-life skills. One thing that makes this school stand out is their Entrepreneurship subject. It teaches students confidence, creativity, leadership and practical thinking from a young age."", ""date"": ""3 months ago""}, {""author"": ""Adil Jeelani"", ""rating"": 5, ""text"": ""I am truly impressed with The Creative Schools. It is one of the best institutions for children because it focuses not only on academics but also on building real-life skills. One thing that makes this school stand out is their Entrepreneurship subject. It teaches students confidence, creativity, leadership and practical thinking from a young age."", ""date"": ""3 months ago""}, {""author"": ""Nida shah"", ""rating"": 5, ""text"": ""I truly appreciate this school because it provides skill-based learning that helps students grow with confidence. The environment is not only peaceful but also highly professional, allowing children to learn with focus and comfort.\nThe teachers are supportive, well-trained, and dedicated to every child’s progress. The school’s discipline, modern teaching methods, and strong communication with parents make it stand out."", ""date"": ""3 months ago""}]",https://lh3.googleusercontent.com/gps-cs-s/AHVAweqe2CcKds3b1w_7r5EweclS96907l_Lbsk9cIqqsBLV3GAJouSztY-bAIzAon3WaRPeuWWO7hZBbYSd2HR7CN-RBvAXRNNm0DVO1dxeH3Zgtednfe-AUOTjMpzQVuqlAX5rNJLhYA=w1200-h800|https://lh3.googleusercontent.com/gps-cs-s/AHVAwep-NL8gO7ZCU-2LvG_wVIGlq6efG7rqv8DBjc0mwHJhcRl88w39L6lrhqmbEqkWPFvxLqWYzSFZppWUnzDeF0LuFkGNs2t1dl-T5MFnDbyalnAVQvNv0JpxiZX-02zjngRKgEcw=w1200-h800|https://lh3.googleusercontent.com/gps-cs-s/AHVAweoHtnhJJ_7eoHIaDiXAX-XJWQfv9nFraieQbF-IxjlGRyD7xWlgSV33VP2Aemxjcg5CVGmP6kyE20flM3ZVzWTxhC92CuYKTumZ4iGNNeNZvPSzkTN8wnfkJKGyJbz3x_UVj7XYZx4cSaeO=w1200-h800|https://lh3.googleusercontent.com/gps-cs-s/AHVAwerU1q9tO9jHSrwptPF6_K41NVE-CQ3pNYD7KogBjPjeXIXkLm2-mezL-6OILzOIgREX3fwgMMw5-LmJ83G6zgKXi_7i4ZRJJxY2GZSet9sDXA5tXwxaFedohr-fDetI1xI_v4ih-ojC3iF5=w1200-h800
The Ray of Knowledge,"484 Street 26, CBR Town Phase I Block C Block C CBR Town, Islamabad, Pakistan",Islamabad,CBR,+92 334 5771575,https://business.google.com/create?fp=16014334536262074416&hl=en&authuser=0&gmbsrc=-en-et-ip-z-gmb-s-z-l~mrc%7Cclaimbz%7Cu&ppsrc=GMBMI&utm_campaign=-en-et-ip-z-gmb-s-z-l~mrc%7Cclaimbz%7Cu&utm_source=gmb_mrc81&utm_medium=et&getstarted&lis=0,4.9,17,33.557113,73.141821,ChIJIbtkE_jt3zgRMMArxGlYPt4,,https://www.google.com/maps/place/The+Ray+of+Knowledge/data=!4m7!3m6!1s0x38dfedf81364bb21:0xde3e5869c42bc030!8m2!3d33.557113!4d73.141821!16s%2Fg%2F11j0jr84cp!19sChIJIbtkE_jt3zgRMMArxGlYPt4?authuser=0&hl=en&rclk=1,playschool Islamabad,Education center,{},"[{""author"": ""4 DEEWARI"", ""rating"": 5, ""text"": ""Thank you for creating a nurturing environment that fosters learning and innovation."", ""date"": ""7 months ago""}, {""author"": ""4 DEEWARI"", ""rating"": 5, ""text"": ""Thank you for creating a nurturing environment that fosters learning and innovation."", ""date"": ""7 months ago""}, {""author"": ""Zain Ul_Abdin"", ""rating"": 5, ""text"": ""The sir of this acdemy does not give water to students e"", ""date"": ""a year ago""}, {""author"": ""Zain Ul_Abdin"", ""rating"": 5, ""text"": ""The sir of this acdemy does not give water to students e"", ""date"": ""a year ago""}, {""author"": ""Ayaan"", ""rating"": 5, ""text"": ""Good Tuition. Highly recommend from playgroup to 2nd year."", ""date"": ""a year ago""}]",https://lh3.googleusercontent.com/gps-cs-s/AHVAweqBLLuk54zF7DUsZ8VKswmgw2Hg_EVo-S-SvqGqfNqpG0X1xE4IK8wiRfDlmiXQXDoCt_aMdc9nAsYkWgSnuselx_UJniSp__2MEEoEhJV-wqjXuZVvSVli8OEswHxWpnqk9pY=w1200-h800|https://lh3.googleusercontent.com/gps-cs-s/AHVAweoKlOLe4rhNO8TCjat53oZnhCNC8xVfX0ePGzutdJto854h58hmrpG0epttIXTXUd0GnxBQ3vbWCThYkrxs3HtqDaNsNk_6PpEgLJfkHkD_gtGM1x-KmzZjA5DpzQiFYW2I-wM=w1200-h800|https://lh3.googleusercontent.com/a-/ALV-UjXta1VcqmiCksxIgYTA2oDaHLIwMxjyJjL1RNuWJLexlOPbJIaC=w1200-h800|https://lh3.googleusercontent.com/a/ACg8ocL_xZqZ5efx7msH9iSfXgmE3qICpUlWKQnnVaMJWTL5Re7PmA=w1200-h800
Ayubian Montessori & School,"house#9 Bloan road Soan garden Block-B, Islamabad, Pakistan",Islamabad,Soan Gardens,+92 331 5002131,https://business.google.com/create?fp=5473879609361156863&hl=en&authuser=0&gmbsrc=-en-et-ip-z-gmb-s-z-l~mrc%7Cclaimbz%7Cu&ppsrc=GMBMI&utm_campaign=-en-et-ip-z-gmb-s-z-l~mrc%7Cclaimbz%7Cu&utm_source=gmb_mrc81&utm_medium=et&getstarted&lis=0,3,3,33.5663451,73.1506933,0x38dfed8030861b11:0,,"https://www.google.com/maps/place/Ayubian+Montessori+%26+School/@33.5663451,73.1506933,17z/data=!3m1!4b1!4m6!3m5!1s0x38dfed8030861b11:0x4bf72080bb39caff!8m2!3d33.5663451!4d73.1506933!16s%2Fg%2F11lgrpl2mw?authuser=0&hl=en&entry=ttu&g_ep=EgoyMDI2MDQwMS4wIKXMDSoASAFQAw%3D%3D",playschool Islamabad,Religious school,{},[],https://lh3.googleusercontent.com/gps-cs-s/AHVAweryRBm0xLZ7eWxEOah20Ey8U1zd6w6pIlbgYxuRG5HfDmZ-yHRP9TiCxsUpuTd-uHlMLhC_M5RXCjY7vEwDTx4pslHOLqHn9QL0RUKV7A5t37EjByNBU5cXkysP1UrtydL9dvWj=w1200-h800|https://lh3.googleusercontent.com/gps-cs-s/AHVAwepIz4yOFCnBq2zclqzCF7T9-2SuFVrC1uctf0Qmzm2Xd5O_VSArhQf0ZVfL1CT7cOGNSZRVyi1BCFvoANzBdyKj87BN3BswW1RD6TyoGObPWSapPdeBCTwn8b7ErTvNMyEM3mjH=w1200-h800|https://lh3.googleusercontent.com/gps-cs-s/AHVAwerSgd_x4-sAkIbZL2wCKFiq5v8nze-TavgGQYa_2njyypboXWQBu1pkNBLdDXJIRes-wY0AZjCUK8iieT3xBSYb65WcoW_JLWtpoWqONjuk6pKAkMNOa1L2w7-OyZ8NYxMAE2s=w1200-h800|https://lh3.googleusercontent.com/gps-cs-s/AHVAwerQeEQJPaNx3epVM_d33o2yqmSPFJ-TCdS09bnJ20hcwq3O-JgmugzUQjKsI0ObXn9uV48ysHmmxan2-heS4wdsY8708nbI3YIvrJnIZ1_x1KGA94lIMeI7JmsvSfxoCMg0FFjT=w1200-h800
Momentous Schools (NPF Campus),"Plot 1847 A 1 Rd, Block A Police Foundation, Rawalpindi, Pakistan",Islamabad,Police Foundation,+92 51 5708231,http://www.momentous.com.pk/,5,3,33.5648923,73.129504,0x38dfed2a7de7569d:0,,"https://www.google.com/maps/place/Momentous+Schools+(NPF+Campus)/@33.5648923,73.129504,17z/data=!3m1!4b1!4m6!3m5!1s0x38dfed2a7de7569d:0xcf89062dbabf3c3!8m2!3d33.5648923!4d73.129504!16s%2Fg%2F11j8633_yn?authuser=0&hl=en&entry=ttu&g_ep=EgoyMDI2MDQwMS4wIKXMDSoASAFQAw%3D%3D",playschool Islamabad,International school,{},[],https://lh3.googleusercontent.com/gps-cs-s/AHVAweozsq2nEo0MHeE6-pDhU01Ktz2-NstcmeELalL114QwoXxc8VyRc2XEh7RguhfouYeLn_aYi-ObcdpXLOY1oz_c-hADvOE-lpp8t7OD9TTKQTGVaVliq42STSyZJjnln9aV-eZQSA=w1200-h800|https://lh3.googleusercontent.com/gps-cs-s/AHVAweqCII7TJ0jzWTc9sx5VspXUN80kfpJUc2_w-v_Oi2hFEgKbCLLXRB3T6gl04aEcUSuBgvhuGEJngGoz_W7-x1Rgxbqp4JofsIXAWJDKaHvozs7qSzi1VP0Exz1sQKLPSoLX3ZtO=w1200-h800|https://lh3.googleusercontent.com/gps-cs-s/AHVAwepJ8gXMpuG2H1uDMv-EVQ81yDyuZskxeCGhulhdwTvWieUkDBQGCURo2tI8sWleuVlRy6-MU8C16_oNtnJE8o0_QIiImCu4GEuo65_oPGQQMm1SgqlX9WuBU5CcPpTQr0ZK6s21=w1200-h800|https://lh3.googleusercontent.com/gps-cs-s/AHVAweq9xpIAYAuwufSlA106YunzKj19I-t76ZP8KCS4H46ZTGzqOMraKa5U_ySxMcPd-eJ9i128dgGFBcwumunLKhggdvRjK-OPOijz3d0quLQ71UAwhEfCGblcUCa4FvTKtluSso27=w1200-h800
Rainbow Montessori and High School,"Harley Street Rawalpindi , 44000",Rawalpindi,,0331 5775711,https://www.facebook.com/p/Rainbow-Montessori-and-High-School-100077997900033/,0,0,33.5606396,73.1262546,ChIJPaFxAkHt3zgR-PYNWX-r0dQ,,https://www.google.com/maps/place/Rainbow+Montessori/data=!4m7!3m6!1s0x38dfed410271a13d:0xd4d1ab7f590df6f8!8m2!3d33.5606396!4d73.1262546!16s%2Fg%2F11myhr4vt9!19sChIJPaFxAkHt3zgR-PYNWX-r0dQ?authuser=0&hl=en&rclk=1,playschool Islamabad,Preschool,{},[],https://lh3.googleusercontent.com/gps-cs-s/AHVAwepDvpmpI2mHoQcawZAz5DshU3y75UASSuK49Ld98AHb5W81WSxXhkDscBn1DjvtpEoubTd1F5wPbnlPBRJ4xiItIq76pjzbjlP4znZHRExUb11egVSw_3PCEXmG1eBJlRfpE3FrX5LOJL0=w1200-h800|https://lh3.googleusercontent.com/gps-cs-s/AHVAwerTfjUE99F9anu_YCNt-dIsJ38t0F3kTgvfNy2iYWldSjKPw2BCNQpiUSGBK4UyQ8MDQwVs9guOBqEuQ4EVool8BpZUYK5yAfx4Q4_jyUy4Wd1pm468hemAv7yuPJoxscMa9QvsbJ61iKJp=w1200-h800